prefecture,name,yomi,lastname,firstname,last_kana,first_kana,age,party,recommended,status,previous,n_cand,win,votes,vshare,magnitude
北海道,高橋 はるみ,たかはし はるみ,高橋,はるみ,たかはし,はるみ,71,自民,NA,現,1,12,1,546118,21.51,3
北海道,田中 義人,たなか よしひと,田中,義人,たなか,よしひと,53,参政,NA,新,0,12,0,325070,12.8,3
北海道,小野寺 秀,おのでら まさる,小野寺,秀,おのでら,まさる,61,保守,NA,新,0,12,0,112076,4.41,3
北海道,後藤 朋子,ごとう ともこ,後藤,朋子,ごとう,ともこ,55,諸派,NA,新,0,12,0,13144,0.52,3
北海道,宮内 史織,みやうち しおり,宮内,史織,みやうち,しおり,33,共産,NA,新,0,12,0,147880,5.82,3
北海道,岩本 剛人,いわもと つよひと,岩本,剛人,いわもと,つよひと,60,自民,公明,現,1,12,1,333558,13.14,3
北海道,稲原 宗能,いなはら むねよし,稲原,宗能,いなはら,むねよし,36,諸派,NA,新,0,12,0,33038,1.3,3
北海道,鈴木 雅貴,すずき まさき,鈴木,雅貴,すずき,まさき,33,国民,NA,新,0,12,0,324272,12.77,3
北海道,勝部 賢志,かつべ けんじ,勝部,賢志,かつべ,けんじ,65,立憲,社民,現,1,12,1,501081,19.73,3
北海道,オカダ 美輪子,おかだ みわこ,オカダ,美輪子,おかだ,みわこ,45,維新,NA,新,0,12,0,56253,2.22,3
北海道,高杉 保次,たかすぎ やすじ,高杉,保次,たかすぎ,やすじ,56,諸派,NA,新,0,12,0,7420,0.29,3
北海道,野村パターソン 和孝,のむらぱたーそん かずたか,野村パターソン,和孝,のむらぱたーそん,かずたか,40,れいわ,NA,新,0,12,0,139301,5.49,3
青森,滝沢 求,たきさわ もとめ,滝沢,求,たきさわ,もとめ,66,自民,公明,現,2,5,0,197966,36.34,1
青森,福士 珠美,ふくし ますみ,福士,珠美,ふくし,ますみ,60,立憲,社民,新,0,5,1,214613,39.39,1
青森,加藤 勉,かとう つとむ,加藤,勉,かとう,つとむ,65,参政,NA,新,0,5,0,91083,16.72,1
青森,荻野 優子,おぎの ゆうこ,荻野,優子,おぎの,ゆうこ,33,共産,NA,新,0,5,0,32317,5.93,1
青森,佐々木 晃,ささき あきら,佐々木,晃,ささき,あきら,53,諸派,NA,新,0,5,0,8837,1.62,1
岩手,吉田 博信,よしだ ひろのぶ,吉田,博信,よしだ,ひろのぶ,59,諸派,NA,新,0,4,0,11676,2.03,1
岩手,横沢 高徳,よこさわ たかのり,横沢,高徳,よこさわ,たかのり,53,立憲,NA,現,1,4,1,278888,48.39,1
岩手,及川 泰輔,おいかわ たいすけ,及川,泰輔,おいかわ,たいすけ,46,参政,NA,新,0,4,0,106806,18.53,1
岩手,平野 達男,ひらの たつお,平野,達男,ひらの,たつお,71,自民,公明,元,3,4,0,178958,31.05,1
宮城,角野 為耶,すみの なすか,角野,為耶,すみの,なすか,35,諸派,NA,新,0,7,0,56242,5.53,1
宮城,石井 義人,いしい よしひと,石井,義人,いしい,よしひと,62,れいわ,NA,新,0,7,0,87720,8.62,1
宮城,石垣 のりこ,いしがき のりこ,石垣,のりこ,いしがき,のりこ,50,立憲,NA,現,1,7,1,367794,36.16,1
宮城,ローレンス 綾子,ろーれんす あやこ,ローレンス,綾子,ろーれんす,あやこ,55,参政,NA,新,0,7,0,181773,17.87,1
宮城,石川 光次郎,いしかわ みつじろう,石川,光次郎,いしかわ,みつじろう,58,自民,公明,新,0,7,0,293732,28.88,1
宮城,中村 高志,なかむら たかし,中村,高志,なかむら,たかし,65,無所,NA,新,0,7,0,17505,1.72,1
宮城,前田 太一,まえだ たいち,前田,太一,まえだ,たいち,39,諸派,NA,新,0,7,0,12473,1.23,1
秋田,本田 幸久,ほんだ ゆきひさ,本田,幸久,ほんだ,ゆきひさ,43,諸派,NA,新,0,4,0,6715,1.47,1
秋田,佐藤 美和子,さとう みわこ,佐藤,美和子,さとう,みわこ,65,参政,NA,新,0,4,0,60153,13.14,1
秋田,中泉 松司,なかいずみ まつじ,中泉,松司,なかいずみ,まつじ,46,自民,公明,元,1,4,0,171324,37.41,1
秋田,寺田 静,てらた しずか,寺田,静,てらた,しずか,50,無所,NA,現,1,4,1,219717,47.98,1
山形,芳賀 道也,はが みちや,芳賀,道也,はが,みちや,67,無所,国民,現,1,5,1,248864,46.81,1
山形,佐藤 友昭,さとう ともあき,佐藤,友昭,さとう,ともあき,52,参政,NA,新,0,5,0,66262,12.46,1
山形,大内 理加,おおうち りか,大内,理加,おおうち,りか,62,自民,公明,新,0,5,0,194478,36.58,1
山形,三井寺 修,みいでら おさむ,三井寺,修,みいでら,おさむ,45,共産,NA,新,0,5,0,17387,3.27,1
山形,大貫 学,おおぬき まなぶ,大貫,学,おおぬき,まなぶ,67,諸派,NA,新,0,5,0,4701,0.88,1
福島,大山 里幸子,おおやま りさこ,大山,里幸子,おおやま,りさこ,51,参政,NA,新,0,5,0,184286,21.48,1
福島,越智 寛之,おち ひろゆき,越智,寛之,おち,ひろゆき,51,諸派,NA,新,0,5,0,10070,1.17,1
福島,森 雅子,もり まさこ,森,雅子,もり,まさこ,60,自民,NA,現,3,5,1,327951,38.22,1
福島,石原 洋三郎,いしはら ようざぶろう,石原,洋三郎,いしはら,ようざぶろう,52,立憲,NA,新,0,5,0,309184,36.03,1
福島,遠藤 雄大,えんどう ゆうだい,遠藤,雄大,えんどう,ゆうだい,40,無所,NA,新,0,5,0,26632,3.1,1
茨城,桜井 祥子,さくらい しょうこ,桜井,祥子,さくらい,しょうこ,41,参政,NA,新,0,8,1,308772,24.8,2
茨城,牧山 康志,まきやま やすし,牧山,康志,まきやま,やすし,65,無所,NA,新,0,8,0,36529,2.93,2
茨城,石井 憲一郎,いしい けんいちろう,石井,憲一郎,いしい,けんいちろう,58,諸派,NA,新,0,8,0,15148,1.22,2
茨城,北崎 瀬里奈,きたさき せりな,北崎,瀬里奈,きたさき,せりな,35,維新,NA,新,0,8,0,102445,8.23,2
茨城,小沼 巧,おぬま たくみ,小沼,巧,おぬま,たくみ,39,立憲,NA,現,1,8,0,280716,22.55,2
茨城,上月 良祐,こうづき りょうすけ,上月,良祐,こうづき,りょうすけ,62,自民,公明,現,2,8,1,417601,33.55,2
茨城,高橋 誠一郎,たかはし せいいちろう,高橋,誠一郎,たかはし,せいいちろう,30,共産,NA,新,0,8,0,66866,5.37,2
茨城,酒井 明男,さかい あきお,酒井,明男,さかい,あきお,50,諸派,NA,新,0,8,0,16771,1.35,2
栃木,大森 紀明,おおもり のりあき,大森,紀明,おおもり,のりあき,54,参政,NA,新,0,6,0,181620,22.1,1
栃木,板津 由華,いたづ ゆか,板津,由華,いたづ,ゆか,37,立憲,NA,新,0,6,0,266042,32.37,1
栃木,高橋 克法,たかはし かつのり,高橋,克法,たかはし,かつのり,67,自民,公明,現,2,6,1,301373,36.67,1
栃木,福田 道夫,ふくだ みちお,福田,道夫,ふくだ,みちお,66,共産,NA,新,0,6,0,38102,4.64,1
栃木,高橋 真佐子,たかはし まさこ,高橋,真佐子,たかはし,まさこ,60,諸派,NA,新,0,6,0,16071,1.96,1
栃木,笠間 慎一郎,かさま しんいちろう,笠間,慎一郎,かさま,しんいちろう,76,無所,NA,新,0,6,0,18715,2.28,1
群馬,青木 ひとみ,あおき ひとみ,青木,ひとみ,あおき,ひとみ,44,参政,NA,新,0,7,0,260524,31.5,1
群馬,清水 真人,しみず まさと,清水,真人,しみず,まさと,50,自民,公明,現,1,7,1,288284,34.86,1
群馬,井田 雅彦,いだ まさひこ,井田,雅彦,いだ,まさひこ,49,諸派,NA,新,0,7,0,30273,3.66,1
群馬,高橋 保,たかはし たもつ,高橋,保,たかはし,たもつ,67,共産,NA,新,0,7,0,49347,5.97,1
群馬,河村 正剛,かわむら まさたけ,河村,正剛,かわむら,まさたけ,52,立憲,NA,新,0,7,0,163469,19.77,1
群馬,上楽 宗之,じょうらく むねゆき,上楽,宗之,じょうらく,むねゆき,46,諸派,NA,新,0,7,0,10571,1.28,1
群馬,辛嶋 美紀,からしま みき,辛嶋,美紀,からしま,みき,49,無所,NA,新,0,7,0,24497,2.96,1
埼玉,江原 久美子,えはら くみこ,江原,久美子,えはら,くみこ,54,国民,NA,新,0,15,1,535706,15.69,4
埼玉,津村 大作,つむら だいさく,津村,大作,つむら,だいさく,51,諸派,NA,新,0,15,0,7992,0.23,4
埼玉,伊藤 岳,いとう がく,伊藤,岳,いとう,がく,65,共産,NA,現,1,15,0,227488,6.66,4
埼玉,矢倉 克夫,やくら かつお,矢倉,克夫,やくら,かつお,50,公明,自民,現,2,15,0,441613,12.93,4
埼玉,武藤 かず子,むとう かずこ,武藤,かず子,むとう,かずこ,43,諸派,NA,新,0,15,0,83957,2.46,4
埼玉,増山 優花,ますやま ゆうか,増山,優花,ますやま,ゆうか,42,諸派,NA,新,0,15,0,25312,0.74,4
埼玉,高井 環,たかい たまき,高井,環,たかい,たまき,54,社民,NA,新,0,15,0,50335,1.47,4
埼玉,山田 信一,やまだ しんいち,山田,信一,やまだ,しんいち,54,諸派,NA,新,0,15,0,26469,0.78,4
埼玉,桜井 奈々絵,さくらい ななえ,桜井,奈々絵,さくらい,ななえ,50,れいわ,NA,新,0,15,0,198936,5.82,4
埼玉,熊谷 裕人,くまがい ひろと,熊谷,裕人,くまがい,ひろと,63,立憲,NA,現,1,15,1,480330,14.06,4
埼玉,龍野 真由美,りゅうの まゆみ,龍野,真由美,りゅうの,まゆみ,52,維新,NA,新,0,15,0,150475,4.41,4
埼玉,古川 俊治,ふるかわ としはる,古川,俊治,ふるかわ,としはる,62,自民,NA,現,3,15,1,573114,16.78,4
埼玉,大津 力,おおつ つとむ,大津,力,おおつ,つとむ,53,参政,NA,新,0,15,1,465278,13.62,4
埼玉,斉藤 嘉英,さいとう よしひで,斉藤,嘉英,さいとう,よしひで,52,無所,NA,新,0,15,0,19190,0.56,4
埼玉,石浜 哲信,いしはま てつのぶ,石浜,哲信,いしはま,てつのぶ,74,諸派,NA,新,0,15,0,129130,3.78,4
千葉,山本 なつみ,やまもと なつみ,山本,なつみ,やまもと,なつみ,36,れいわ,NA,新,0,16,0,186851,6.59,3
千葉,中谷 めぐ,なかや めぐ,中谷,めぐ,なかや,めぐ,43,参政,NA,新,0,16,0,405400,14.3,3
千葉,小林 修平,こばやし しゅうへい,小林,修平,こばやし,しゅうへい,34,諸派,NA,新,0,16,0,68363,2.41,3
千葉,大薄 裕也,おおすき ゆうや,大薄,裕也,おおすき,ゆうや,36,無所,NA,新,0,16,0,72154,2.55,3
千葉,中野 智彰,なかの ともあき,中野,智彰,なかの,ともあき,48,諸派,NA,新,0,16,0,15380,0.54,3
千葉,白石 ちよ,しらいし ちよ,白石,ちよ,しらいし,ちよ,49,共産,NA,新,0,16,0,135751,4.79,3
千葉,石井 準一,いしい じゅんいち,石井,準一,いしい,じゅんいち,67,自民,公明,現,3,16,1,431330,15.22,3
千葉,石塚 貞通,いしづか さだみち,石塚,貞通,いしづか,さだみち,58,維新,NA,新,0,16,0,123104,4.34,3
千葉,長浜 博行,ながはま ひろゆき,長浜,博行,ながはま,ひろゆき,66,立憲,NA,現,3,16,1,500096,17.64,3
千葉,小林 さやか,こばやし さやか,小林,さやか,こばやし,さやか,41,国民,NA,新,0,16,1,531580,18.75,3
千葉,小笠原 裕,おがさわら ひろし,小笠原,裕,おがさわら,ひろし,62,諸派,NA,新,0,16,0,8652,0.31,3
千葉,玉元 弘次,たまもと ひろつぐ,玉元,弘次,たまもと,ひろつぐ,63,諸派,NA,新,0,16,0,21569,0.76,3
千葉,橋本 直久,はしもと なおひさ,橋本,直久,はしもと,なおひさ,61,諸派,NA,新,0,16,0,22341,0.79,3
千葉,豊田 俊郎,とよだ としろう,豊田,俊郎,とよだ,としろう,72,自民,公明,現,2,16,0,277723,9.8,3
千葉,江田 良将,えだ よしまさ,江田,良将,えだ,よしまさ,48,諸派,NA,新,0,16,0,9476,0.33,3
千葉,大塚 京子,おおつか きょうこ,大塚,京子,おおつか,きょうこ,68,無所,NA,新,0,16,0,24810,0.88,3
東京,吉良 佳子,きら よしこ,吉良,佳子,きら,よしこ,42,共産,NA,現,2,32,1,562443,8.08,7
東京,山本 譲司,やまもと じょうじ,山本,譲司,やまもと,じょうじ,62,れいわ,NA,新,0,32,0,243092,3.49,7
東京,吉永 藍,よしなが あい,吉永,藍,よしなが,あい,50,無所,NA,新,0,32,0,15379,0.22,7
東京,土居 賢真,どい けんしん,土居,賢真,どい,けんしん,53,無所,NA,新,0,32,0,6636,0.1,7
東京,藤川 広明,ふじかわ ひろあき,藤川,広明,ふじかわ,ひろあき,53,諸派,NA,新,0,32,0,5125,0.07,7
東京,西 美友加,にし みゆか,西,美友加,にし,みゆか,53,社民,NA,新,0,32,0,80552,1.16,7
東京,小坂 英二,こさか えいじ,小坂,英二,こさか,えいじ,52,保守,NA,新,0,32,0,276097,3.97,7
東京,さや,さや,さや,NA,さや,NA,43,参政,NA,新,0,32,1,668568,9.6,7
東京,峰島 侑也,みねしま ゆうや,峰島,侑也,みねしま,ゆうや,35,諸派,NA,新,0,32,0,250539,3.6,7
東京,武見 敬三,たけみ けいぞう,武見,敬三,たけみ,けいぞう,73,自民,NA,現,5,32,0,355369,5.1,7
東京,奥村 政佳,おくむら まさよし,奥村,政佳,おくむら,まさよし,47,立憲,NA,現,1,32,0,368067,5.29,7
東京,牛田 茉友,うしだ まゆ,牛田,茉友,うしだ,まゆ,40,国民,NA,新,0,32,1,634304,9.11,7
東京,酒井 智浩,さかい ともひろ,酒井,智浩,さかい,ともひろ,55,諸派,NA,新,0,32,0,6292,0.09,7
東京,福村 康広,ふくむら やすひろ,福村,康広,ふくむら,やすひろ,68,諸派,NA,新,0,32,0,1494,0.02,7
東京,桑島 康文,くわじま やすふみ,桑島,康文,くわじま,やすふみ,64,諸派,NA,新,0,32,0,1611,0.02,7
東京,渋谷 莉孔,しぶや りく,渋谷,莉孔,しぶや,りく,40,諸派,NA,新,0,32,0,3885,0.06,7
東京,奥村 祥大,おくむら よしひろ,奥村,祥大,おくむら,よしひろ,31,国民,NA,新,0,32,1,585948,8.42,7
東京,吉田 綾,よしだ あや,吉田,綾,よしだ,あや,40,諸派,NA,新,0,32,0,128746,1.85,7
東京,鈴木 大地,すずき だいち,鈴木,大地,すずき,だいち,58,自民,NA,新,0,32,1,772272,11.09,7
東京,塩村 文夏,しおむら あやか,塩村,文夏,しおむら,あやか,47,立憲,NA,現,1,32,1,517885,7.44,7
東京,吉沢 恵理,よしざわ えり,吉沢,恵理,よしざわ,えり,55,無所,NA,新,0,32,0,34075,0.49,7
東京,市川 たけしま,いちかわ たけしま,市川,たけしま,いちかわ,たけしま,57,諸派,NA,新,0,32,0,3483,0.05,7
東京,川村 雄大,かわむら ゆうだい,川村,雄大,かわむら,ゆうだい,41,公明,NA,新,0,32,1,606181,8.71,7
東京,音喜多 駿,おときた しゅん,音喜多,駿,おときた,しゅん,41,維新,NA,前,1,32,0,382996,5.5,7
東京,平野 雨龍,ひらの うりゅう,平野,雨龍,ひらの,うりゅう,31,無所,NA,新,0,32,0,235411,3.38,7
東京,山尾 志桜里,やまお しおり,山尾,志桜里,やまお,しおり,50,無所,NA,新,0,32,0,106230,1.53,7
東京,千葉 均,ちば ひとし,千葉,均,ちば,ひとし,62,諸派,NA,新,0,32,0,32516,0.47,7
東京,増田 昇,ますだ のぼる,増田,昇,ますだ,のぼる,47,無所,NA,新,0,32,0,4169,0.06,7
東京,辻 健太郎,つじ けんたろう,辻,健太郎,つじ,けんたろう,39,諸派,NA,新,0,32,0,26675,0.38,7
東京,早川 幹夫,はやかわ みきお,早川,幹夫,はやかわ,みきお,77,諸派,NA,新,0,32,0,1805,0.03,7
東京,石丸 幸人,いしまる ゆきと,石丸,幸人,いしまる,ゆきと,52,諸派,NA,新,0,32,0,36169,0.52,7
東京,高橋 健司,たかはし けんじ,高橋,健司,たかはし,けんじ,54,無所,NA,新,0,32,0,8284,0.12,7
神奈川,綾 久,あや ひさし,綾,久,あや,ひさし,78,諸派,NA,新,0,16,0,23756,0.52,4
神奈川,三好 諒,みよし りょう,三好,諒,みよし,りょう,40,れいわ,NA,新,0,16,0,251192,5.53,4
神奈川,初鹿野 裕樹,はじかの ひろき,初鹿野,裕樹,はじかの,ひろき,48,参政,NA,新,0,16,1,577085,12.7,4
神奈川,浅賀 由香,あさか ゆか,浅賀,由香,あさか,ゆか,45,共産,NA,新,0,16,0,285221,6.28,4
神奈川,河合 道雄,かわい みちお,河合,道雄,かわい,みちお,35,諸派,NA,新,0,16,0,139475,3.07,4
神奈川,籠島 彰宏,かごしま あきひろ,籠島,彰宏,かごしま,あきひろ,36,国民,NA,新,0,16,1,731342,16.09,4
神奈川,みしま りえ,みしま りえ,みしま,りえ,みしま,りえ,64,無所,NA,新,0,16,0,33185,0.73,4
神奈川,脇 雅昭,わき まさあき,脇,雅昭,わき,まさあき,43,自民,NA,新,0,16,1,722917,15.9,4
神奈川,内海 聡,うつみ さとる,内海,聡,うつみ,さとる,50,諸派,NA,新,0,16,0,129978,2.86,4
神奈川,千葉 修平,ちば しゅうへい,千葉,修平,ちば,しゅうへい,53,維新,NA,新,0,16,0,240775,5.3,4
神奈川,金子 豊貴男,かねこ ときお,金子,豊貴男,かねこ,ときお,75,社民,NA,新,0,16,0,53153,1.17,4
神奈川,佐々木 さやか,ささき さやか,佐々木,さやか,ささき,さやか,44,公明,自民,現,2,16,0,571796,12.58,4
神奈川,牧山 弘恵,まきやま ひろえ,牧山,弘恵,まきやま,ひろえ,60,立憲,NA,現,3,16,1,731605,16.1,4
神奈川,堀川 圭輔,ほりかわ けいすけ,堀川,圭輔,ほりかわ,けいすけ,51,諸派,NA,新,0,16,0,34300,0.75,4
神奈川,畠山 貴弘,はたけやま たかひろ,畠山,貴弘,はたけやま,たかひろ,45,諸派,NA,新,0,16,0,11438,0.25,4
神奈川,佐久間 吾一,さくま ごいち,佐久間,吾一,さくま,ごいち,59,諸派,NA,新,0,16,0,8134,0.18,4
新潟,原田 公成,はらだ きみなり,原田,公成,はらだ,きみなり,68,諸派,NA,新,0,4,0,16604,1.52,1
新潟,平井 恵里子,ひらい えりこ,平井,恵里子,ひらい,えりこ,46,参政,NA,新,0,4,0,207786,19.04,1
新潟,中村 真衣,なかむら まい,中村,真衣,なかむら,まい,46,自民,公明,新,0,4,0,428167,39.24,1
新潟,打越 さく良,うちこし さくら,打越,さく良,うちこし,さくら,57,立憲,社民,現,1,4,1,438592,40.2,1
富山,田保 智世,たぼ ともよ,田保,智世,たぼ,ともよ,59,参政,NA,新,0,5,0,60173,12.45,1
富山,庭田 幸恵,にわた ゆきえ,庭田,幸恵,にわた,ゆきえ,57,国民,NA,新,0,5,1,198300,41.04,1
富山,佐藤 明,さとう あきら,佐藤,明,さとう,あきら,50,諸派,NA,新,0,5,0,6253,1.29,1
富山,堂故 茂,どうこ しげる,堂故,茂,どうこ,しげる,72,自民,公明,現,2,5,0,190333,39.39,1
富山,坂本 洋史,さかもと ひろし,坂本,洋史,さかもと,ひろし,54,共産,NA,新,0,5,0,28176,5.83,1
石川,村田 茂,むらた しげる,村田,茂,むらた,しげる,62,共産,NA,新,0,5,0,30101,5.79,1
石川,宮本 周司,みやもと しゅうじ,宮本,周司,みやもと,しゅうじ,54,自民,公明,現,3,5,1,209586,40.33,1
石川,浜辺 健太,はまべ けんた,浜辺,健太,はまべ,けんた,31,国民,NA,新,0,5,0,160834,30.95,1
石川,小沢 正人,おざわ まさと,小沢,正人,おざわ,まさと,49,諸派,NA,新,0,5,0,7982,1.54,1
石川,牧野 緑,まきの みどり,牧野,緑,まきの,みどり,40,参政,NA,新,0,5,0,111148,21.39,1
福井,山田 和雄,やまだ かずお,山田,和雄,やまだ,かずお,58,共産,NA,新,0,7,0,16761,4.58,1
福井,かずえちゃん,かずえちゃん,かずえちゃん,NA,かずえちゃん,NA,42,立憲,NA,新,0,7,0,36573,9.99,1
福井,滝波 宏文,たきなみ ひろふみ,滝波,宏文,たきなみ,ひろふみ,53,自民,公明,現,2,7,1,146420,39.98,1
福井,浜田 智,はまだ さとし,浜田,智,はまだ,さとし,62,諸派,NA,新,0,7,0,3541,0.97,1
福井,千田 崇裕,せんだ たかひろ,千田,崇裕,せんだ,たかひろ,39,参政,NA,新,0,7,0,58768,16.05,1
福井,大坂 幸太郎,おおさか こうたろう,大坂,幸太郎,おおさか,こうたろう,57,保守,NA,新,0,7,0,15384,4.2,1
福井,山中 俊祐,やまなか しゅんすけ,山中,俊祐,やまなか,しゅんすけ,41,国民,NA,新,0,7,0,88753,24.24,1
山梨,森屋 宏,もりや ひろし,森屋,宏,もりや,ひろし,68,自民,公明,現,2,5,0,145148,36.3,1
山梨,永田 己貴,ながた みき,永田,己貴,ながた,みき,55,参政,NA,新,0,5,0,68541,17.14,1
山梨,後藤 斎,ごとう ひとし,後藤,斎,ごとう,ひとし,67,国民,NA,新,0,5,1,156986,39.26,1
山梨,早田 記史,そうだ のりふみ,早田,記史,そうだ,のりふみ,42,共産,NA,新,0,5,0,24863,6.22,1
山梨,舟橋 夢人,ふなはし ゆめと,舟橋,夢人,ふなはし,ゆめと,59,諸派,NA,新,0,5,0,4299,1.08,1
長野,竹下 博善,たけした ひろよし,竹下,博善,たけした,ひろよし,42,参政,NA,新,0,5,0,185287,18.41,1
長野,藤田 ひかる,ふじた ひかる,藤田,ひかる,ふじた,ひかる,35,自民,公明,新,0,5,0,312183,31.02,1
長野,羽田 次郎,はた じろう,羽田,次郎,はた,じろう,55,立憲,社民,現,1,5,1,430334,42.77,1
長野,山田 雄司,やまだ ゆうじ,山田,雄司,やまだ,ゆうじ,35,諸派,NA,新,0,5,0,64833,6.44,1
長野,加藤 英明,かとう ひであき,加藤,英明,かとう,ひであき,66,諸派,NA,新,0,5,0,13637,1.36,1
岐阜,服部 学,はっとり まなぶ,服部,学,はっとり,まなぶ,54,立憲,NA,新,0,6,0,246158,26.81,1
岐阜,瀬尾 英志,せお えいじ,瀬尾,英志,せお,えいじ,40,参政,NA,新,0,6,0,215010,23.41,1
岐阜,若井 敦子,わかい あつこ,若井,敦子,わかい,あつこ,53,自民,公明,新,0,6,1,333611,36.33,1
岐阜,三尾 圭司,みお けいじ,三尾,圭司,みお,けいじ,49,共産,NA,新,0,6,0,55530,6.05,1
岐阜,伊藤 あゆみ,いとう あゆみ,伊藤,あゆみ,いとう,あゆみ,54,無所,NA,新,0,6,0,47652,5.19,1
岐阜,小池 裕之,こいけ ひろゆき,小池,裕之,こいけ,ひろゆき,31,諸派,NA,新,0,6,0,20348,2.22,1
静岡,榛葉 賀津也,しんば かづや,榛葉,賀津也,しんば,かづや,58,国民,NA,現,4,7,1,752187,43.61,2
静岡,村上 猛,むらかみ たけし,村上,猛,むらかみ,たけし,74,無所,NA,新,0,7,0,24389,1.41,2
静岡,福原 志瑠美,ふくはら しるび,福原,志瑠美,ふくはら,しるび,42,諸派,NA,新,0,7,0,17528,1.02,2
静岡,松下 友樹,まつした ゆうき,松下,友樹,まつした,ゆうき,41,参政,NA,新,0,7,0,296680,17.2,2
静岡,鈴木 千佳,すずき ちか,鈴木,千佳,すずき,ちか,54,共産,NA,新,0,7,0,141213,8.19,2
静岡,牧野 京夫,まきの たかお,牧野,京夫,まきの,たかお,66,自民,公明,現,3,7,1,426237,24.71,2
静岡,山口 香苗,やまぐち かなえ,山口,香苗,やまぐち,かなえ,46,諸派,NA,新,0,7,0,66385,3.85,2
愛知,辻 恵,つじ めぐむ,辻,恵,つじ,めぐむ,77,れいわ,NA,新,0,14,0,220642,6.17,4
愛知,石原 悟,いしはら さとる,石原,悟,いしはら,さとる,75,諸派,NA,新,0,14,0,15034,0.42,4
愛知,須山 初美,すやま はつみ,須山,初美,すやま,はつみ,46,共産,NA,新,0,14,0,145318,4.07,4
愛知,水野 孝一,みずの こういち,水野,孝一,みずの,こういち,48,国民,NA,新,0,14,1,596180,16.68,4
愛知,酒井 庸行,さかい やすゆき,酒井,庸行,さかい,やすゆき,73,自民,NA,現,2,14,1,521223,14.59,4
愛知,安江 伸夫,やすえ のぶお,安江,伸夫,やすえ,のぶお,38,公明,自民,現,1,14,0,391824,10.96,4
愛知,横山 緑,よこやま みどり,横山,緑,よこやま,みどり,47,諸派,NA,新,0,14,0,25017,0.7,4
愛知,大西 雅人,おおにし まさと,大西,雅人,おおにし,まさと,30,社民,NA,新,0,14,0,45278,1.27,4
愛知,杉本 純子,すぎもと じゅんこ,杉本,純子,すぎもと,じゅんこ,47,参政,NA,新,0,14,1,531387,14.87,4
愛知,広田 さくら,ひろた さくら,広田,さくら,ひろた,さくら,47,維新,NA,新,0,14,0,177870,4.98,4
愛知,園原 武嗣,そのはら たけし,園原,武嗣,そのはら,たけし,54,諸派,NA,新,0,14,0,29256,0.82,4
愛知,田中 克和,たなか かつよし,田中,克和,たなか,かつよし,41,諸派,保守,新,0,14,0,254938,7.13,4
愛知,山根 有紀也,やまね ゆきや,山根,有紀也,やまね,ゆきや,34,諸派,NA,新,0,14,0,83402,2.33,4
愛知,田島 麻衣子,たじま まいこ,田島,麻衣子,たじま,まいこ,48,立憲,NA,現,1,14,1,536260,15.01,4
三重,橋本 博幸,はしもと ひろゆき,橋本,博幸,はしもと,ひろゆき,42,諸派,NA,新,0,4,0,18965,2.26,1
三重,吉川 有美,よしかわ ゆうみ,吉川,有美,よしかわ,ゆうみ,51,自民,NA,現,2,4,0,276304,32.99,1
三重,小島 智子,こじま ともこ,小島,智子,こじま,ともこ,64,立憲,NA,新,0,4,1,339940,40.58,1
三重,難波 聖子,なんば せいこ,難波,聖子,なんば,せいこ,45,参政,NA,新,0,4,0,202436,24.17,1
滋賀,佐藤 耕平,さとう こうへい,佐藤,耕平,さとう,こうへい,43,共産,NA,新,0,7,0,50097,7.47,1
滋賀,中田 あい,なかた あい,中田,あい,なかた,あい,46,参政,NA,新,0,7,0,119207,17.78,1
滋賀,宮本 和宏,みやもと かずひろ,宮本,和宏,みやもと,かずひろ,53,自民,公明,新,0,7,1,202850,30.26,1
滋賀,堀江 明,ほりえ あきら,堀江,明,ほりえ,あきら,38,国民,NA,新,0,7,0,161272,24.05,1
滋賀,岡屋 京佑,おかや きょうすけ,岡屋,京佑,おかや,きょうすけ,32,維新,NA,新,0,7,0,124017,18.5,1
滋賀,菅原 良雄,すがわら よしたか,菅原,良雄,すがわら,よしたか,47,諸派,NA,新,0,7,0,7635,1.14,1
滋賀,藤井 隆一,ふじい りゅういち,藤井,隆一,ふじい,りゅういち,60,諸派,NA,新,0,7,0,5387,0.8,1
京都,新実 彰平,にいみ しょうへい,新実,彰平,にいみ,しょうへい,36,維新,NA,新,0,9,1,332523,28.09,2
京都,西郷 南海子,さいごう みなこ,西郷,南海子,さいごう,みなこ,37,れいわ,NA,新,0,9,0,60733,5.13,2
京都,酒井 常雄,さかい つねお,酒井,常雄,さかい,つねお,63,国民,NA,新,0,9,0,101319,8.56,2
京都,木村 嘉孝,きむら よしたか,木村,嘉孝,きむら,よしたか,50,諸派,NA,新,0,9,0,9785,0.83,2
京都,谷口 青人,たにぐち あおひと,谷口,青人,たにぐち,あおひと,46,参政,NA,新,0,9,0,142371,12.03,2
京都,山本 和嘉子,やまもと わかこ,山本,和嘉子,やまもと,わかこ,57,立憲,社民,新,0,9,0,127874,10.8,2
京都,倉林 明子,くらばやし あきこ,倉林,明子,くらばやし,あきこ,64,共産,NA,現,2,9,0,163805,13.84,2
京都,西田 昌司,にしだ しょうじ,西田,昌司,にしだ,しょうじ,66,自民,公明,現,3,9,1,190104,16.06,2
京都,二之湯 真士,にのゆ しんじ,二之湯,真士,にのゆ,しんじ,46,無所,NA,新,0,9,0,55235,4.67,2
大阪,杉 久武,すぎ ひさたけ,杉,久武,すぎ,ひさたけ,49,公明,NA,現,2,19,1,504163,11.97,4
大阪,稲垣 秀哉,いながき ひでや,稲垣,秀哉,いながき,ひでや,56,諸派,NA,新,0,19,0,4832,0.11,4
大阪,東 修平,あずま しゅうへい,東,修平,あずま,しゅうへい,36,無所,NA,新,0,19,0,128224,3.04,4
大阪,佐々木 理江,ささき りえ,佐々木,理江,ささき,りえ,42,維新,NA,新,0,19,1,653666,15.52,4
大阪,橋口 和矢,はしぐち かずや,橋口,和矢,はしぐち,かずや,55,諸派,NA,新,0,19,0,15160,0.36,4
大阪,上妻 敬二,こうづま けいじ,上妻,敬二,こうづま,けいじ,67,諸派,NA,新,0,19,0,1292,0.03,4
大阪,岡崎 太,おかざき ふとし,岡崎,太,おかざき,ふとし,57,維新,NA,新,0,19,1,549024,13.04,4
大阪,吉野 純子,よしの じゅんこ,吉野,純子,よしの,じゅんこ,55,諸派,NA,新,0,19,0,33354,0.79,4
大阪,平 理沙子,たいら りさこ,平,理沙子,たいら,りさこ,34,諸派,NA,新,0,19,0,62110,1.47,4
大阪,柳本 顕,やなぎもと あきら,柳本,顕,やなぎもと,あきら,51,自民,NA,新,0,19,0,379094,9,4
大阪,武内 隆,たけうち たかし,武内,隆,たけうち,たかし,62,諸派,NA,新,0,19,0,20953,0.5,4
大阪,橋口 玲,はしぐち れい,橋口,玲,はしぐち,れい,56,立憲,NA,新,0,19,0,214775,5.1,4
大阪,正木 真希,まさき まき,正木,真希,まさき,まき,46,保守,NA,新,0,19,0,137513,3.27,4
大阪,椛田 健吾,かばた けんご,椛田,健吾,かばた,けんご,44,れいわ,NA,新,0,19,0,176417,4.19,4
大阪,宮出 千慧,みやで ちさと,宮出,千慧,みやで,ちさと,40,参政,NA,新,0,19,1,510518,12.12,4
大阪,渡辺 莉央,わたなべ りお,渡辺,莉央,わたなべ,りお,30,国民,NA,新,0,19,0,338129,8.03,4
大阪,清水 忠史,しみず ただし,清水,忠史,しみず,ただし,57,共産,NA,新,0,19,0,223291,5.3,4
大阪,瀬戸 弘幸,せと ひろゆき,瀬戸,弘幸,せと,ひろゆき,73,諸派,NA,新,0,19,0,6058,0.14,4
大阪,世良 公則,せら まさのり,世良,公則,せら,まさのり,69,無所,NA,新,0,19,0,252914,6.01,4
兵庫,来住 文男,きし ふみお,来住,文男,きし,ふみお,65,社民,NA,新,0,13,0,28250,1.06,3
兵庫,浦木 健吾,うらき けんご,浦木,健吾,うらき,けんご,42,諸派,NA,新,0,13,0,13533,0.51,3
兵庫,藤原 誠也,ふじわら せいや,藤原,誠也,ふじわら,せいや,37,参政,NA,新,0,13,0,273844,10.25,3
兵庫,加田 裕之,かだ ひろゆき,加田,裕之,かだ,ひろゆき,55,自民,NA,現,1,13,1,285451,10.68,3
兵庫,高橋 秀彰,たかはし ひであき,高橋,秀彰,たかはし,ひであき,42,諸派,NA,新,0,13,0,30638,1.15,3
兵庫,多田 ひとみ,ただ ひとみ,多田,ひとみ,ただ,ひとみ,45,国民,NA,新,0,13,0,225402,8.44,3
兵庫,前田 実咲,まえだ みさ,前田,実咲,まえだ,みさ,33,諸派,NA,新,0,13,0,46703,1.75,3
兵庫,米村 明美,よねむら あけみ,米村,明美,よねむら,あけみ,66,れいわ,NA,新,0,13,0,85452,3.2,3
兵庫,高橋 光男,たかはし みつお,高橋,光男,たかはし,みつお,48,公明,自民,現,1,13,1,339822,12.72,3
兵庫,立花 孝志,たちばな たかし,立花,孝志,たちばな,たかし,57,諸派,NA,元,1,13,0,157005,5.88,3
兵庫,吉平 敏孝,よしひら としたか,吉平,敏孝,よしひら,としたか,44,維新,NA,新,0,13,0,275301,10.3,3
兵庫,泉 房穂,いずみ ふさほ,泉,房穂,いずみ,ふさほ,61,無所,NA,新,0,13,1,822407,30.78,3
兵庫,金田 峰生,かねだ みねお,金田,峰生,かねだ,みねお,59,共産,NA,新,0,13,0,87748,3.28,3
奈良,川戸 康嗣,かわと やすし,川戸,康嗣,かわと,やすし,49,立憲,NA,新,0,7,0,68689,10.41,1
奈良,杉本 葵,すぎもと あおい,杉本,葵,すぎもと,あおい,34,国民,NA,新,0,7,0,143740,21.78,1
奈良,太田 敦,おおた あつし,太田,敦,おおた,あつし,53,共産,NA,新,0,7,0,46787,7.09,1
奈良,堀井 巌,ほりい いわお,堀井,巌,ほりい,いわお,59,自民,公明,現,2,7,1,175450,26.59,1
奈良,黒川 洋司,くろかわ ようじ,黒川,洋司,くろかわ,ようじ,53,参政,NA,新,0,7,0,88988,13.49,1
奈良,平 将生,たいら まさき,平,将生,たいら,まさき,49,維新,NA,新,0,7,0,127173,19.27,1
奈良,川崎 智之,かわさき ともゆき,川崎,智之,かわさき,ともゆき,38,諸派,NA,新,0,7,0,8994,1.36,1
和歌山,前 久,まえ ひさし,前,久,まえ,ひさし,69,共産,NA,新,0,7,0,29881,6.76,1
和歌山,二階 伸康,にかい のぶやす,二階,伸康,にかい,のぶやす,47,自民,NA,新,0,7,0,107390,24.29,1
和歌山,望月 良男,もちづき よしお,望月,良男,もちづき,よしお,53,無所,NA,新,0,7,1,141604,32.03,1
和歌山,浦平 美博,うらひら よしひろ,浦平,美博,うらひら,よしひろ,53,維新,NA,新,0,7,0,53655,12.13,1
和歌山,末吉 亜矢,すえよし あや,末吉,亜矢,すえよし,あや,54,無所,NA,新,0,7,0,15298,3.46,1
和歌山,本間 奈々,ほんま なな,本間,奈々,ほんま,なな,56,諸派,NA,新,0,7,0,7000,1.58,1
和歌山,林元 政子,はやしもと まさこ,林元,政子,はやしもと,まさこ,51,参政,NA,新,0,7,0,87328,19.75,1
鳥取・島根,中山 集,なかやま あつむ,中山,集,なかやま,あつむ,31,国民,NA,新,0,5,0,120088,21.86,1
鳥取・島根,出川 桃子,でがわ ももこ,出川,桃子,でがわ,ももこ,47,自民,公明,新,0,5,1,289250,52.64,1
鳥取・島根,亀谷 優子,かめたに ゆうこ,亀谷,優子,かめたに,ゆうこ,39,共産,NA,新,0,5,0,47754,8.69,1
鳥取・島根,倉井 克幸,くらい かつゆき,倉井,克幸,くらい,かつゆき,42,参政,NA,新,0,5,0,84398,15.36,1
鳥取・島根,谷口 直矢,たにぐち なおや,谷口,直矢,たにぐち,なおや,47,諸派,NA,新,0,5,0,7952,1.45,1
岡山,国友 彩葉,くにとも さよ,国友,彩葉,くにとも,さよ,33,立憲,NA,新,0,4,0,283799,35.41,1
岡山,広森 志穂,ひろもり しほ,広森,志穂,ひろもり,しほ,34,参政,NA,新,0,4,0,192606,24.03,1
岡山,小林 孝一郎,こばやし こういちろう,小林,孝一郎,こばやし,こういちろう,47,自民,公明,新,0,4,1,307556,38.37,1
岡山,岩田 好明,いわた よしあき,岩田,好明,いわた,よしあき,57,諸派,NA,新,0,4,0,17558,2.19,1
広島,産原 稔文,うぶはら としふみ,産原,稔文,うぶはら,としふみ,57,無所,NA,新,0,10,0,17094,1.45,2
広島,高見 篤己,たかみ あつみ,高見,篤己,たかみ,あつみ,73,共産,NA,新,0,10,0,51179,4.34,2
広島,森本 真治,もりもと しんじ,森本,真治,もりもと,しんじ,52,立憲,NA,現,2,10,1,303928,25.77,2
広島,西田 英範,にした ひでのり,西田,英範,にした,ひでのり,43,自民,公明,新,0,10,1,399640,33.89,2
広島,谷本 誠一,たにもと せいいち,谷本,誠一,たにもと,せいいち,69,諸派,NA,新,0,10,0,26947,2.29,2
広島,玉田 憲勲,たまだ のりたか,玉田,憲勲,たまだ,のりたか,67,無所,NA,新,0,10,0,13598,1.15,2
広島,小石 美千代,こいし みちよ,小石,美千代,こいし,みちよ,56,参政,NA,新,0,10,0,251370,21.32,2
広島,堤 美登里,つつみ みどり,堤,美登里,つつみ,みどり,68,諸派,NA,新,0,10,0,16164,1.37,2
広島,楾 大樹,はんどう たいき,楾,大樹,はんどう,たいき,50,れいわ,NA,新,0,10,0,92896,7.88,2
広島,上子 亨,うえこ とおる,上子,亨,うえこ,とおる,48,無所,NA,新,0,10,0,6469,0.55,2
山口,北村 経夫,きたむら つねお,北村,経夫,きたむら,つねお,70,自民,NA,現,3,5,1,225617,38.67,1
山口,山崎 珠江,やまさき たまえ,山崎,珠江,やまさき,たまえ,47,参政,NA,新,0,5,0,131192,22.48,1
山口,奥野 信治,おくの しんじ,奥野,信治,おくの,しんじ,47,諸派,NA,新,0,5,0,8807,1.51,1
山口,戸倉 多香子,とくら たかこ,戸倉,多香子,とくら,たかこ,66,無所,NA,新,0,5,0,91447,15.67,1
山口,関谷 拓馬,せきたに たくま,関谷,拓馬,せきたに,たくま,35,国民,NA,新,0,5,0,126425,21.67,1
徳島・高知,大石 宗,おおいし しゅう,大石,宗,おおいし,しゅう,44,自民,公明,新,0,4,0,201619,33.35,1
徳島・高知,広田 一,ひろた はじめ,広田,一,ひろた,はじめ,56,無所,NA,現,3,4,1,264891,43.82,1
徳島・高知,金城 幹泰,きんじょう みきひろ,金城,幹泰,きんじょう,みきひろ,43,参政,NA,新,0,4,0,123070,20.36,1
徳島・高知,中島 康治,なかじま やすはる,中島,康治,なかじま,やすはる,46,諸派,NA,新,0,4,0,14897,2.46,1
香川,町川 順子,まちかわ じゅんこ,町川,順子,まちかわ,じゅんこ,66,無所,NA,新,0,6,0,21404,4.94,1
香川,原田 秀一,はらだ ひでかず,原田,秀一,はらだ,ひでかず,52,国民,NA,新,0,6,1,174728,40.35,1
香川,小林 直美,こばやし なおみ,小林,直美,こばやし,なおみ,51,参政,NA,新,0,6,0,62789,14.5,1
香川,三宅 伸吾,みやけ しんご,三宅,伸吾,みやけ,しんご,63,自民,公明,現,2,6,0,149902,34.62,1
香川,長尾 真希,ながお まさき,長尾,真希,ながお,まさき,36,共産,NA,新,0,6,0,19083,4.41,1
香川,野呂 美和子,のろ みわこ,野呂,美和子,のろ,みわこ,61,諸派,NA,新,0,6,0,5085,1.17,1
愛媛,永江 孝子,ながえ たかこ,永江,孝子,ながえ,たかこ,65,無所,NA,現,1,5,1,287853,47.2,1
愛媛,上野 由佳,うえの ゆか,上野,由佳,うえの,ゆか,30,自民,公明,新,0,5,0,173890,28.51,1
愛媛,原田 慎太郎,はらだ しんたろう,原田,慎太郎,はらだ,しんたろう,35,参政,NA,新,0,5,0,124636,20.44,1
愛媛,斉藤 博樹,さいとう ひろき,斉藤,博樹,さいとう,ひろき,52,諸派,NA,新,0,5,0,8353,1.37,1
愛媛,川端 佑典,かわばた ゆうすけ,川端,佑典,かわばた,ゆうすけ,35,諸派,NA,新,0,5,0,15150,2.48,1
福岡,冨永 正博,とみなが まさひろ,冨永,正博,とみなが,まさひろ,47,諸派,NA,新,0,13,0,21690,0.95,3
福岡,中田 優子,なかだ ゆうこ,中田,優子,なかだ,ゆうこ,35,参政,NA,新,0,13,1,380592,16.61,3
福岡,村上 成俊,むらかみ なりとし,村上,成俊,むらかみ,なりとし,54,諸派,NA,新,0,13,0,13767,0.6,3
福岡,野田 国義,のだ くによし,野田,国義,のだ,くによし,67,立憲,NA,現,2,13,0,303624,13.25,3
福岡,川元 健一,かわもと けんいち,川元,健一,かわもと,けんいち,45,国民,NA,新,0,13,0,306409,13.37,3
福岡,下野 六太,しもの ろくた,下野,六太,しもの,ろくた,61,公明,自民,現,1,13,1,320391,13.98,3
福岡,伊藤 博文,いとう ひろふみ,伊藤,博文,いとう,ひろふみ,56,維新,NA,新,0,13,0,102557,4.48,3
福岡,森 健太郎,もり けんたろう,森,健太郎,もり,けんたろう,47,保守,NA,新,0,13,0,111196,4.85,3
福岡,沖園 理恵,おきぞの りえ,沖園,理恵,おきぞの,りえ,50,れいわ,NA,新,0,13,0,138374,6.04,3
福岡,那須 敬子,なす けいこ,那須,敬子,なす,けいこ,65,社民,NA,新,0,13,0,45207,1.97,3
福岡,古川 あおい,ふるかわ あおい,古川,あおい,ふるかわ,あおい,34,諸派,NA,新,0,13,0,52862,2.31,3
福岡,松山 政司,まつやま まさじ,松山,政司,まつやま,まさじ,66,自民,NA,現,4,13,1,419082,18.29,3
福岡,山口 湧人,やまぐち ゆうと,山口,湧人,やまぐち,ゆうと,35,共産,NA,新,0,13,0,75596,3.3,3
佐賀,松尾 芳治,まつお よしはる,松尾,芳治,まつお,よしはる,47,諸派,NA,新,0,4,0,7832,2.03,1
佐賀,富永 明美,とみなが あけみ,富永,明美,とみなが,あけみ,51,立憲,NA,新,0,4,0,140907,36.52,1
佐賀,山下 雄平,やました ゆうへい,山下,雄平,やました,ゆうへい,45,自民,公明,現,2,4,1,165688,42.94,1
佐賀,下吹越 優也,しもひごし ゆうや,下吹越,優也,しもひごし,ゆうや,32,参政,NA,新,0,4,0,71437,18.51,1
長崎,筒井 涼介,つつい りょうすけ,筒井,涼介,つつい,りょうすけ,31,共産,NA,新,0,6,0,31687,5.49,1
長崎,古賀 友一郎,こが ゆういちろう,古賀,友一郎,こが,ゆういちろう,57,自民,公明,現,2,6,1,246585,42.74,1
長崎,黒石 隆太,くろいし りゅうた,黒石,隆太,くろいし,りゅうた,33,参政,NA,新,0,6,0,97646,16.92,1
長崎,高谷 喜久雄,たかや きくお,高谷,喜久雄,たかや,きくお,63,諸派,NA,新,0,6,0,8205,1.42,1
長崎,深堀 浩,ふかほり ひろし,深堀,浩,ふかほり,ひろし,59,国民,NA,新,0,6,0,186747,32.37,1
長崎,神谷 幸太郎,かみや こうたろう,神谷,幸太郎,かみや,こうたろう,49,諸派,NA,新,0,6,0,6076,1.05,1
熊本,立花 勝樹,たちばな まさき,立花,勝樹,たちばな,まさき,57,諸派,NA,新,0,4,0,17708,2.18,1
熊本,馬場 成志,ばば せいし,馬場,成志,ばば,せいし,60,自民,公明,現,2,4,1,328373,40.36,1
熊本,山口 誠太郎,やまぐち せいたろう,山口,誠太郎,やまぐち,せいたろう,36,参政,NA,新,0,4,0,200221,24.61,1
熊本,鎌田 聡,かまた さとる,鎌田,聡,かまた,さとる,60,立憲,社民,新,0,4,0,267273,32.85,1
大分,白坂 亜紀,しらさか あき,白坂,亜紀,しらさか,あき,59,自民,公明,現,1,5,0,193277,36.49,1
大分,野中 しんすけ,のなか しんすけ,野中,しんすけ,のなか,しんすけ,38,参政,NA,新,0,5,0,106687,20.14,1
大分,安倍 正雄,あべ まさお,安倍,正雄,あべ,まさお,46,諸派,NA,新,0,5,0,13104,2.47,1
大分,二宮 大造,にのみや たいぞう,二宮,大造,にのみや,たいぞう,54,諸派,NA,新,0,5,0,9308,1.76,1
大分,吉田 忠智,よしだ ただとも,吉田,忠智,よしだ,ただとも,69,立憲,NA,前,2,5,1,207250,39.13,1
宮崎,北川 哲平,きたがわ てっぺい,北川,哲平,きたがわ,てっぺい,44,諸派,NA,新,0,4,0,8330,1.7,1
宮崎,滋井 邦晃,しげい くにあき,滋井,邦晃,しげい,くにあき,43,参政,NA,新,0,4,0,97756,19.99,1
宮崎,山内 佳菜子,やまうち かなこ,山内,佳菜子,やまうち,かなこ,44,立憲,社民,新,0,4,1,193909,39.65,1
宮崎,長峯 誠,ながみね まこと,長峯,誠,ながみね,まこと,55,自民,NA,現,2,4,0,189118,38.67,1
鹿児島,尾辻 朋実,おつじ ともみ,尾辻,朋実,おつじ,ともみ,44,無所,立憲,新,0,4,1,301026,41.85,1
鹿児島,牧野 俊一,まきの しゅんいち,牧野,俊一,まきの,しゅんいち,39,参政,NA,新,0,4,0,170989,23.77,1
鹿児島,園田 修光,そのだ しゅうこう,園田,修光,そのだ,しゅうこう,68,自民,公明,前,1,4,0,234893,32.66,1
鹿児島,山本 貴平,やまもと たかひら,山本,貴平,やまもと,たかひら,50,諸派,NA,新,0,4,0,12309,1.71,1
沖縄,奥間 亮,おくま りょう,奥間,亮,おくま,りょう,38,自民,公明,新,0,5,0,231907,35.65,1
沖縄,真喜志 雄一,まきし ゆういち,真喜志,雄一,まきし,ゆういち,34,諸派,NA,新,0,5,0,11512,1.77,1
沖縄,和田 知久,わだ ともひさ,和田,知久,わだ,ともひさ,65,参政,NA,新,0,5,0,126743,19.48,1
沖縄,高良 沙哉,たから さちか,高良,沙哉,たから,さちか,46,無所,立憲 / 社民,新,0,5,1,265203,40.77,1
沖縄,比嘉 隆,ひが たかし,比嘉,隆,ひが,たかし,47,無所,NA,新,0,5,0,15112,2.32,1
