block,party,rank,name,yomi,lastname,firstname,last_kana,first_kana,age,recommended,status,previous,dup_dist,win_smd,win_pr,loss_ratio
北海道,社会民主党,1,豊巻 絹子,とよまき きぬこ,豊巻,絹子,とよまき,きぬこ,66,NA,新,0,比例単独,0,0,NA
北海道,公明党,1,佐藤 英道,さとう ひでみち,佐藤,英道,さとう,ひでみち,61,NA,前,3,比例単独,0,1,NA
北海道,公明党,2,荒瀬 正昭,あらせ まさあき,荒瀬,正昭,あらせ,まさあき,43,NA,新,0,比例単独,0,0,NA
北海道,立憲民主党,1,道下 大樹,みちした だいき,道下,大樹,みちした,だいき,45,NA,前,1,北海道1区,1,0,NA
北海道,立憲民主党,1,松木 謙公,まつき けんこう,松木,謙公,まつき,けんこう,62,れいわ,前,5,北海道2区,1,0,NA
北海道,立憲民主党,1,荒井 優,あらい ゆたか,荒井,優,あらい,ゆたか,46,NA,新,0,北海道3区,0,1,96.252
北海道,立憲民主党,1,大築 紅葉,おおつき くれは,大築,紅葉,おおつき,くれは,38,NA,新,0,北海道4区,0,1,99.363
北海道,立憲民主党,1,池田 真紀,いけだ まき,池田,真紀,いけだ,まき,49,NA,前,1,北海道5区,0,0,79.575
北海道,立憲民主党,1,西川 将人,にしかわ まさひと,西川,将人,にしかわ,まさひと,52,NA,新,0,北海道6区,0,0,72.591
北海道,立憲民主党,1,篠田 奈保子,しのだ なおこ,篠田,奈保子,しのだ,なおこ,49,NA,新,0,北海道7区,0,0,56.391
北海道,立憲民主党,1,逢坂 誠二,おおさか せいじ,逢坂,誠二,おおさか,せいじ,62,NA,前,4,北海道8区,1,0,NA
北海道,立憲民主党,1,山岡 達丸,やまおか たつまる,山岡,達丸,やまおか,たつまる,42,NA,前,2,北海道9区,1,0,NA
北海道,立憲民主党,1,神谷 裕,かみや ひろし,神谷,裕,かみや,ひろし,53,NA,前,1,北海道10区,0,1,85.414
北海道,立憲民主党,1,石川 香織,いしかわ かおり,石川,香織,いしかわ,かおり,37,NA,前,1,北海道11区,1,0,NA
北海道,立憲民主党,1,川原田 英世,かわはらだ えいせい,川原田,英世,かわはらだ,えいせい,38,NA,新,0,北海道12区,0,0,56.661
北海道,立憲民主党,13,原谷 那美,はらや なみ,原谷,那美,はらや,なみ,37,NA,新,0,比例単独,0,0,NA
北海道,立憲民主党,14,秋元 恭兵,あきもと きょうへい,秋元,恭兵,あきもと,きょうへい,42,NA,新,0,比例単独,0,0,NA
北海道,立憲民主党,15,田中 勝一,たなか しょういち,田中,勝一,たなか,しょういち,52,NA,新,0,比例単独,0,0,NA
北海道,国民民主党,1,山崎 摩耶,やまざき まや,山崎,摩耶,やまざき,まや,74,NA,前,2,比例単独,0,0,NA
北海道,自由民主党,1,鈴木 貴子,すずき たかこ,鈴木,貴子,すずき,たかこ,35,NA,前,3,比例単独,0,1,NA
北海道,自由民主党,2,渡辺 孝一,わたなべ こういち,渡辺,孝一,わたなべ,こういち,63,NA,前,3,比例単独,0,1,NA
北海道,自由民主党,3,船橋 利実,ふなはし としみつ,船橋,利実,ふなはし,としみつ,60,公明,前,2,北海道1区,0,0,90.446
北海道,自由民主党,3,高橋 祐介,たかはし ゆうすけ,高橋,祐介,たかはし,ゆうすけ,41,公明,新,0,北海道2区,0,0,84.819
北海道,自由民主党,3,高木 宏寿,たかぎ ひろひさ,高木,宏寿,たかぎ,ひろひさ,61,公明,元,2,北海道3区,1,0,NA
北海道,自由民主党,3,中村 裕之,なかむら ひろゆき,中村,裕之,なかむら,ひろゆき,60,公明,前,3,北海道4区,1,0,NA
北海道,自由民主党,3,和田 義明,わだ よしあき,和田,義明,わだ,よしあき,50,公明,前,2,北海道5区,1,0,NA
北海道,自由民主党,3,東 国幹,あずま くによし,東,国幹,あずま,くによし,53,公明,新,0,北海道6区,1,0,NA
北海道,自由民主党,3,伊東 良孝,いとう よしたか,伊東,良孝,いとう,よしたか,72,公明,前,4,北海道7区,1,0,NA
北海道,自由民主党,3,前田 一男,まえだ かずお,前田,一男,まえだ,かずお,55,公明,元,2,北海道8区,0,0,89.829
北海道,自由民主党,3,堀井 学,ほりい まなぶ,堀井,学,ほりい,まなぶ,49,公明,前,3,北海道9区,0,1,94.123
北海道,自由民主党,3,中川 郁子,なかがわ ゆうこ,中川,郁子,なかがわ,ゆうこ,62,公明,元,2,北海道11区,0,1,93.224
北海道,自由民主党,3,武部 新,たけべ あらた,武部,新,たけべ,あらた,51,公明,前,3,北海道12区,1,0,NA
北海道,自由民主党,14,鶴羽 佳子,つるは よしこ,鶴羽,佳子,つるは,よしこ,53,NA,新,0,比例単独,0,0,NA
北海道,自由民主党,15,長友 隆典,ながとも たかのり,長友,隆典,ながとも,たかのり,52,NA,新,0,比例単独,0,0,NA
北海道,日本共産党,1,畠山 和也,はたやま かずや,畠山,和也,はたやま,かずや,50,NA,元,1,比例単独,0,0,NA
北海道,日本共産党,2,伊藤 理智子,いとう りちこ,伊藤,理智子,いとう,りちこ,60,NA,新,0,比例単独,0,0,NA
北海道,日本維新の会,1,小林 悟,こばやし さとる,小林,悟,こばやし,さとる,57,NA,新,0,北海道1区,0,0,30.14
北海道,日本維新の会,1,山崎 泉,やまざき いずみ,山崎,泉,やまざき,いずみ,48,NA,新,0,北海道2区,0,0,38.821
北海道,日本維新の会,1,小和田 康文,こわだ やすふみ,小和田,康文,こわだ,やすふみ,51,NA,新,0,北海道3区,0,0,27.66
北海道,れいわ新選組,1,門別 芳夫,もんべつ よしお,門別,芳夫,もんべつ,よしお,60,NA,新,0,比例単独,0,0,NA
北海道,支持政党なし,1,佐野 秀光,さの ひでみつ,佐野,秀光,さの,ひでみつ,51,NA,新,0,比例単独,0,0,NA
北海道,支持政党なし,2,中村 治,なかむら おさむ,中村,治,なかむら,おさむ,68,NA,新,0,比例単独,0,0,NA
北海道,ＮＨＫと裁判してる党弁護士法７２条違反で,1,斉藤 忠行,さいとう ただゆき,斉藤,忠行,さいとう,ただゆき,30,NA,新,0,北海道6区,0,0,7.597
東北,社会民主党,1,久保 孝喜,くぼ こうき,久保,孝喜,くぼ,こうき,67,NA,新,0,比例単独,0,0,NA
東北,立憲民主党,1,升田 世喜男,ますた せきお,升田,世喜男,ますた,せきお,64,NA,元,1,青森1区,0,0,71.277
東北,立憲民主党,1,高畑 紀子,たかはた のりこ,高畑,紀子,たかはた,のりこ,58,NA,新,0,青森2区,0,0,52.251
東北,立憲民主党,1,山内 崇,やまうち たかし,山内,崇,やまうち,たかし,66,NA,新,0,青森3区,0,0,53.959
東北,立憲民主党,1,階 猛,しな たけし,階,猛,しな,たけし,55,NA,前,5,岩手1区,1,0,NA
東北,立憲民主党,1,大林 正英,おおばやし まさひで,大林,正英,おおばやし,まさひで,57,NA,新,0,岩手2区,0,0,44.707
東北,立憲民主党,1,小沢 一郎,おざわ いちろう,小沢,一郎,おざわ,いちろう,79,NA,前,17,岩手3区,0,1,92.106
東北,立憲民主党,1,岡本 章子,おかもと あきこ,岡本,章子,おかもと,あきこ,57,NA,前,1,宮城1区,0,1,94.787
東北,立憲民主党,1,鎌田 さゆり,かまた さゆり,鎌田,さゆり,かまた,さゆり,56,NA,元,2,宮城2区,1,0,NA
東北,立憲民主党,1,大野 園子,おおの そのこ,大野,園子,おおの,そのこ,33,NA,新,0,宮城3区,0,0,62.609
東北,立憲民主党,1,安住 淳,あずみ じゅん,安住,淳,あずみ,じゅん,59,NA,前,8,宮城5区,1,0,NA
東北,立憲民主党,1,寺田 学,てらた まなぶ,寺田,学,てらた,まなぶ,45,NA,前,5,秋田1区,0,1,92.824
東北,立憲民主党,1,緑川 貴士,みどりかわ たかし,緑川,貴士,みどりかわ,たかし,36,NA,前,1,秋田2区,1,0,NA
東北,立憲民主党,1,原田 和広,はらだ まさひろ,原田,和広,はらだ,まさひろ,48,NA,新,0,山形1区,0,0,66.738
東北,立憲民主党,1,金子 恵美,かねこ えみ,金子,恵美,かねこ,えみ,56,NA,前,2,福島1区,1,0,NA
東北,立憲民主党,1,馬場 雄基,ばば ゆうき,馬場,雄基,ばば,ゆうき,29,NA,新,0,福島2区,0,1,83.303
東北,立憲民主党,1,玄葉 光一郎,げんば こういちろう,玄葉,光一郎,げんば,こういちろう,57,NA,前,9,福島3区,1,0,NA
東北,立憲民主党,1,小熊 慎司,おぐま しんじ,小熊,慎司,おぐま,しんじ,53,NA,前,3,福島4区,1,0,NA
東北,立憲民主党,18,佐野 利恵,さの りえ,佐野,利恵,さの,りえ,31,NA,新,0,比例単独,0,0,NA
東北,立憲民主党,19,鳥居 作弥,とりい さくや,鳥居,作弥,とりい,さくや,47,NA,新,0,比例単独,0,0,NA
東北,立憲民主党,20,内海 太,うつみ ふとし,内海,太,うつみ,ふとし,74,NA,新,0,比例単独,0,0,NA
東北,日本共産党,1,高橋 千鶴子,たかはし ちづこ,高橋,千鶴子,たかはし,ちづこ,62,NA,前,6,比例単独,0,1,NA
東北,日本共産党,2,舩山 由美,ふなやま ゆみ,舩山,由美,ふなやま,ゆみ,53,NA,新,0,宮城4区,0,0,40.212
東北,日本共産党,3,藤本 友里,ふじもと ゆり,藤本,友里,ふじもと,ゆり,42,NA,新,0,比例単独,0,0,NA
東北,自由民主党,1,津島 淳,つしま じゅん,津島,淳,つしま,じゅん,55,NA,前,3,比例単独,0,1,NA
東北,自由民主党,2,江渡 聡徳,えと あきのり,江渡,聡徳,えと,あきのり,66,公明,前,7,青森1区,1,0,NA
東北,自由民主党,2,神田 潤一,かんだ じゅんいち,神田,潤一,かんだ,じゅんいち,51,公明,新,0,青森2区,1,0,NA
東北,自由民主党,2,木村 次郎,きむら じろう,木村,次郎,きむら,じろう,53,公明,前,1,青森3区,1,0,NA
東北,自由民主党,2,高橋 比奈子,たかはし ひなこ,高橋,比奈子,たかはし,ひなこ,63,公明,前,3,岩手1区,0,0,72.015
東北,自由民主党,2,鈴木 俊一,すずき しゅんいち,鈴木,俊一,すずき,しゅんいち,68,公明,前,9,岩手2区,1,0,NA
東北,自由民主党,2,藤原 崇,ふじわら たかし,藤原,崇,ふじわら,たかし,38,公明,前,3,岩手3区,1,0,NA
東北,自由民主党,2,土井 亨,どい とおる,土井,亨,どい,とおる,63,公明,前,4,宮城1区,1,0,NA
東北,自由民主党,2,秋葉 賢也,あきば けんや,秋葉,賢也,あきば,けんや,59,公明,前,6,宮城2区,0,1,99.509
東北,自由民主党,2,西村 明宏,にしむら あきひろ,西村,明宏,にしむら,あきひろ,61,公明,前,5,宮城3区,1,0,NA
東北,自由民主党,2,伊藤 信太郎,いとう しんたろう,伊藤,信太郎,いとう,しんたろう,68,公明,前,6,宮城4区,1,0,NA
東北,自由民主党,2,森下 千里,もりした ちさと,森下,千里,もりした,ちさと,40,公明,新,0,宮城5区,0,0,75.783
東北,自由民主党,2,小野寺 五典,おのでら いつのり,小野寺,五典,おのでら,いつのり,61,公明,前,7,宮城6区,1,0,NA
東北,自由民主党,2,冨樫 博之,とがし ひろゆき,冨樫,博之,とがし,ひろゆき,66,公明,前,3,秋田1区,1,0,NA
東北,自由民主党,2,金田 勝年,かねだ かつとし,金田,勝年,かねだ,かつとし,72,公明,前,4,秋田2区,0,1,90.347
東北,自由民主党,2,御法川 信英,みのりかわ のぶひで,御法川,信英,みのりかわ,のぶひで,57,公明,前,5,秋田3区,1,0,NA
東北,自由民主党,2,遠藤 利明,えんどう としあき,遠藤,利明,えんどう,としあき,71,公明,前,8,山形1区,1,0,NA
東北,自由民主党,2,鈴木 憲和,すずき のりかず,鈴木,憲和,すずき,のりかず,39,公明,前,3,山形2区,1,0,NA
東北,自由民主党,2,加藤 鮎子,かとう あゆこ,加藤,鮎子,かとう,あゆこ,42,公明,前,2,山形3区,1,0,NA
東北,自由民主党,2,亀岡 偉民,かめおか よしたみ,亀岡,偉民,かめおか,よしたみ,66,公明,前,4,福島1区,0,1,95.513
東北,自由民主党,2,根本 匠,ねもと たくみ,根本,匠,ねもと,たくみ,70,公明,前,8,福島2区,1,0,NA
東北,自由民主党,2,上杉 謙太郎,うえすぎ けんたろう,上杉,謙太郎,うえすぎ,けんたろう,46,公明,前,1,福島3区,0,1,84.351
東北,自由民主党,2,菅家 一郎,かんけ いちろう,菅家,一郎,かんけ,いちろう,66,公明,前,3,福島4区,0,1,96.219
東北,自由民主党,24,前川 恵,まえかわ めぐみ,前川,恵,まえかわ,めぐみ,46,NA,元,1,比例単独,0,0,NA
東北,自由民主党,25,入野田 博,いりのだ ひろし,入野田,博,いりのだ,ひろし,62,NA,新,0,比例単独,0,0,NA
東北,日本維新の会,1,春藤 沙弥香,しゅんどう さやか,春藤,沙弥香,しゅんどう,さやか,40,NA,新,0,宮城1区,0,0,22.589
東北,日本維新の会,1,早坂 敦,はやさか あつし,早坂,敦,はやさか,あつし,50,NA,新,0,宮城4区,0,1,36.737
東北,国民民主党,1,加藤 健一,かとう けんいち,加藤,健一,かとう,けんいち,40,NA,新,0,山形2区,0,0,61.703
東北,国民民主党,2,渡部 勝博,わたなべ かつひろ,渡部,勝博,わたなべ,かつひろ,61,NA,新,0,比例単独,0,0,NA
東北,れいわ新選組,1,渡辺 理明,わたなべ まさあき,渡辺,理明,わたなべ,まさあき,51,NA,新,0,比例単独,0,0,NA
東北,公明党,1,庄子 賢一,しょうじ けんいち,庄子,賢一,しょうじ,けんいち,58,NA,新,0,比例単独,0,1,NA
東北,公明党,2,佐々木 雅文,ささき まさふみ,佐々木,雅文,ささき,まさふみ,40,NA,新,0,比例単独,0,0,NA
東北,公明党,3,曽根 周作,そね しゅうさく,曽根,周作,そね,しゅうさく,31,NA,新,0,比例単独,0,0,NA
東北,ＮＨＫと裁判してる党弁護士法７２条違反で,1,林 マリアゆき,はやし まりあゆき,林,マリアゆき,はやし,まりあゆき,47,NA,新,0,宮城2区,0,0,4.746
北関東,自由民主党,1,尾身 朝子,おみ あさこ,尾身,朝子,おみ,あさこ,60,NA,前,2,比例単独,0,1,NA
北関東,自由民主党,2,田所 嘉徳,たどころ よしのり,田所,嘉徳,たどころ,よしのり,67,公明,前,3,茨城1区,0,1,92.118
北関東,自由民主党,2,葉梨 康弘,はなし やすひろ,葉梨,康弘,はなし,やすひろ,62,公明,前,5,茨城3区,1,0,NA
北関東,自由民主党,2,梶山 弘志,かじやま ひろし,梶山,弘志,かじやま,ひろし,66,公明,前,7,茨城4区,1,0,NA
北関東,自由民主党,2,石川 昭政,いしかわ あきまさ,石川,昭政,いしかわ,あきまさ,49,NA,前,3,茨城5区,0,1,87.787
北関東,自由民主党,2,国光 文乃,くにみつ あやの,国光,文乃,くにみつ,あやの,42,公明,前,1,茨城6区,1,0,NA
北関東,自由民主党,2,永岡 桂子,ながおか けいこ,永岡,桂子,ながおか,けいこ,67,公明,前,5,茨城7区,1,0,NA
北関東,自由民主党,2,船田 元,ふなだ はじめ,船田,元,ふなだ,はじめ,67,公明,前,12,栃木1区,1,0,NA
北関東,自由民主党,2,五十嵐 清,いがらし きよし,五十嵐,清,いがらし,きよし,51,公明,新,0,栃木2区,0,1,87.308
北関東,自由民主党,2,簗 和生,やな かずお,簗,和生,やな,かずお,42,公明,前,3,栃木3区,1,0,NA
北関東,自由民主党,2,佐藤 勉,さとう つとむ,佐藤,勉,さとう,つとむ,69,公明,前,8,栃木4区,1,0,NA
北関東,自由民主党,2,茂木 敏充,もてぎ としみつ,茂木,敏充,もてぎ,としみつ,66,公明,前,9,栃木5区,1,0,NA
北関東,自由民主党,2,中曽根 康隆,なかそね やすたか,中曽根,康隆,なかそね,やすたか,39,公明,前,1,群馬1区,1,0,NA
北関東,自由民主党,2,井野 俊郎,いの としろう,井野,俊郎,いの,としろう,41,公明,前,3,群馬2区,1,0,NA
北関東,自由民主党,2,笹川 博義,ささがわ ひろよし,笹川,博義,ささがわ,ひろよし,55,公明,前,3,群馬3区,1,0,NA
北関東,自由民主党,2,福田 達夫,ふくだ たつお,福田,達夫,ふくだ,たつお,54,公明,前,3,群馬4区,1,0,NA
北関東,自由民主党,2,小渕 優子,おぶち ゆうこ,小渕,優子,おぶち,ゆうこ,47,公明,前,7,群馬5区,1,0,NA
北関東,自由民主党,2,村井 英樹,むらい ひでき,村井,英樹,むらい,ひでき,41,公明,前,3,埼玉1区,1,0,NA
北関東,自由民主党,2,新藤 義孝,しんどう よしたか,新藤,義孝,しんどう,よしたか,63,公明,前,7,埼玉2区,1,0,NA
北関東,自由民主党,2,黄川田 仁志,きかわだ ひとし,黄川田,仁志,きかわだ,ひとし,51,公明,前,3,埼玉3区,1,0,NA
北関東,自由民主党,2,穂坂 泰,ほさか やすし,穂坂,泰,ほさか,やすし,47,公明,前,1,埼玉4区,1,0,NA
北関東,自由民主党,2,牧原 秀樹,まきはら ひでき,牧原,秀樹,まきはら,ひでき,50,公明,前,4,埼玉5区,0,1,94.645
北関東,自由民主党,2,中根 一幸,なかね かずゆき,中根,一幸,なかね,かずゆき,52,公明,前,4,埼玉6区,0,1,78.516
北関東,自由民主党,2,柴山 昌彦,しばやま まさひこ,柴山,昌彦,しばやま,まさひこ,55,公明,前,6,埼玉8区,1,0,NA
北関東,自由民主党,2,大塚 拓,おおつか たく,大塚,拓,おおつか,たく,48,公明,前,4,埼玉9区,1,0,NA
北関東,自由民主党,2,山口 晋,やまぐち すすむ,山口,晋,やまぐち,すすむ,38,公明,新,0,埼玉10区,1,0,NA
北関東,自由民主党,2,小泉 龍司,こいずみ りゅうじ,小泉,龍司,こいずみ,りゅうじ,69,公明,前,6,埼玉11区,1,0,NA
北関東,自由民主党,2,野中 厚,のなか あつし,野中,厚,のなか,あつし,44,公明,前,3,埼玉12区,0,1,95.971
北関東,自由民主党,2,土屋 品子,つちや しなこ,土屋,品子,つちや,しなこ,69,公明,前,7,埼玉13区,1,0,NA
北関東,自由民主党,2,三ツ林 裕巳,みつばやし ひろみ,三ツ林,裕巳,みつばやし,ひろみ,66,公明,前,3,埼玉14区,1,0,NA
北関東,自由民主党,2,田中 良生,たなか りょうせい,田中,良生,たなか,りょうせい,57,公明,前,4,埼玉15区,1,0,NA
北関東,自由民主党,32,河村 建一,かわむら けんいち,河村,建一,かわむら,けんいち,45,NA,新,0,比例単独,0,0,NA
北関東,自由民主党,33,神山 佐市,かみやま さいち,神山,佐市,かみやま,さいち,67,NA,前,3,比例単独,0,0,NA
北関東,自由民主党,34,西川 鎮央,にしかわ やすお,西川,鎮央,にしかわ,やすお,50,NA,新,0,比例単独,0,0,NA
北関東,自由民主党,35,上野 宏史,うえの ひろし,上野,宏史,うえの,ひろし,50,NA,前,2,比例単独,0,0,NA
北関東,自由民主党,36,中野 英幸,なかの ひでゆき,中野,英幸,なかの,ひでゆき,60,公明,新,0,埼玉7区,1,0,NA
北関東,自由民主党,37,佐藤 明男,さとう あきお,佐藤,明男,さとう,あきお,69,NA,前,1,比例単独,0,0,NA
北関東,自由民主党,38,鈴木 聖二,すずき せいじ,鈴木,聖二,すずき,せいじ,66,NA,新,0,比例単独,0,0,NA
北関東,自由民主党,39,小川 雅幸,おがわ まさゆき,小川,雅幸,おがわ,まさゆき,52,NA,新,0,比例単独,0,0,NA
北関東,日本共産党,1,塩川 鉄也,しおかわ てつや,塩川,鉄也,しおかわ,てつや,59,NA,前,7,比例単独,0,1,NA
北関東,日本共産党,2,梅村 早江子,うめむら さえこ,梅村,早江子,うめむら,さえこ,57,NA,元,1,比例単独,0,0,NA
北関東,日本共産党,3,大内 久美子,おおうち くみこ,大内,久美子,おおうち,くみこ,72,NA,新,0,茨城4区,0,0,16.302
北関東,立憲民主党,1,藤田 幸久,ふじた ゆきひさ,藤田,幸久,ふじた,ゆきひさ,71,NA,元,2,茨城2区,0,0,55.131
北関東,立憲民主党,1,梶岡 博樹,かじおか ひろき,梶岡,博樹,かじおか,ひろき,44,NA,新,0,茨城3区,0,0,58.177
北関東,立憲民主党,1,青山 大人,あおやま やまと,青山,大人,あおやま,やまと,42,NA,前,1,茨城6区,0,1,90.347
北関東,立憲民主党,1,中村 喜四郎,なかむら きしろう,中村,喜四郎,なかむら,きしろう,72,NA,前,14,茨城7区,0,1,95.267
北関東,立憲民主党,1,渡辺 典喜,わたなべ のりよし,渡辺,典喜,わたなべ,のりよし,38,NA,新,0,栃木1区,0,0,64.839
北関東,立憲民主党,1,福田 昭夫,ふくだ あきお,福田,昭夫,ふくだ,あきお,73,NA,前,5,栃木2区,1,0,NA
北関東,立憲民主党,1,伊賀 央,いが ひろし,伊賀,央,いが,ひろし,57,NA,新,0,栃木3区,0,0,48.333
北関東,立憲民主党,1,藤岡 隆雄,ふじおか たかお,藤岡,隆雄,ふじおか,たかお,44,NA,新,0,栃木4区,0,1,95.691
北関東,立憲民主党,1,堀越 啓仁,ほりこし けいにん,堀越,啓仁,ほりこし,けいにん,41,NA,前,1,群馬2区,0,0,56.672
北関東,立憲民主党,1,長谷川 嘉一,はせがわ かいち,長谷川,嘉一,はせがわ,かいち,68,NA,前,1,群馬3区,0,0,78.688
北関東,立憲民主党,1,角倉 邦良,かどくら くによし,角倉,邦良,かどくら,くによし,61,NA,新,0,群馬4区,0,0,53.798
北関東,立憲民主党,1,武正 公一,たけまさ こういち,武正,公一,たけまさ,こういち,60,NA,元,6,埼玉1区,0,0,80.004
北関東,立憲民主党,1,山川 百合子,やまかわ ゆりこ,山川,百合子,やまかわ,ゆりこ,52,NA,前,1,埼玉3区,0,0,80.448
北関東,立憲民主党,1,枝野 幸男,えだの ゆきお,枝野,幸男,えだの,ゆきお,57,NA,前,9,埼玉5区,1,0,NA
北関東,立憲民主党,1,大島 敦,おおしま あつし,大島,敦,おおしま,あつし,64,NA,前,7,埼玉6区,1,0,NA
北関東,立憲民主党,1,小宮山 泰子,こみやま やすこ,小宮山,泰子,こみやま,やすこ,56,NA,前,6,埼玉7区,0,1,94.402
北関東,立憲民主党,1,杉村 慎治,すぎむら しんじ,杉村,慎治,すぎむら,しんじ,45,NA,新,0,埼玉9区,0,0,69.021
北関東,立憲民主党,1,坂本 祐之輔,さかもと ゆうのすけ,坂本,祐之輔,さかもと,ゆうのすけ,66,NA,元,2,埼玉10区,0,1,93.823
北関東,立憲民主党,1,島田 誠,しまだ まこと,島田,誠,しまだ,まこと,63,NA,新,0,埼玉11区,0,0,43.908
北関東,立憲民主党,1,森田 俊和,もりた としかず,森田,俊和,もりた,としかず,47,NA,前,1,埼玉12区,1,0,NA
北関東,立憲民主党,1,三角 創太,みすみ そうた,三角,創太,みすみ,そうた,33,NA,新,0,埼玉13区,0,0,85.935
北関東,立憲民主党,1,高木 錬太郎,たかぎ れんたろう,高木,錬太郎,たかぎ,れんたろう,49,NA,前,1,埼玉15区,0,0,70.531
北関東,立憲民主党,23,石塚 貞通,いしづか さだみち,石塚,貞通,いしづか,さだみち,54,NA,新,0,比例単独,0,0,NA
北関東,立憲民主党,24,船山 幸雄,ふなやま ゆきお,船山,幸雄,ふなやま,ゆきお,67,NA,新,0,比例単独,0,0,NA
北関東,立憲民主党,25,高杉 徹,たかすぎ とおる,高杉,徹,たかすぎ,とおる,68,NA,新,0,比例単独,0,0,NA
北関東,公明党,1,石井 啓一,いしい けいいち,石井,啓一,いしい,けいいち,63,NA,前,9,比例単独,0,1,NA
北関東,公明党,2,輿水 恵一,こしみず けいいち,輿水,恵一,こしみず,けいいち,59,NA,元,2,比例単独,0,1,NA
北関東,公明党,3,福重 隆浩,ふくしげ たかひろ,福重,隆浩,ふくしげ,たかひろ,59,NA,新,0,比例単独,0,1,NA
北関東,公明党,4,村上 知己,むらかみ ともみ,村上,知己,むらかみ,ともみ,56,NA,新,0,比例単独,0,0,NA
北関東,日本維新の会,1,岸野 智康,きしの ともやす,岸野,智康,きしの,ともやす,27,NA,新,0,茨城3区,0,0,28.415
北関東,日本維新の会,1,武藤 優子,むとう ゆうこ,武藤,優子,むとう,ゆうこ,57,NA,新,0,茨城4区,0,0,25.609
北関東,日本維新の会,1,水梨 伸晃,みずなし のぶあき,水梨,伸晃,みずなし,のぶあき,42,NA,新,0,茨城7区,0,0,19.745
北関東,日本維新の会,1,柏倉 祐司,かしわくら ゆうじ,柏倉,祐司,かしわくら,ゆうじ,52,NA,元,1,栃木1区,0,0,42.709
北関東,日本維新の会,1,宮崎 岳志,みやざき たけし,宮崎,岳志,みやざき,たけし,51,NA,元,2,群馬1区,0,0,38.577
北関東,日本維新の会,1,吉村 豪介,よしむら ごうすけ,吉村,豪介,よしむら,ごうすけ,40,NA,新,0,埼玉1区,0,0,19.585
北関東,日本維新の会,1,高橋 英明,たかはし ひであき,高橋,英明,たかはし,ひであき,58,NA,新,0,埼玉2区,0,1,47.166
北関東,日本維新の会,1,伊勢田 享子,いせだ みちこ,伊勢田,享子,いせだ,みちこ,44,NA,新,0,埼玉7区,0,0,31.806
北関東,日本維新の会,1,沢田 良,さわだ りょう,沢田,良,さわだ,りょう,42,NA,新,0,埼玉15区,0,1,47.473
北関東,れいわ新選組,1,田島 剛,たじま つよし,田島,剛,たじま,つよし,42,NA,新,0,比例単独,0,0,NA
北関東,社会民主党,1,池田 万佐代,いけだ まさよ,池田,万佐代,いけだ,まさよ,62,NA,新,0,比例単独,0,0,NA
北関東,国民民主党,1,浅野 克彦,あさの かつひこ,浅野,克彦,あさの,かつひこ,47,NA,新,0,埼玉4区,0,0,44.675
北関東,国民民主党,1,浅野 哲,あさの さとし,浅野,哲,あさの,さとし,39,NA,前,1,茨城5区,1,0,NA
北関東,国民民主党,1,鈴木 義弘,すずき よしひろ,鈴木,義弘,すずき,よしひろ,58,NA,元,2,埼玉14区,0,1,64.226
北関東,ＮＨＫと裁判してる党弁護士法７２条違反で,1,黒川 敦彦,くろかわ あつひこ,黒川,敦彦,くろかわ,あつひこ,43,NA,新,0,比例単独,0,0,NA
南関東,社会民主党,1,佐々木 克己,ささき かつみ,佐々木,克己,ささき,かつみ,66,NA,新,0,神奈川15区,0,0,21.999
南関東,れいわ新選組,1,多ケ谷 亮,たがや りょう,多ケ谷,亮,たがや,りょう,52,NA,新,0,千葉11区,0,1,27.53
南関東,れいわ新選組,2,木下 隼,きのした はやと,木下,隼,きのした,はやと,39,NA,新,0,比例単独,0,0,NA
南関東,日本共産党,1,志位 和夫,しい かずお,志位,和夫,しい,かずお,67,NA,前,9,比例単独,0,1,NA
南関東,日本共産党,2,畑野 君枝,はたの きみえ,畑野,君枝,はたの,きみえ,64,NA,前,2,神奈川10区,0,0,46.587
南関東,日本共産党,3,斉藤 和子,さいとう かずこ,斉藤,和子,さいとう,かずこ,47,NA,元,1,比例単独,0,0,NA
南関東,日本共産党,4,沼上 徳光,ぬまかみ とくみつ,沼上,徳光,ぬまかみ,とくみつ,35,NA,新,0,比例単独,0,0,NA
南関東,日本共産党,5,寺尾 賢,てらお さとし,寺尾,賢,てらお,さとし,45,NA,新,0,千葉2区,0,0,15.718
南関東,立憲民主党,1,田嶋 要,たじま かなめ,田嶋,要,たじま,かなめ,60,NA,前,6,千葉1区,1,0,NA
南関東,立憲民主党,1,黒田 雄,くろだ ゆう,黒田,雄,くろだ,ゆう,62,NA,元,1,千葉2区,0,0,45.474
南関東,立憲民主党,1,岡島 一正,おかじま かずまさ,岡島,一正,おかじま,かずまさ,63,NA,前,3,千葉3区,0,0,61.621
南関東,立憲民主党,1,野田 佳彦,のだ よしひこ,野田,佳彦,のだ,よしひこ,64,NA,前,8,千葉4区,1,0,NA
南関東,立憲民主党,1,矢崎 堅太郎,やざき けんたろう,矢崎,堅太郎,やざき,けんたろう,54,NA,新,0,千葉5区,0,0,62.407
南関東,立憲民主党,1,竹内 千春,たけうち ちはる,竹内,千春,たけうち,ちはる,53,NA,新,0,千葉7区,0,0,55.702
南関東,立憲民主党,1,本庄 知史,ほんじょう さとし,本庄,知史,ほんじょう,さとし,47,NA,新,0,千葉8区,1,0,NA
南関東,立憲民主党,1,奥野 総一郎,おくの そういちろう,奥野,総一郎,おくの,そういちろう,57,NA,前,4,千葉9区,1,0,NA
南関東,立憲民主党,1,谷田川 元,やたがわ はじめ,谷田川,元,やたがわ,はじめ,58,NA,前,2,千葉10区,0,1,96.598
南関東,立憲民主党,1,樋高 剛,ひだか たけし,樋高,剛,ひだか,たけし,55,NA,元,3,千葉12区,0,0,46.057
南関東,立憲民主党,1,宮川 伸,みやかわ しん,宮川,伸,みやかわ,しん,51,NA,前,1,千葉13区,0,0,79.506
南関東,立憲民主党,1,篠原 豪,しのはら ごう,篠原,豪,しのはら,ごう,46,NA,前,2,神奈川1区,1,0,NA
南関東,立憲民主党,1,岡本 英子,おかもと えいこ,岡本,英子,おかもと,えいこ,57,NA,元,1,神奈川2区,0,0,63.544
南関東,立憲民主党,1,小林 丈人,こばやし たけと,小林,丈人,こばやし,たけと,50,NA,新,0,神奈川3区,0,0,57.43
南関東,立憲民主党,1,早稲田 夕季,わせだ ゆき,早稲田,夕季,わせだ,ゆき,62,NA,前,1,神奈川4区,1,0,NA
南関東,立憲民主党,1,山崎 誠,やまざき まこと,山崎,誠,やまざき,まこと,58,NA,前,2,神奈川5区,0,1,87.035
南関東,立憲民主党,1,青柳 陽一郎,あおやぎ よういちろう,青柳,陽一郎,あおやぎ,よういちろう,52,れいわ,前,3,神奈川6区,0,1,95.103
南関東,立憲民主党,1,中谷 一馬,なかたに かずま,中谷,一馬,なかたに,かずま,38,れいわ,前,1,神奈川7区,0,1,96.627
南関東,立憲民主党,1,江田 憲司,えだ けんじ,江田,憲司,えだ,けんじ,65,NA,前,6,神奈川8区,1,0,NA
南関東,立憲民主党,1,笠 浩史,りゅう ひろふみ,笠,浩史,りゅう,ひろふみ,56,NA,前,6,神奈川9区,1,0,NA
南関東,立憲民主党,1,阿部 知子,あべ ともこ,阿部,知子,あべ,ともこ,73,NA,前,7,神奈川12区,1,0,NA
南関東,立憲民主党,1,太 栄志,ふとり ひでし,太,栄志,ふとり,ひでし,44,NA,新,0,神奈川13区,1,0,NA
南関東,立憲民主党,1,長友 克洋,ながとも よしひろ,長友,克洋,ながとも,よしひろ,50,NA,新,0,神奈川14区,0,0,86.002
南関東,立憲民主党,1,後藤 祐一,ごとう ゆういち,後藤,祐一,ごとう,ゆういち,52,NA,前,4,神奈川16区,1,0,NA
南関東,立憲民主党,1,神山 洋介,かみやま ようすけ,神山,洋介,かみやま,ようすけ,46,NA,元,2,神奈川17区,0,0,68.429
南関東,立憲民主党,1,三村 和也,みむら かずや,三村,和也,みむら,かずや,46,NA,元,1,神奈川18区,0,0,75.096
南関東,立憲民主党,1,中島 克仁,なかじま かつひと,中島,克仁,なかじま,かつひと,54,NA,前,3,山梨1区,0,1,94.333
南関東,立憲民主党,1,市来 伴子,いちき ともこ,市来,伴子,いちき,ともこ,44,NA,新,0,山梨2区,0,0,40.758
南関東,立憲民主党,29,小野 次郎,おの じろう,小野,次郎,おの,じろう,68,NA,元,1,比例単独,0,0,NA
南関東,立憲民主党,30,金子 健一,かねこ けんいち,金子,健一,かねこ,けんいち,63,NA,元,1,比例単独,0,0,NA
南関東,公明党,1,古屋 範子,ふるや のりこ,古屋,範子,ふるや,のりこ,65,NA,前,6,比例単独,0,1,NA
南関東,公明党,2,角田 秀穂,つのだ ひでお,角田,秀穂,つのだ,ひでお,60,NA,元,1,比例単独,0,1,NA
南関東,公明党,3,上田 勇,うえだ いさむ,上田,勇,うえだ,いさむ,63,NA,元,7,比例単独,0,0,NA
南関東,公明党,4,江端 功一,えばた こういち,江端,功一,えばた,こういち,43,NA,新,0,比例単独,0,0,NA
南関東,公明党,5,井川 泰雄,いかわ やすお,井川,泰雄,いかわ,やすお,47,NA,新,0,比例単独,0,0,NA
南関東,国民民主党,1,鈴木 敦,すずき あつし,鈴木,敦,すずき,あつし,32,NA,新,0,神奈川10区,0,1,28.629
南関東,国民民主党,1,鴇田 敦,ときた あつし,鴇田,敦,ときた,あつし,55,NA,新,0,千葉5区,0,0,21.705
南関東,国民民主党,3,長谷 康人,はせ やすひと,長谷,康人,はせ,やすひと,40,NA,新,0,比例単独,0,0,NA
南関東,自由民主党,1,門山 宏哲,かどやま ひろあき,門山,宏哲,かどやま,ひろあき,57,公明,前,3,千葉1区,0,1,77.705
南関東,自由民主党,1,小林 鷹之,こばやし たかゆき,小林,鷹之,こばやし,たかゆき,46,公明,前,3,千葉2区,1,0,NA
南関東,自由民主党,1,松野 博一,まつの ひろかず,松野,博一,まつの,ひろかず,59,公明,前,7,千葉3区,1,0,NA
南関東,自由民主党,1,木村 哲也,きむら てつや,木村,哲也,きむら,てつや,52,公明,前,1,千葉4区,0,0,54.926
南関東,自由民主党,1,薗浦 健太郎,そのうら けんたろう,薗浦,健太郎,そのうら,けんたろう,49,公明,前,4,千葉5区,1,0,NA
南関東,自由民主党,1,渡辺 博道,わたなべ ひろみち,渡辺,博道,わたなべ,ひろみち,71,公明,前,7,千葉6区,1,0,NA
南関東,自由民主党,1,斎藤 健,さいとう けん,斎藤,健,さいとう,けん,62,公明,前,4,千葉7区,1,0,NA
南関東,自由民主党,1,桜田 義孝,さくらだ よしたか,桜田,義孝,さくらだ,よしたか,71,公明,前,7,千葉8区,0,1,60.355
南関東,自由民主党,1,秋本 真利,あきもと まさとし,秋本,真利,あきもと,まさとし,46,公明,前,3,千葉9区,0,1,95.731
南関東,自由民主党,1,浜田 靖一,はまだ やすかず,浜田,靖一,はまだ,やすかず,66,公明,前,9,千葉12区,1,0,NA
南関東,自由民主党,1,松本 尚,まつもと ひさし,松本,尚,まつもと,ひさし,59,公明,新,0,千葉13区,1,0,NA
南関東,自由民主党,1,菅 義偉,すが よしひで,菅,義偉,すが,よしひで,72,公明,前,8,神奈川2区,1,0,NA
南関東,自由民主党,1,中西 健治,なかにし けんじ,中西,健治,なかにし,けんじ,57,公明,新,0,神奈川3区,1,0,NA
南関東,自由民主党,1,山本 朋広,やまもと ともひろ,山本,朋広,やまもと,ともひろ,46,公明,前,4,神奈川4区,0,1,71.08
南関東,自由民主党,1,坂井 学,さかい まなぶ,坂井,学,さかい,まなぶ,56,公明,前,4,神奈川5区,1,0,NA
南関東,自由民主党,1,古川 直季,ふるかわ なおき,古川,直季,ふるかわ,なおき,53,公明,新,0,神奈川6区,1,0,NA
南関東,自由民主党,1,鈴木 馨祐,すずき けいすけ,鈴木,馨祐,すずき,けいすけ,44,公明,前,4,神奈川7区,1,0,NA
南関東,自由民主党,1,三谷 英弘,みたに ひでひろ,三谷,英弘,みたに,ひでひろ,45,公明,前,2,神奈川8区,0,1,90.099
南関東,自由民主党,1,中山 展宏,なかやま のりひろ,中山,展宏,なかやま,のりひろ,53,公明,前,3,神奈川9区,0,1,82.194
南関東,自由民主党,1,田中 和徳,たなか かずのり,田中,和徳,たなか,かずのり,72,公明,前,8,神奈川10区,1,0,NA
南関東,自由民主党,1,星野 剛士,ほしの つよし,星野,剛士,ほしの,つよし,58,公明,前,3,神奈川12区,0,1,95.943
南関東,自由民主党,1,甘利 明,あまり あきら,甘利,明,あまり,あきら,72,公明,前,12,神奈川13区,0,1,95.75
南関東,自由民主党,1,赤間 二郎,あかま じろう,赤間,二郎,あかま,じろう,53,公明,前,4,神奈川14区,1,0,NA
南関東,自由民主党,1,河野 太郎,こうの たろう,河野,太郎,こうの,たろう,58,公明,前,8,神奈川15区,1,0,NA
南関東,自由民主党,1,義家 弘介,よしいえ ひろゆき,義家,弘介,よしいえ,ひろゆき,50,公明,前,3,神奈川16区,0,1,83.162
南関東,自由民主党,1,牧島 かれん,まきしま かれん,牧島,かれん,まきしま,かれん,45,公明,前,3,神奈川17区,1,0,NA
南関東,自由民主党,1,山際 大志郎,やまぎわ だいしろう,山際,大志郎,やまぎわ,だいしろう,53,公明,前,5,神奈川18区,1,0,NA
南関東,自由民主党,1,中谷 真一,なかたに しんいち,中谷,真一,なかたに,しんいち,45,公明,前,3,山梨1区,1,0,NA
南関東,自由民主党,1,堀内 詔子,ほりうち のりこ,堀内,詔子,ほりうち,のりこ,56,公明,前,3,山梨2区,1,0,NA
南関東,自由民主党,30,出畑 実,でばた みのる,出畑,実,でばた,みのる,71,NA,前,1,比例単独,0,0,NA
南関東,自由民主党,31,高橋 恭介,たかはし きょうすけ,高橋,恭介,たかはし,きょうすけ,47,NA,新,0,比例単独,0,0,NA
南関東,自由民主党,32,文月 涼,ふづき りょう,文月,涼,ふづき,りょう,54,NA,新,0,比例単独,0,0,NA
南関東,自由民主党,33,望月 忠彦,もちづき ただひこ,望月,忠彦,もちづき,ただひこ,59,NA,新,0,比例単独,0,0,NA
南関東,自由民主党,34,高木 昭彦,たかぎ あきひこ,高木,昭彦,たかぎ,あきひこ,54,NA,新,0,比例単独,0,0,NA
南関東,自由民主党,35,及川 博,おいかわ ひろし,及川,博,おいかわ,ひろし,64,NA,新,0,比例単独,0,0,NA
南関東,日本維新の会,1,椎木 保,しいき たもつ,椎木,保,しいき,たもつ,55,NA,元,2,千葉5区,0,0,28.79
南関東,日本維新の会,1,藤巻 健太,ふじまき けんた,藤巻,健太,ふじまき,けんた,38,NA,新,0,千葉6区,0,1,60.458
南関東,日本維新の会,1,内山 晃,うちやま あきら,内山,晃,うちやま,あきら,67,NA,元,3,千葉7区,0,0,22.418
南関東,日本維新の会,1,清水 聖士,しみず きよし,清水,聖士,しみず,きよし,60,NA,新,0,千葉13区,0,0,42.376
南関東,日本維新の会,1,浅川 義治,あさかわ よしはる,浅川,義治,あさかわ,よしはる,53,NA,新,0,神奈川1区,0,1,46.216
南関東,日本維新の会,1,高谷 清彦,たかや あきひこ,高谷,清彦,たかや,あきひこ,42,NA,新,0,神奈川4区,0,0,24.773
南関東,日本維新の会,1,串田 誠一,くしだ せいいち,串田,誠一,くしだ,せいいち,63,NA,前,1,神奈川6区,0,0,30.532
南関東,日本維新の会,1,吉田 大成,よしだ たいせい,吉田,大成,よしだ,たいせい,51,NA,新,0,神奈川9区,0,0,29.275
南関東,日本維新の会,1,金村 龍那,かねむら りゅうな,金村,龍那,かねむら,りゅうな,42,NA,新,0,神奈川10区,0,1,66.386
南関東,日本維新の会,1,水戸 将史,みと まさし,水戸,将史,みと,まさし,59,NA,元,1,神奈川12区,0,0,39.734
南関東,日本維新の会,1,横田 光弘,よこた みつひろ,横田,光弘,よこた,みつひろ,63,NA,新,0,神奈川18区,0,0,34.529
南関東,ＮＨＫと裁判してる党弁護士法７２条違反で,1,渡辺 敏光,わたなべ としみつ,渡辺,敏光,わたなべ,としみつ,37,NA,新,0,比例単独,0,0,NA
東京,自由民主党,1,高木 啓,たかぎ けい,高木,啓,たかぎ,けい,56,NA,前,1,比例単独,0,1,NA
東京,自由民主党,2,山田 美樹,やまだ みき,山田,美樹,やまだ,みき,47,公明,前,3,東京1区,1,0,NA
東京,自由民主党,2,辻 清人,つじ きよと,辻,清人,つじ,きよと,42,公明,前,3,東京2区,1,0,NA
東京,自由民主党,2,石原 宏高,いしはら ひろたか,石原,宏高,いしはら,ひろたか,57,公明,前,4,東京3区,0,1,93.431
東京,自由民主党,2,平 将明,たいら まさあき,平,将明,たいら,まさあき,54,公明,前,5,東京4区,1,0,NA
東京,自由民主党,2,若宮 健嗣,わかみや けんじ,若宮,健嗣,わかみや,けんじ,60,公明,前,4,東京5区,0,1,95.142
東京,自由民主党,2,越智 隆雄,おち たかお,越智,隆雄,おち,たかお,57,公明,前,4,東京6区,0,1,95.476
東京,自由民主党,2,松本 文明,まつもと ふみあき,松本,文明,まつもと,ふみあき,72,公明,前,4,東京7区,0,0,65.108
東京,自由民主党,2,石原 伸晃,いしはら のぶてる,石原,伸晃,いしはら,のぶてる,64,NA,前,10,東京8区,0,0,76.729
東京,自由民主党,2,安藤 高夫,あんどう たかお,安藤,高夫,あんどう,たかお,62,公明,前,1,東京9区,0,0,87.026
東京,自由民主党,2,鈴木 隼人,すずき はやと,鈴木,隼人,すずき,はやと,44,公明,前,2,東京10区,1,0,NA
東京,自由民主党,2,下村 博文,しもむら はくぶん,下村,博文,しもむら,はくぶん,67,公明,前,8,東京11区,1,0,NA
東京,自由民主党,2,土田 慎,つちだ しん,土田,慎,つちだ,しん,31,公明,新,0,東京13区,1,0,NA
東京,自由民主党,2,松島 みどり,まつしま みどり,松島,みどり,まつしま,みどり,65,公明,前,6,東京14区,1,0,NA
東京,自由民主党,2,長島 昭久,ながしま あきひさ,長島,昭久,ながしま,あきひさ,59,公明,前,6,東京18区,0,1,94.913
東京,自由民主党,2,松本 洋平,まつもと ようへい,松本,洋平,まつもと,ようへい,48,公明,前,4,東京19区,0,1,98.08
東京,自由民主党,2,木原 誠二,きはら せいじ,木原,誠二,きはら,せいじ,51,公明,前,4,東京20区,1,0,NA
東京,自由民主党,2,小田原 潔,おだわら きよし,小田原,潔,おだわら,きよし,57,公明,前,3,東京21区,1,0,NA
東京,自由民主党,2,伊藤 達也,いとう たつや,伊藤,達也,いとう,たつや,60,公明,前,8,東京22区,1,0,NA
東京,自由民主党,2,小倉 将信,おぐら まさのぶ,小倉,将信,おぐら,まさのぶ,40,公明,前,3,東京23区,1,0,NA
東京,自由民主党,2,萩生田 光一,はぎうだ こういち,萩生田,光一,はぎうだ,こういち,58,公明,前,5,東京24区,1,0,NA
東京,自由民主党,2,井上 信治,いのうえ しんじ,井上,信治,いのうえ,しんじ,52,公明,前,6,東京25区,1,0,NA
東京,自由民主党,23,伊藤 智加,いとう ともか,伊藤,智加,いとう,ともか,58,NA,新,0,比例単独,0,0,NA
東京,自由民主党,24,松野 未佳,まつの みか,松野,未佳,まつの,みか,26,NA,新,0,比例単独,0,0,NA
東京,自由民主党,25,小松 裕,こまつ ゆたか,小松,裕,こまつ,ゆたか,59,NA,前,3,比例単独,0,0,NA
東京,自由民主党,26,西田 譲,にしだ ゆずる,西田,譲,にしだ,ゆずる,46,NA,元,1,比例単独,0,0,NA
東京,自由民主党,27,和泉 武彦,いずみ たけひこ,和泉,武彦,いずみ,たけひこ,53,NA,新,0,比例単独,0,0,NA
東京,自由民主党,28,崎山 知尚,さきやま ちしょう,崎山,知尚,さきやま,ちしょう,56,NA,新,0,比例単独,0,0,NA
東京,社会民主党,1,朝倉 玲子,あさくら れいこ,朝倉,玲子,あさくら,れいこ,62,NA,新,0,東京24区,0,0,11.122
東京,国民民主党,1,佐藤 由美,さとう ゆみ,佐藤,由美,さとう,ゆみ,49,NA,新,0,東京24区,0,0,29.866
東京,国民民主党,1,円 より子,まどか よりこ,円,より子,まどか,よりこ,74,NA,新,0,東京17区,0,0,25.215
東京,国民民主党,3,竹内 淳太郎,たけうち じゅんたろう,竹内,淳太郎,たけうち,じゅんたろう,54,NA,新,0,比例単独,0,0,NA
東京,日本維新の会,1,小野 泰輔,おの たいすけ,小野,泰輔,おの,たいすけ,47,NA,新,0,東京1区,0,1,60.756
東京,日本維新の会,1,木内 孝胤,きうち たかたね,木内,孝胤,きうち,たかたね,55,NA,元,2,東京2区,0,0,38.358
東京,日本維新の会,1,林 智興,はやし ともおき,林,智興,はやし,ともおき,45,NA,新,0,東京4区,0,0,45.755
東京,日本維新の会,1,田淵 正文,たぶち まさふみ,田淵,正文,たぶち,まさふみ,63,NA,新,0,東京5区,0,0,48.867
東京,日本維新の会,1,碓井 梨恵,うすい りえ,碓井,梨恵,うすい,りえ,36,NA,新,0,東京6区,0,0,53.998
東京,日本維新の会,1,辻 健太郎,つじ けんたろう,辻,健太郎,つじ,けんたろう,35,NA,新,0,東京7区,0,0,30.336
東京,日本維新の会,1,笠谷 圭司,かさたに けいじ,笠谷,圭司,かさたに,けいじ,41,NA,新,0,東京8区,0,0,29.68
東京,日本維新の会,1,南 純,みなみ じゅん,南,純,みなみ,じゅん,38,NA,新,0,東京9区,0,0,43.695
東京,日本維新の会,1,藤川 隆史,ふじかわ たかし,藤川,隆史,ふじかわ,たかし,65,NA,新,0,東京10区,0,0,26.557
東京,日本維新の会,1,阿部 司,あべ つかさ,阿部,司,あべ,つかさ,39,NA,新,0,東京12区,0,1,79.511
東京,日本維新の会,1,西村 恵美,にしむら えみ,西村,恵美,にしむら,えみ,58,NA,新,0,東京14区,0,0,45.561
東京,日本維新の会,1,金沢 結衣,かなざわ ゆい,金沢,結衣,かなざわ,ゆい,31,NA,新,0,東京15区,0,0,58.853
東京,日本維新の会,1,中津川 博郷,なかつがわ ひろさと,中津川,博郷,なかつがわ,ひろさと,72,NA,元,3,東京16区,0,0,44.266
東京,日本維新の会,1,猪口 幸子,いのくち さちこ,猪口,幸子,いのくち,さちこ,65,NA,新,0,東京17区,0,0,43.774
東京,日本維新の会,1,山崎 英昭,やまざき ひであき,山崎,英昭,やまざき,ひであき,48,NA,新,0,東京19区,0,0,34.315
東京,日本維新の会,1,前田 順一郎,まえだ じゅんいちろう,前田,順一郎,まえだ,じゅんいちろう,46,NA,新,0,東京20区,0,0,35.428
東京,日本維新の会,1,竹田 光明,たけだ みつあき,竹田,光明,たけだ,みつあき,66,NA,元,1,東京21区,0,0,31.598
東京,日本第一党,1,中村 和弘,なかむら かずひろ,中村,和弘,なかむら,かずひろ,55,NA,新,0,比例単独,0,0,NA
東京,日本第一党,2,岡村 幹雄,おかむら みきお,岡村,幹雄,おかむら,みきお,64,NA,新,0,比例単独,0,0,NA
東京,日本第一党,3,堀切 笹美,ほりきり ささみ,堀切,笹美,ほりきり,ささみ,46,NA,新,0,比例単独,0,0,NA
東京,日本第一党,4,先崎 玲,せんざき れい,先崎,玲,せんざき,れい,64,NA,新,0,比例単独,0,0,NA
東京,れいわ新選組,1,山本 太郎,やまもと たろう,山本,太郎,やまもと,たろう,46,NA,新,0,比例単独,0,1,NA
東京,れいわ新選組,2,北村 造,きたむら いたる,北村,造,きたむら,いたる,38,NA,新,0,東京2区,0,0,12.145
東京,れいわ新選組,2,櫛渕 万里,くしぶち まり,櫛渕,万里,くしぶち,まり,54,NA,元,1,東京22区,0,0,24.347
東京,れいわ新選組,4,渡辺 照子,わたなべ てるこ,渡辺,照子,わたなべ,てるこ,62,NA,新,0,比例単独,0,0,NA
東京,公明党,1,高木 陽介,たかぎ ようすけ,高木,陽介,たかぎ,ようすけ,61,NA,前,8,比例単独,0,1,NA
東京,公明党,2,河西 宏一,かさい こういち,河西,宏一,かさい,こういち,42,NA,新,0,比例単独,0,1,NA
東京,公明党,3,藤井 伸城,ふじい のぶしろ,藤井,伸城,ふじい,のぶしろ,42,NA,新,0,比例単独,0,0,NA
東京,公明党,4,大沼 伸貴,おおぬま のぶたか,大沼,伸貴,おおぬま,のぶたか,40,NA,新,0,比例単独,0,0,NA
東京,新党やまと,1,石崎 英幸,いしざき ひでゆき,石崎,英幸,いしざき,ひでゆき,52,NA,新,0,比例単独,0,0,NA
東京,新党やまと,2,鈴木 一郎,すずき いちろう,鈴木,一郎,すずき,いちろう,68,NA,新,0,比例単独,0,0,NA
東京,新党やまと,3,吹田 英駿,すいた ひでとし,吹田,英駿,すいた,ひでとし,25,NA,新,0,比例単独,0,0,NA
東京,新党やまと,4,小林 明子,こばやし あきこ,小林,明子,こばやし,あきこ,53,NA,新,0,比例単独,0,0,NA
東京,日本共産党,1,笠井 亮,かさい あきら,笠井,亮,かさい,あきら,69,NA,前,5,比例単独,0,1,NA
東京,日本共産党,2,宮本 徹,みやもと とおる,宮本,徹,みやもと,とおる,49,NA,前,2,東京20区,0,1,54.691
東京,日本共産党,3,池内 沙織,いけうち さおり,池内,沙織,いけうち,さおり,39,れいわ,元,1,東京12区,0,0,71.221
東京,日本共産党,4,谷川 智行,たにがわ ともゆき,谷川,智行,たにがわ,ともゆき,50,NA,新,0,東京4区,0,0,48.393
東京,日本共産党,5,坂井 和歌子,さかい わかこ,坂井,和歌子,さかい,わかこ,44,NA,新,0,比例単独,0,0,NA
東京,日本共産党,6,細野 真理,ほその まり,細野,真理,ほその,まり,40,NA,新,0,比例単独,0,0,NA
東京,日本共産党,7,小堤 東,こづつみ あづま,小堤,東,こづつみ,あづま,32,NA,新,0,比例単独,0,0,NA
東京,立憲民主党,1,海江田 万里,かいえだ ばんり,海江田,万里,かいえだ,ばんり,72,NA,前,7,東京1区,0,1,90.83
東京,立憲民主党,1,松尾 明弘,まつお あきひろ,松尾,明弘,まつお,あきひろ,46,NA,前,1,東京2区,0,0,75.805
東京,立憲民主党,1,松原 仁,まつばら じん,松原,仁,まつばら,じん,65,NA,前,7,東京3区,1,0,NA
東京,立憲民主党,1,手塚 仁雄,てづか よしお,手塚,仁雄,てづか,よしお,55,れいわ,前,4,東京5区,1,0,NA
東京,立憲民主党,1,落合 貴之,おちあい たかゆき,落合,貴之,おちあい,たかゆき,42,れいわ,前,2,東京6区,1,0,NA
東京,立憲民主党,1,長妻 昭,ながつま あきら,長妻,昭,ながつま,あきら,61,NA,前,7,東京7区,1,0,NA
東京,立憲民主党,1,吉田 晴美,よしだ はるみ,吉田,晴美,よしだ,はるみ,49,れいわ,新,0,東京8区,1,0,NA
東京,立憲民主党,1,山岸 一生,やまぎし いっせい,山岸,一生,やまぎし,いっせい,40,NA,新,0,東京9区,1,0,NA
東京,立憲民主党,1,鈴木 庸介,すずき ようすけ,鈴木,庸介,すずき,ようすけ,45,れいわ,新,0,東京10区,0,1,93.743
東京,立憲民主党,1,阿久津 幸彦,あくつ ゆきひこ,阿久津,幸彦,あくつ,ゆきひこ,65,NA,前,4,東京11区,0,0,71.559
東京,立憲民主党,1,北條 智彦,きたじょう ともひこ,北條,智彦,きたじょう,ともひこ,38,NA,新,0,東京13区,0,0,68.008
東京,立憲民主党,1,木村 剛司,きむら たけつか,木村,剛司,きむら,たけつか,50,NA,元,1,東京14区,0,0,74.467
東京,立憲民主党,1,井戸 まさえ,いど まさえ,井戸,まさえ,いど,まさえ,55,NA,元,1,東京15区,0,0,77.337
東京,立憲民主党,1,水野 素子,みずの もとこ,水野,素子,みずの,もとこ,51,NA,新,0,東京16区,0,0,77.06
東京,立憲民主党,1,菅 直人,かん なおと,菅,直人,かん,なおと,75,NA,前,13,東京18区,1,0,NA
東京,立憲民主党,1,末松 義規,すえまつ よしのり,末松,義規,すえまつ,よしのり,64,NA,前,6,東京19区,1,0,NA
東京,立憲民主党,1,大河原 雅子,おおかわら まさこ,大河原,雅子,おおかわら,まさこ,68,NA,前,1,東京21区,0,1,88.132
東京,立憲民主党,1,山花 郁夫,やまはな いくお,山花,郁夫,やまはな,いくお,54,NA,前,4,東京22区,0,0,85.566
東京,立憲民主党,1,伊藤 俊輔,いとう しゅんすけ,伊藤,俊輔,いとう,しゅんすけ,42,れいわ,前,1,東京23区,0,1,95.139
東京,立憲民主党,1,島田 幸成,しまだ ゆきなり,島田,幸成,しまだ,ゆきなり,53,NA,新,0,東京25区,0,0,68.47
東京,立憲民主党,21,高松 智之,たかまつ さとし,高松,智之,たかまつ,さとし,47,NA,新,0,比例単独,0,0,NA
東京,立憲民主党,22,川島 智太郎,かわしま ともたろう,川島,智太郎,かわしま,ともたろう,57,NA,元,1,比例単独,0,0,NA
東京,立憲民主党,23,北出 美翔,きたで みか,北出,美翔,きたで,みか,35,NA,新,0,比例単独,0,0,NA
東京,政権交代によるコロナ対策強化新党,1,清水 三雄,しみず みつお,清水,三雄,しみず,みつお,80,NA,新,0,比例単独,0,0,NA
東京,政権交代によるコロナ対策強化新党,2,ゆっこママ,ゆっこまま,ゆっこママ,NA,ゆっこまま,NA,35,NA,新,0,比例単独,NA,NA,NA
東京,政権交代によるコロナ対策強化新党,3,橋本 浩二,はしもと こうじ,橋本,浩二,はしもと,こうじ,62,NA,新,0,比例単独,0,0,NA
東京,政権交代によるコロナ対策強化新党,4,森岡 匠,もりおか たくみ,森岡,匠,もりおか,たくみ,46,NA,新,0,比例単独,0,0,NA
東京,ＮＨＫと裁判してる党弁護士法７２条違反で,1,田中 健,たなか けん,田中,健,たなか,けん,55,NA,新,0,東京16区,0,0,7.057
北陸信越,国民民主党,1,高倉 栄,たかくら さかえ,高倉,栄,たかくら,さかえ,50,NA,新,0,新潟2区,0,0,35.244
北陸信越,立憲民主党,1,西村 智奈美,にしむら ちなみ,西村,智奈美,にしむら,ちなみ,54,NA,前,5,新潟1区,1,0,NA
北陸信越,立憲民主党,1,黒岩 宇洋,くろいわ たかひろ,黒岩,宇洋,くろいわ,たかひろ,55,NA,前,3,新潟3区,0,0,86.525
北陸信越,立憲民主党,1,菊田 真紀子,きくた まきこ,菊田,真紀子,きくた,まきこ,52,NA,前,6,新潟4区,1,0,NA
北陸信越,立憲民主党,1,梅谷 守,うめたに まもる,梅谷,守,うめたに,まもる,47,NA,新,0,新潟6区,1,0,NA
北陸信越,立憲民主党,1,西尾 政英,にしお まさえい,西尾,政英,にしお,まさえい,60,NA,新,0,富山1区,0,0,20.312
北陸信越,立憲民主党,1,越川 康晴,こしかわ やすはる,越川,康晴,こしかわ,やすはる,57,NA,新,0,富山2区,0,0,46.173
北陸信越,立憲民主党,1,荒井 淳志,あらい あつし,荒井,淳志,あらい,あつし,27,NA,新,0,石川1区,0,0,54.903
北陸信越,立憲民主党,1,近藤 和也,こんどう かずや,近藤,和也,こんどう,かずや,47,NA,前,2,石川3区,0,1,95.111
北陸信越,立憲民主党,1,野田 富久,のだ とみひさ,野田,富久,のだ,とみひさ,74,NA,新,0,福井1区,0,0,52.76
北陸信越,立憲民主党,1,斉木 武志,さいき たけし,斉木,武志,さいき,たけし,47,NA,前,2,福井2区,0,0,85.654
北陸信越,立憲民主党,1,篠原 孝,しのはら たかし,篠原,孝,しのはら,たかし,73,NA,前,6,長野1区,0,1,94.968
北陸信越,立憲民主党,1,下条 みつ,しもじょう みつ,下条,みつ,しもじょう,みつ,65,NA,前,4,長野2区,1,0,NA
北陸信越,立憲民主党,1,神津 健,こうづ たけし,神津,健,こうづ,たけし,44,NA,新,0,長野3区,0,1,90.965
北陸信越,立憲民主党,1,曽我 逸郎,そが いつろう,曽我,逸郎,そが,いつろう,65,れいわ,新,0,長野5区,0,0,82.275
北陸信越,立憲民主党,15,石本 伸二,いしもと しんじ,石本,伸二,いしもと,しんじ,60,NA,新,0,比例単独,0,0,NA
北陸信越,社会民主党,1,五十田 裕子,いそだ ゆうこ,五十田,裕子,いそだ,ゆうこ,60,NA,新,0,比例単独,0,0,NA
北陸信越,公明党,1,中川 宏昌,なかがわ ひろまさ,中川,宏昌,なかがわ,ひろまさ,51,NA,新,0,比例単独,0,1,NA
北陸信越,公明党,2,小松 実,こまつ みのる,小松,実,こまつ,みのる,56,NA,新,0,比例単独,0,0,NA
北陸信越,日本維新の会,1,石崎 徹,いしざき とおる,石崎,徹,いしざき,とおる,37,NA,元,3,新潟1区,0,0,14.394
北陸信越,日本維新の会,1,吉田 豊史,よしだ とよふみ,吉田,豊史,よしだ,とよふみ,51,NA,元,1,富山1区,0,1,63.338
北陸信越,日本維新の会,1,小林 誠,こばやし まこと,小林,誠,こばやし,まこと,44,NA,新,0,石川1区,0,0,51.701
北陸信越,日本維新の会,1,手塚 大輔,てづか だいすけ,手塚,大輔,てづか,だいすけ,38,NA,新,0,長野2区,0,0,42.435
北陸信越,日本共産党,1,藤野 保史,ふじの やすふみ,藤野,保史,ふじの,やすふみ,51,NA,前,2,比例単独,0,0,NA
北陸信越,日本共産党,2,平 あや子,たいら あやこ,平,あや子,たいら,あやこ,41,NA,新,0,新潟2区,0,0,31.68
北陸信越,日本共産党,3,金元 幸枝,かねもと ゆきえ,金元,幸枝,かねもと,ゆきえ,63,NA,新,0,比例単独,0,0,NA
北陸信越,自由民主党,1,鷲尾 英一郎,わしお えいいちろう,鷲尾,英一郎,わしお,えいいちろう,44,NA,前,5,比例単独,0,1,NA
北陸信越,自由民主党,2,塚田 一郎,つかだ いちろう,塚田,一郎,つかだ,いちろう,57,公明,新,0,新潟1区,0,1,75.837
北陸信越,自由民主党,2,細田 健一,ほそだ けんいち,細田,健一,ほそだ,けんいち,57,公明,前,3,新潟2区,1,0,NA
北陸信越,自由民主党,2,斎藤 洋明,さいとう ひろあき,斎藤,洋明,さいとう,ひろあき,44,公明,前,3,新潟3区,1,0,NA
北陸信越,自由民主党,2,国定 勇人,くにさだ いさと,国定,勇人,くにさだ,いさと,49,公明,新,0,新潟4区,0,1,99.755
北陸信越,自由民主党,2,泉田 裕彦,いずみだ ひろひこ,泉田,裕彦,いずみだ,ひろひこ,59,公明,前,1,新潟5区,0,1,76.575
北陸信越,自由民主党,2,高鳥 修一,たかとり しゅういち,高鳥,修一,たかとり,しゅういち,61,公明,前,4,新潟6区,0,1,99.856
北陸信越,自由民主党,2,田畑 裕明,たばた ひろあき,田畑,裕明,たばた,ひろあき,48,公明,前,3,富山1区,1,0,NA
北陸信越,自由民主党,2,上田 英俊,うえだ えいしゅん,上田,英俊,うえだ,えいしゅん,56,公明,新,0,富山2区,1,0,NA
北陸信越,自由民主党,2,橘 慶一郎,たちばな けいいちろう,橘,慶一郎,たちばな,けいいちろう,60,公明,前,4,富山3区,1,0,NA
北陸信越,自由民主党,2,小森 卓郎,こもり たくお,小森,卓郎,こもり,たくお,51,公明,新,0,石川1区,1,0,NA
北陸信越,自由民主党,2,佐々木 紀,ささき はじめ,佐々木,紀,ささき,はじめ,47,公明,前,3,石川2区,1,0,NA
北陸信越,自由民主党,2,西田 昭二,にしだ しょうじ,西田,昭二,にしだ,しょうじ,52,公明,前,1,石川3区,1,0,NA
北陸信越,自由民主党,2,稲田 朋美,いなだ ともみ,稲田,朋美,いなだ,ともみ,62,公明,前,5,福井1区,1,0,NA
北陸信越,自由民主党,2,高木 毅,たかぎ つよし,高木,毅,たかぎ,つよし,65,公明,前,7,福井2区,1,0,NA
北陸信越,自由民主党,2,若林 健太,わかばやし けんた,若林,健太,わかばやし,けんた,57,公明,新,0,長野1区,1,0,NA
北陸信越,自由民主党,2,務台 俊介,むたい しゅんすけ,務台,俊介,むたい,しゅんすけ,65,公明,前,3,長野2区,0,1,68.011
北陸信越,自由民主党,2,井出 庸生,いで ようせい,井出,庸生,いで,ようせい,43,公明,前,3,長野3区,1,0,NA
北陸信越,自由民主党,2,後藤 茂之,ごとう しげゆき,後藤,茂之,ごとう,しげゆき,65,公明,前,6,長野4区,1,0,NA
北陸信越,自由民主党,2,宮下 一郎,みやした いちろう,宮下,一郎,みやした,いちろう,63,公明,前,5,長野5区,1,0,NA
北陸信越,自由民主党,21,山本 拓,やまもと たく,山本,拓,やまもと,たく,69,NA,前,8,比例単独,0,0,NA
北陸信越,自由民主党,22,佐藤 俊,さとう しゅん,佐藤,俊,さとう,しゅん,40,NA,新,0,比例単独,0,0,NA
北陸信越,自由民主党,23,工藤 昌克,くどう まさかつ,工藤,昌克,くどう,まさかつ,45,NA,新,0,比例単独,0,0,NA
北陸信越,自由民主党,24,滝沢 圭隆,たきざわ けいりゅう,滝沢,圭隆,たきざわ,けいりゅう,54,NA,新,0,比例単独,0,0,NA
北陸信越,自由民主党,25,近藤 真衣,こんどう まい,近藤,真衣,こんどう,まい,25,NA,新,0,比例単独,0,0,NA
北陸信越,れいわ新選組,1,辻村 千尋,つじむら ちひろ,辻村,千尋,つじむら,ちひろ,53,NA,新,0,比例単独,0,0,NA
北陸信越,ＮＨＫと裁判してる党弁護士法７２条違反で,1,池 高生,いけ たかお,池,高生,いけ,たかお,53,NA,新,0,長野3区,0,0,3.101
東海,国民民主党,1,大谷 由里子,おおたに ゆりこ,大谷,由里子,おおたに,ゆりこ,58,NA,新,0,岐阜2区,0,0,36.944
東海,国民民主党,1,高橋 美穂,たかはし みほ,高橋,美穂,たかはし,みほ,56,NA,元,1,静岡1区,0,0,20.687
東海,国民民主党,1,田中 健,たなか けん,田中,健,たなか,けん,44,NA,新,0,静岡4区,0,1,58.589
東海,国民民主党,1,古川 元久,ふるかわ もとひさ,古川,元久,ふるかわ,もとひさ,55,NA,前,8,愛知2区,1,0,NA
東海,自由民主党,1,野田 聖子,のだ せいこ,野田,聖子,のだ,せいこ,61,公明,前,9,岐阜1区,1,0,NA
東海,自由民主党,1,棚橋 泰文,たなはし やすふみ,棚橋,泰文,たなはし,やすふみ,58,公明,前,8,岐阜2区,1,0,NA
東海,自由民主党,1,武藤 容治,むとう ようじ,武藤,容治,むとう,ようじ,66,公明,前,4,岐阜3区,1,0,NA
東海,自由民主党,1,金子 俊平,かねこ しゅんぺい,金子,俊平,かねこ,しゅんぺい,43,公明,前,1,岐阜4区,1,0,NA
東海,自由民主党,1,古屋 圭司,ふるや けいじ,古屋,圭司,ふるや,けいじ,69,公明,前,10,岐阜5区,1,0,NA
東海,自由民主党,1,上川 陽子,かみかわ ようこ,上川,陽子,かみかわ,ようこ,68,公明,前,6,静岡1区,1,0,NA
東海,自由民主党,1,井林 辰憲,いばやし たつのり,井林,辰憲,いばやし,たつのり,45,公明,前,3,静岡2区,1,0,NA
東海,自由民主党,1,宮沢 博行,みやざわ ひろゆき,宮沢,博行,みやざわ,ひろゆき,46,公明,前,3,静岡3区,0,1,89.606
東海,自由民主党,1,深沢 陽一,ふかざわ よういち,深沢,陽一,ふかざわ,よういち,45,公明,前,1,静岡4区,1,0,NA
東海,自由民主党,1,吉川 赳,よしかわ たける,吉川,赳,よしかわ,たける,39,NA,前,2,静岡5区,0,1,48.077
東海,自由民主党,1,勝俣 孝明,かつまた たかあき,勝俣,孝明,かつまた,たかあき,45,公明,前,3,静岡6区,1,0,NA
東海,自由民主党,1,城内 実,きうち みのる,城内,実,きうち,みのる,56,公明,前,5,静岡7区,1,0,NA
東海,自由民主党,1,塩谷 立,しおのや りゅう,塩谷,立,しおのや,りゅう,71,公明,前,9,静岡8区,0,1,79.159
東海,自由民主党,1,熊田 裕通,くまだ ひろみち,熊田,裕通,くまだ,ひろみち,57,公明,前,3,愛知1区,1,0,NA
東海,自由民主党,1,中川 貴元,なかがわ たかもと,中川,貴元,なかがわ,たかもと,54,公明,新,0,愛知2区,0,1,60.441
東海,自由民主党,1,池田 佳隆,いけだ よしたか,池田,佳隆,いけだ,よしたか,55,公明,前,3,愛知3区,0,1,81.951
東海,自由民主党,1,工藤 彰三,くどう しょうぞう,工藤,彰三,くどう,しょうぞう,56,公明,前,3,愛知4区,1,0,NA
東海,自由民主党,1,神田 憲次,かんだ けんじ,神田,憲次,かんだ,けんじ,58,公明,前,3,愛知5区,1,0,NA
東海,自由民主党,1,丹羽 秀樹,にわ ひでき,丹羽,秀樹,にわ,ひでき,48,公明,前,5,愛知6区,1,0,NA
東海,自由民主党,1,鈴木 淳司,すずき じゅんじ,鈴木,淳司,すずき,じゅんじ,63,公明,前,5,愛知7区,1,0,NA
東海,自由民主党,1,伊藤 忠彦,いとう ただひこ,伊藤,忠彦,いとう,ただひこ,57,公明,前,4,愛知8区,1,0,NA
東海,自由民主党,1,長坂 康正,ながさか やすまさ,長坂,康正,ながさか,やすまさ,64,公明,前,3,愛知9区,1,0,NA
東海,自由民主党,1,青山 周平,あおやま しゅうへい,青山,周平,あおやま,しゅうへい,44,公明,前,3,愛知12区,0,1,89.86
東海,自由民主党,1,石井 拓,いしい たく,石井,拓,いしい,たく,56,公明,新,0,愛知13区,0,1,89.681
東海,自由民主党,1,今枝 宗一郎,いまえだ そういちろう,今枝,宗一郎,いまえだ,そういちろう,37,公明,前,3,愛知14区,1,0,NA
東海,自由民主党,1,根本 幸典,ねもと ゆきのり,根本,幸典,ねもと,ゆきのり,56,公明,前,3,愛知15区,1,0,NA
東海,自由民主党,1,田村 憲久,たむら のりひさ,田村,憲久,たむら,のりひさ,56,公明,前,8,三重1区,1,0,NA
東海,自由民主党,1,川崎 秀人,かわさき ひでと,川崎,秀人,かわさき,ひでと,39,公明,新,0,三重2区,1,0,NA
東海,自由民主党,1,石原 正敬,いしはら まさたか,石原,正敬,いしはら,まさたか,49,公明,新,0,三重3区,0,1,56.126
東海,自由民主党,1,鈴木 英敬,すずき えいけい,鈴木,英敬,すずき,えいけい,47,公明,新,0,三重4区,1,0,NA
東海,自由民主党,31,山本 左近,やまもと さこん,山本,左近,やまもと,さこん,39,NA,新,0,比例単独,0,1,NA
東海,自由民主党,32,木造 燿子,きつくり ようこ,木造,燿子,きつくり,ようこ,29,NA,新,0,比例単独,0,0,NA
東海,自由民主党,33,森 由起子,もり ゆきこ,森,由起子,もり,ゆきこ,50,NA,新,0,比例単独,0,0,NA
東海,自由民主党,34,松本 忠真,まつもと ただまさ,松本,忠真,まつもと,ただまさ,52,NA,新,0,比例単独,0,0,NA
東海,自由民主党,35,岡本 康宏,おかもと やすひろ,岡本,康宏,おかもと,やすひろ,39,NA,新,0,比例単独,0,0,NA
東海,日本共産党,1,本村 伸子,もとむら のぶこ,本村,伸子,もとむら,のぶこ,49,NA,前,2,比例単独,0,1,NA
東海,日本共産党,2,島津 幸広,しまづ ゆきひろ,島津,幸広,しまづ,ゆきひろ,65,NA,元,1,比例単独,0,0,NA
東海,日本共産党,3,長内 史子,おさない ふみこ,長内,史子,おさない,ふみこ,33,NA,新,0,比例単独,0,0,NA
東海,立憲民主党,1,川本 慧佑,かわもと けいすけ,川本,慧佑,かわもと,けいすけ,30,NA,新,0,岐阜1区,0,0,46.846
東海,立憲民主党,1,阪口 直人,さかぐち なおと,阪口,直人,さかぐち,なおと,58,NA,元,2,岐阜3区,0,0,70.729
東海,立憲民主党,1,今井 雅人,いまい まさと,今井,雅人,いまい,まさと,59,NA,前,4,岐阜4区,0,0,82.416
東海,立憲民主党,1,今井 瑠々,いまい るる,今井,瑠々,いまい,るる,25,NA,新,0,岐阜5区,0,0,83.534
東海,立憲民主党,1,遠藤 行洋,えんどう ゆきひろ,遠藤,行洋,えんどう,ゆきひろ,59,NA,新,0,静岡1区,0,0,52.984
東海,立憲民主党,1,福村 隆,ふくむら たかし,福村,隆,ふくむら,たかし,58,NA,新,0,静岡2区,0,0,54.188
東海,立憲民主党,1,小山 展弘,こやま のぶひろ,小山,展弘,こやま,のぶひろ,45,NA,元,2,静岡3区,1,0,NA
東海,立憲民主党,1,小野 範和,おの のりかず,小野,範和,おの,のりかず,48,NA,新,0,静岡5区,0,0,40.731
東海,立憲民主党,1,渡辺 周,わたなべ しゅう,渡辺,周,わたなべ,しゅう,59,NA,前,8,静岡6区,0,1,95.757
東海,立憲民主党,1,日吉 雄太,ひよし ゆうた,日吉,雄太,ひよし,ゆうた,53,NA,前,1,静岡7区,0,0,46.703
東海,立憲民主党,1,源馬 謙太郎,げんま けんたろう,源馬,謙太郎,げんま,けんたろう,48,NA,前,1,静岡8区,1,0,NA
東海,立憲民主党,1,吉田 統彦,よしだ つねひこ,吉田,統彦,よしだ,つねひこ,46,NA,前,2,愛知1区,0,1,97.449
東海,立憲民主党,1,近藤 昭一,こんどう しょういち,近藤,昭一,こんどう,しょういち,63,NA,前,8,愛知3区,1,0,NA
東海,立憲民主党,1,牧 義夫,まき よしお,牧,義夫,まき,よしお,63,NA,前,6,愛知4区,0,1,93.31
東海,立憲民主党,1,西川 厚志,にしかわ あつし,西川,厚志,にしかわ,あつし,52,NA,新,0,愛知5区,0,0,88.94
東海,立憲民主党,1,松田 功,まつだ いさお,松田,功,まつだ,いさお,53,NA,前,1,愛知6区,0,0,56.483
東海,立憲民主党,1,森本 和義,もりもと かずよし,森本,和義,もりもと,かずよし,55,NA,元,1,愛知7区,0,0,61.436
東海,立憲民主党,1,伴野 豊,ばんの ゆたか,伴野,豊,ばんの,ゆたか,60,NA,元,5,愛知8区,0,1,99.124
東海,立憲民主党,1,岡本 充功,おかもと みつのり,岡本,充功,おかもと,みつのり,50,NA,前,5,愛知9区,0,0,89.609
東海,立憲民主党,1,藤原 規真,ふじわら のりまさ,藤原,規真,ふじわら,のりまさ,43,NA,新,0,愛知10区,0,0,65.808
東海,立憲民主党,1,重徳 和彦,しげとく かずひこ,重徳,和彦,しげとく,かずひこ,50,NA,前,3,愛知12区,1,0,NA
東海,立憲民主党,1,大西 健介,おおにし けんすけ,大西,健介,おおにし,けんすけ,50,NA,前,4,愛知13区,1,0,NA
東海,立憲民主党,1,田中 克典,たなか かつのり,田中,克典,たなか,かつのり,47,NA,新,0,愛知14区,0,0,52.086
東海,立憲民主党,1,関 健一郎,せき けんいちろう,関,健一郎,せき,けんいちろう,43,NA,前,1,愛知15区,0,0,77.517
東海,立憲民主党,1,松田 直久,まつだ なおひさ,松田,直久,まつだ,なおひさ,67,NA,元,1,三重1区,0,0,52.542
東海,立憲民主党,1,中川 正春,なかがわ まさはる,中川,正春,なかがわ,まさはる,71,NA,前,8,三重2区,0,1,99.101
東海,立憲民主党,1,坊農 秀治,ぼうの しゅうじ,坊農,秀治,ぼうの,しゅうじ,49,NA,新,0,三重4区,0,0,32.085
東海,立憲民主党,28,芳野 正英,よしの まさひで,芳野,正英,よしの,まさひで,47,NA,新,0,比例単独,0,0,NA
東海,立憲民主党,29,大島 もえ,おおしま もえ,大島,もえ,おおしま,もえ,45,NA,新,0,比例単独,0,0,NA
東海,日本維新の会,1,佐伯 哲也,さえき てつや,佐伯,哲也,さえき,てつや,51,NA,新,0,岐阜4区,0,0,12.784
東海,日本維新の会,1,山田 良司,やまだ りょうじ,山田,良司,やまだ,りょうじ,61,NA,元,1,岐阜5区,0,0,12.078
東海,日本維新の会,1,青山 雅幸,あおやま まさゆき,青山,雅幸,あおやま,まさゆき,59,NA,前,1,静岡1区,0,0,17.343
東海,日本維新の会,1,中村 憲一,なかむら けんいち,中村,憲一,なかむら,けんいち,47,NA,新,0,静岡4区,0,0,29.043
東海,日本維新の会,1,山下 洸棋,やました こうき,山下,洸棋,やました,こうき,30,NA,新,0,静岡6区,0,0,21.2
東海,日本維新の会,1,中田 千代,なかた ちよ,中田,千代,なかた,ちよ,54,NA,新,0,愛知4区,0,0,35.434
東海,日本維新の会,1,岬 麻紀,みさき まき,岬,麻紀,みさき,まき,52,NA,新,0,愛知5区,0,1,54.008
東海,日本維新の会,1,杉本 和巳,すぎもと かずみ,杉本,和巳,すぎもと,かずみ,61,NA,前,3,愛知10区,0,1,77.183
東海,社会民主党,1,平山 良平,ひらやま りょうへい,平山,良平,ひらやま,りょうへい,73,NA,新,0,比例単独,0,0,NA
東海,れいわ新選組,1,安井 美沙子,やすい みさこ,安井,美沙子,やすい,みさこ,56,NA,新,0,愛知10区,0,0,25.878
東海,れいわ新選組,1,菅谷 竜,すがや りゅう,菅谷,竜,すがや,りゅう,40,NA,新,0,愛知15区,0,0,13.273
東海,公明党,1,大口 善徳,おおぐち よしのり,大口,善徳,おおぐち,よしのり,66,NA,前,8,比例単独,0,1,NA
東海,公明党,2,伊藤 渉,いとう わたる,伊藤,渉,いとう,わたる,51,NA,前,4,比例単独,0,1,NA
東海,公明党,3,中川 康洋,なかがわ やすひろ,中川,康洋,なかがわ,やすひろ,53,NA,元,1,比例単独,0,1,NA
東海,公明党,4,国森 光信,くにもり みつのぶ,国森,光信,くにもり,みつのぶ,52,NA,新,0,比例単独,0,0,NA
東海,公明党,5,越野 優一,こしの ゆういち,越野,優一,こしの,ゆういち,42,NA,新,0,比例単独,0,0,NA
東海,ＮＨＫと裁判してる党弁護士法７２条違反で,1,山田 いずみ,やまだ いずみ,山田,いずみ,やまだ,いずみ,35,NA,新,0,三重1区,0,0,5.969
近畿,れいわ新選組,1,高井 崇志,たかい たかし,高井,崇志,たかい,たかし,52,NA,前,3,滋賀3区,0,0,13.71
近畿,れいわ新選組,1,中 辰哉,なか たつや,中,辰哉,なか,たつや,45,NA,新,0,京都2区,0,0,10.015
近畿,れいわ新選組,1,大石 晃子,おおいし あきこ,大石,晃子,おおいし,あきこ,44,NA,新,0,大阪5区,0,1,32.112
近畿,れいわ新選組,1,西川 弘城,にしかわ ひろき,西川,弘城,にしかわ,ひろき,56,NA,新,0,大阪7区,0,0,6.758
近畿,れいわ新選組,1,辻 恵,つじ めぐむ,辻,恵,つじ,めぐむ,73,NA,元,2,兵庫8区,0,0,24.802
近畿,れいわ新選組,6,八幡 愛,やはた あい,八幡,愛,やはた,あい,34,NA,新,0,比例単独,0,0,NA
近畿,国民民主党,1,岸本 周平,きしもと しゅうへい,岸本,周平,きしもと,しゅうへい,65,NA,前,4,和歌山1区,1,0,NA
近畿,国民民主党,1,斎藤 アレックス,さいとう あれっくす,斎藤,アレックス,さいとう,あれっくす,36,NA,新,0,滋賀1区,0,1,86.278
近畿,国民民主党,1,佐藤 泰樹,さとう やすき,佐藤,泰樹,さとう,やすき,50,NA,新,0,兵庫3区,0,0,33.013
近畿,国民民主党,1,前原 誠司,まえはら せいじ,前原,誠司,まえはら,せいじ,59,NA,前,9,京都2区,1,0,NA
近畿,立憲民主党,1,田島 一成,たじま いっせい,田島,一成,たじま,いっせい,59,NA,元,4,滋賀2区,0,0,76.787
近畿,立憲民主党,1,徳永 久志,とくなが ひさし,徳永,久志,とくなが,ひさし,58,NA,新,0,滋賀4区,0,1,83.119
近畿,立憲民主党,1,泉 健太,いずみ けんた,泉,健太,いずみ,けんた,47,NA,前,7,京都3区,1,0,NA
近畿,立憲民主党,1,山本 和嘉子,やまもと わかこ,山本,和嘉子,やまもと,わかこ,53,NA,前,1,京都5区,0,0,46.741
近畿,立憲民主党,1,山井 和則,やまのい かずのり,山井,和則,やまのい,かずのり,59,NA,前,7,京都6区,1,0,NA
近畿,立憲民主党,1,村上 賀厚,むらかみ のりあつ,村上,賀厚,むらかみ,のりあつ,62,NA,新,0,大阪1区,0,0,25.859
近畿,立憲民主党,1,尾辻 かな子,おつじ かなこ,尾辻,かな子,おつじ,かなこ,46,NA,前,1,大阪2区,0,0,39.273
近畿,立憲民主党,1,萩原 仁,はぎはら ひとし,萩原,仁,はぎはら,ひとし,54,NA,元,1,大阪3区,0,0,52.494
近畿,立憲民主党,1,吉田 治,よしだ おさむ,吉田,治,よしだ,おさむ,59,NA,元,4,大阪4区,0,0,26.262
近畿,立憲民主党,1,村上 史好,むらかみ ふみよし,村上,史好,むらかみ,ふみよし,69,れいわ,前,3,大阪6区,0,0,55.381
近畿,立憲民主党,1,乃木 涼介,のぎ りょうすけ,乃木,涼介,のぎ,りょうすけ,57,NA,新,0,大阪7区,0,0,24.346
近畿,立憲民主党,1,松井 博史,まつい ひろふみ,松井,博史,まつい,ひろふみ,53,NA,新,0,大阪8区,0,0,36.601
近畿,立憲民主党,1,辻元 清美,つじもと きよみ,辻元,清美,つじもと,きよみ,61,NA,前,7,大阪10区,0,0,82.715
近畿,立憲民主党,1,平野 博文,ひらの ひろふみ,平野,博文,ひらの,ひろふみ,72,NA,前,7,大阪11区,0,0,57.005
近畿,立憲民主党,1,宇都宮 優子,うつのみや ゆうこ,宇都宮,優子,うつのみや,ゆうこ,45,NA,新,0,大阪12区,0,0,18.861
近畿,立憲民主党,1,森山 浩行,もりやま ひろゆき,森山,浩行,もりやま,ひろゆき,50,NA,前,2,大阪16区,0,1,85.818
近畿,立憲民主党,1,川戸 康嗣,かわと やすし,川戸,康嗣,かわと,やすし,46,NA,新,0,大阪18区,0,0,20.68
近畿,立憲民主党,1,長安 豊,ながやす たかし,長安,豊,ながやす,たかし,53,NA,元,3,大阪19区,0,0,47.197
近畿,立憲民主党,1,井坂 信彦,いさか のぶひこ,井坂,信彦,いさか,のぶひこ,47,NA,元,2,兵庫1区,1,0,NA
近畿,立憲民主党,1,舩川 治郎,ふなかわ じろう,舩川,治郎,ふなかわ,じろう,54,NA,新,0,兵庫2区,0,0,62.223
近畿,立憲民主党,1,今泉 真緒,いまいずみ まお,今泉,真緒,いまいずみ,まお,42,NA,新,0,兵庫4区,0,0,47.403
近畿,立憲民主党,1,梶原 康弘,かじわら やすひろ,梶原,康弘,かじわら,やすひろ,65,NA,元,2,兵庫5区,0,0,65.937
近畿,立憲民主党,1,桜井 周,さくらい しゅう,桜井,周,さくらい,しゅう,51,NA,前,1,兵庫6区,0,1,86.352
近畿,立憲民主党,1,安田 真理,やすだ まり,安田,真理,やすだ,まり,43,NA,新,0,兵庫7区,0,0,68.128
近畿,立憲民主党,1,隠樹 圭子,おき けいこ,隠樹,圭子,おき,けいこ,50,NA,新,0,兵庫10区,0,0,49.058
近畿,立憲民主党,1,酒井 孝典,さかい たかのり,酒井,孝典,さかい,たかのり,61,NA,新,0,兵庫12区,0,0,25.397
近畿,立憲民主党,1,馬淵 澄夫,まぶち すみお,馬淵,澄夫,まぶち,すみお,61,NA,前,6,奈良1区,1,0,NA
近畿,立憲民主党,1,猪奥 美里,いおく みさと,猪奥,美里,いおく,みさと,41,NA,新,0,奈良2区,0,0,38.296
近畿,立憲民主党,1,藤井 幹雄,ふじい みきお,藤井,幹雄,ふじい,みきお,60,NA,新,0,和歌山2区,0,0,44.924
近畿,立憲民主党,30,笹田 能美,ささだ よしみ,笹田,能美,ささだ,よしみ,56,NA,新,0,比例単独,0,0,NA
近畿,立憲民主党,31,豊田 潤多郎,とよだ じゅんたろう,豊田,潤多郎,とよだ,じゅんたろう,72,NA,元,2,比例単独,0,0,NA
近畿,社会民主党,1,大椿 裕子,おおつばき ゆうこ,大椿,裕子,おおつばき,ゆうこ,48,れいわ,新,0,大阪9区,0,0,31.668
近畿,公明党,1,竹内 譲,たけうち ゆずる,竹内,譲,たけうち,ゆずる,63,NA,前,5,比例単独,0,1,NA
近畿,公明党,2,浮島 智子,うきしま ともこ,浮島,智子,うきしま,ともこ,58,NA,前,3,比例単独,0,1,NA
近畿,公明党,3,鰐淵 洋子,わにぶち ようこ,鰐淵,洋子,わにぶち,ようこ,49,NA,前,1,比例単独,0,1,NA
近畿,公明党,4,浜村 進,はまむら すすむ,浜村,進,はまむら,すすむ,46,NA,前,3,比例単独,0,0,NA
近畿,公明党,5,田丸 義高,たまる よしたか,田丸,義高,たまる,よしたか,62,NA,新,0,比例単独,0,0,NA
近畿,公明党,6,鷲岡 秀明,わしおか ひであき,鷲岡,秀明,わしおか,ひであき,56,NA,新,0,比例単独,0,0,NA
近畿,公明党,7,田中 博之,たなか ひろゆき,田中,博之,たなか,ひろゆき,63,NA,新,0,比例単独,0,0,NA
近畿,公明党,8,井上 幸作,いのうえ こうさく,井上,幸作,いのうえ,こうさく,48,NA,新,0,比例単独,0,0,NA
近畿,自由民主党,1,奥野 信亮,おくの しんすけ,奥野,信亮,おくの,しんすけ,77,NA,前,5,比例単独,0,1,NA
近畿,自由民主党,2,柳本 顕,やなぎもと あきら,柳本,顕,やなぎもと,あきら,47,NA,新,0,比例単独,0,1,NA
近畿,自由民主党,3,大岡 敏孝,おおおか としたか,大岡,敏孝,おおおか,としたか,49,公明,前,3,滋賀1区,1,0,NA
近畿,自由民主党,3,上野 賢一郎,うえの けんいちろう,上野,賢一郎,うえの,けんいちろう,56,公明,前,4,滋賀2区,1,0,NA
近畿,自由民主党,3,武村 展英,たけむら のぶひで,武村,展英,たけむら,のぶひで,49,公明,前,3,滋賀3区,1,0,NA
近畿,自由民主党,3,小寺 裕雄,こてら ひろお,小寺,裕雄,こてら,ひろお,61,公明,前,1,滋賀4区,1,0,NA
近畿,自由民主党,3,勝目 康,かつめ やすし,勝目,康,かつめ,やすし,47,公明,新,0,京都1区,1,0,NA
近畿,自由民主党,3,繁本 護,しげもと まもる,繁本,護,しげもと,まもる,48,公明,前,1,京都2区,0,0,59.698
近畿,自由民主党,3,木村 弥生,きむら やよい,木村,弥生,きむら,やよい,56,公明,前,2,京都3区,0,0,69.095
近畿,自由民主党,3,田中 英之,たなか ひでゆき,田中,英之,たなか,ひでゆき,51,公明,前,3,京都4区,0,1,83.99
近畿,自由民主党,3,本田 太郎,ほんだ たろう,本田,太郎,ほんだ,たろう,47,公明,前,1,京都5区,1,0,NA
近畿,自由民主党,3,大西 宏幸,おおにし ひろゆき,大西,宏幸,おおにし,ひろゆき,54,公明,前,2,大阪1区,0,0,60.974
近畿,自由民主党,3,左藤 章,さとう あきら,左藤,章,さとう,あきら,70,公明,前,5,大阪2区,0,0,66.938
近畿,自由民主党,3,中山 泰秀,なかやま やすひで,中山,泰秀,なかやま,やすひで,51,公明,前,5,大阪4区,0,0,67.699
近畿,自由民主党,3,渡嘉敷 奈緒美,とかしき なおみ,渡嘉敷,奈緒美,とかしき,なおみ,59,公明,前,4,大阪7区,0,0,69.855
近畿,自由民主党,3,高麗 啓一郎,こうらい けいいちろう,高麗,啓一郎,こうらい,けいいちろう,41,公明,新,0,大阪8区,0,0,51.275
近畿,自由民主党,3,大隈 和英,おおくま かずひで,大隈,和英,おおくま,かずひで,52,公明,前,2,大阪10区,0,0,65.293
近畿,自由民主党,3,佐藤 ゆかり,さとう ゆかり,佐藤,ゆかり,さとう,ゆかり,60,公明,前,3,大阪11区,0,0,66.733
近畿,自由民主党,3,北川 晋平,きたかわ しんぺい,北川,晋平,きたかわ,しんぺい,34,公明,新,0,大阪12区,0,0,63.087
近畿,自由民主党,3,宗清 皇一,むねきよ こういち,宗清,皇一,むねきよ,こういち,51,公明,前,2,大阪13区,0,1,83.765
近畿,自由民主党,3,長尾 敬,ながお たかし,長尾,敬,ながお,たかし,58,NA,前,3,大阪14区,0,0,55.443
近畿,自由民主党,3,加納 陽之助,かのう ようのすけ,加納,陽之助,かのう,ようのすけ,41,公明,新,0,大阪15区,0,0,59.103
近畿,自由民主党,3,岡下 昌平,おかした しょうへい,岡下,昌平,おかした,しょうへい,46,公明,前,2,大阪17区,0,0,59.387
近畿,自由民主党,3,神谷 昇,かみたに のぼる,神谷,昇,かみたに,のぼる,72,公明,前,2,大阪18区,0,0,52.015
近畿,自由民主党,3,谷川 とむ,たにがわ とむ,谷川,とむ,たにがわ,とむ,45,公明,前,2,大阪19区,0,1,76.312
近畿,自由民主党,3,盛山 正仁,もりやま まさひと,盛山,正仁,もりやま,まさひと,67,公明,前,4,兵庫1区,0,1,81.622
近畿,自由民主党,3,関 芳弘,せき よしひろ,関,芳弘,せき,よしひろ,56,公明,前,4,兵庫3区,1,0,NA
近畿,自由民主党,3,藤井 比早之,ふじい ひさゆき,藤井,比早之,ふじい,ひさゆき,50,公明,前,3,兵庫4区,1,0,NA
近畿,自由民主党,3,谷 公一,たに こういち,谷,公一,たに,こういち,69,公明,前,6,兵庫5区,1,0,NA
近畿,自由民主党,3,大串 正樹,おおぐし まさき,大串,正樹,おおぐし,まさき,55,公明,前,3,兵庫6区,0,1,97.69
近畿,自由民主党,3,山田 賢司,やまだ けんじ,山田,賢司,やまだ,けんじ,55,NA,前,3,兵庫7区,1,0,NA
近畿,自由民主党,3,西村 康稔,にしむら やすとし,西村,康稔,にしむら,やすとし,59,公明,前,6,兵庫9区,1,0,NA
近畿,自由民主党,3,松本 剛明,まつもと たけあき,松本,剛明,まつもと,たけあき,62,公明,前,7,兵庫11区,1,0,NA
近畿,自由民主党,3,山口 壮,やまぐち つよし,山口,壮,やまぐち,つよし,67,公明,前,6,兵庫12区,1,0,NA
近畿,自由民主党,3,小林 茂樹,こばやし しげき,小林,茂樹,こばやし,しげき,57,公明,前,2,奈良1区,0,1,89.97
近畿,自由民主党,3,高市 早苗,たかいち さなえ,高市,早苗,たかいち,さなえ,60,公明,前,8,奈良2区,1,0,NA
近畿,自由民主党,3,門 博文,かど ひろふみ,門,博文,かど,ひろふみ,56,公明,前,3,和歌山1区,0,0,59.423
近畿,自由民主党,3,石田 真敏,いしだ まさとし,石田,真敏,いしだ,まさとし,69,公明,前,7,和歌山2区,1,0,NA
近畿,自由民主党,39,湯峯 理之,ゆみね ただゆき,湯峯,理之,ゆみね,ただゆき,61,NA,新,0,比例単独,0,0,NA
近畿,自由民主党,40,野村 広志,のむら ひろし,野村,広志,のむら,ひろし,38,NA,新,0,比例単独,0,0,NA
近畿,日本共産党,1,穀田 恵二,こくた けいじ,穀田,恵二,こくた,けいじ,74,NA,前,9,京都1区,0,1,75.605
近畿,日本共産党,2,宮本 岳志,みやもと たけし,宮本,岳志,みやもと,たけし,61,NA,元,4,大阪5区,0,1,45.299
近畿,日本共産党,3,清水 忠史,しみず ただし,清水,忠史,しみず,ただし,53,NA,前,2,大阪4区,0,0,22.743
近畿,日本共産党,4,小村 潤,こむら じゅん,小村,潤,こむら,じゅん,46,NA,新,0,兵庫8区,0,0,45.261
近畿,日本共産党,5,武山 彩子,たけやま さいこ,武山,彩子,たけやま,さいこ,50,NA,新,0,比例単独,0,0,NA
近畿,日本共産党,6,西田 佐枝子,にしだ さえこ,西田,佐枝子,にしだ,さえこ,50,NA,新,0,比例単独,0,0,NA
近畿,日本維新の会,1,直山 仁,なおやま ひとし,直山,仁,なおやま,ひとし,49,NA,新,0,滋賀3区,0,0,50.792
近畿,日本維新の会,1,堀場 幸子,ほりば さちこ,堀場,幸子,ほりば,さちこ,42,NA,新,0,京都1区,0,1,71.902
近畿,日本維新の会,1,井上 博明,いのうえ ひろあき,井上,博明,いのうえ,ひろあき,64,NA,新,0,京都3区,0,0,38.414
近畿,日本維新の会,1,中嶋 秀樹,なかじま ひでき,中嶋,秀樹,なかじま,ひでき,50,NA,新,0,京都6区,0,0,50.371
近畿,日本維新の会,1,井上 英孝,いのうえ ひでたか,井上,英孝,いのうえ,ひでたか,50,NA,前,3,大阪1区,1,0,NA
近畿,日本維新の会,1,守島 正,もりしま ただし,守島,正,もりしま,ただし,40,NA,新,0,大阪2区,1,0,NA
近畿,日本維新の会,1,美延 映夫,みのべ てるお,美延,映夫,みのべ,てるお,60,NA,前,1,大阪4区,1,0,NA
近畿,日本維新の会,1,奥下 剛光,おくした たけみつ,奥下,剛光,おくした,たけみつ,46,NA,新,0,大阪7区,1,0,NA
近畿,日本維新の会,1,漆間 譲司,うるま じょうじ,漆間,譲司,うるま,じょうじ,47,NA,新,0,大阪8区,1,0,NA
近畿,日本維新の会,1,足立 康史,あだち やすし,足立,康史,あだち,やすし,56,NA,前,3,大阪9区,1,0,NA
近畿,日本維新の会,1,池下 卓,いけした たく,池下,卓,いけした,たく,46,NA,新,0,大阪10区,1,0,NA
近畿,日本維新の会,1,中司 宏,なかつか ひろし,中司,宏,なかつか,ひろし,65,NA,新,0,大阪11区,1,0,NA
近畿,日本維新の会,1,藤田 文武,ふじた ふみたけ,藤田,文武,ふじた,ふみたけ,40,NA,前,1,大阪12区,1,0,NA
近畿,日本維新の会,1,岩谷 良平,いわたに りょうへい,岩谷,良平,いわたに,りょうへい,41,NA,新,0,大阪13区,1,0,NA
近畿,日本維新の会,1,青柳 仁士,あおやぎ ひとし,青柳,仁士,あおやぎ,ひとし,42,NA,新,0,大阪14区,1,0,NA
近畿,日本維新の会,1,浦野 靖人,うらの やすと,浦野,靖人,うらの,やすと,48,NA,前,3,大阪15区,1,0,NA
近畿,日本維新の会,1,馬場 伸幸,ばば のぶゆき,馬場,伸幸,ばば,のぶゆき,56,NA,前,3,大阪17区,1,0,NA
近畿,日本維新の会,1,遠藤 敬,えんどう たかし,遠藤,敬,えんどう,たかし,53,NA,前,3,大阪18区,1,0,NA
近畿,日本維新の会,1,伊東 信久,いとう のぶひさ,伊東,信久,いとう,のぶひさ,57,NA,元,2,大阪19区,1,0,NA
近畿,日本維新の会,1,一谷 勇一郎,いちたに ゆういちろう,一谷,勇一郎,いちたに,ゆういちろう,46,NA,新,0,兵庫1区,0,1,67.649
近畿,日本維新の会,1,和田 有一朗,わだ ゆういちろう,和田,有一朗,わだ,ゆういちろう,57,NA,新,0,兵庫3区,0,1,86.339
近畿,日本維新の会,1,赤木 正幸,あかぎ まさゆき,赤木,正幸,あかぎ,まさゆき,46,NA,新,0,兵庫4区,0,1,52.427
近畿,日本維新の会,1,遠藤 良太,えんどう りょうた,遠藤,良太,えんどう,りょうた,36,NA,新,0,兵庫5区,0,1,69.424
近畿,日本維新の会,1,市村 浩一郎,いちむら こういちろう,市村,浩一郎,いちむら,こういちろう,57,NA,元,3,兵庫6区,1,0,NA
近畿,日本維新の会,1,三木 圭恵,みき けえ,三木,圭恵,みき,けえ,55,NA,元,1,兵庫7区,0,1,98.391
近畿,日本維新の会,1,掘井 健智,ほりい けんじ,掘井,健智,ほりい,けんじ,54,NA,新,0,兵庫10区,0,1,73.201
近畿,日本維新の会,1,住吉 寛紀,すみよし ひろき,住吉,寛紀,すみよし,ひろき,36,NA,新,0,兵庫11区,0,1,84.175
近畿,日本維新の会,1,池畑 浩太朗,いけはた こうたろう,池畑,浩太朗,いけはた,こうたろう,47,NA,新,0,兵庫12区,0,1,54.595
近畿,日本維新の会,1,前川 清成,まえかわ きよしげ,前川,清成,まえかわ,きよしげ,58,NA,新,0,奈良1区,0,1,66.63
近畿,日本維新の会,1,所 順子,ところ じゅんこ,所,順子,ところ,じゅんこ,72,NA,新,0,和歌山2区,0,0,24.866
近畿,ＮＨＫと裁判してる党弁護士法７２条違反で,1,日高 千穂,ひだか ちほ,日高,千穂,ひだか,ちほ,42,NA,新,0,滋賀1区,0,0,5.223
中国,国民民主党,1,樽井 良和,たるい よしかず,樽井,良和,たるい,よしかず,54,NA,元,1,比例単独,0,0,NA
中国,公明党,1,平林 晃,ひらばやし あきら,平林,晃,ひらばやし,あきら,50,NA,新,0,比例単独,0,1,NA
中国,公明党,2,日下 正喜,くさか まさき,日下,正喜,くさか,まさき,55,NA,新,0,比例単独,0,1,NA
中国,公明党,3,長谷川 裕輝,はせがわ ゆうき,長谷川,裕輝,はせがわ,ゆうき,50,NA,新,0,比例単独,0,0,NA
中国,社会民主党,1,有田 優子,ありた ゆうこ,有田,優子,ありた,ゆうこ,51,NA,新,0,広島1区,0,0,11.894
中国,れいわ新選組,1,竹村 克司,たけむら かつし,竹村,克司,たけむら,かつし,49,NA,新,0,山口4区,0,0,23.737
中国,日本維新の会,1,瀬木 寛親,せぎ ひろちか,瀬木,寛親,せぎ,ひろちか,57,NA,新,0,広島3区,0,0,18.486
中国,日本維新の会,1,空本 誠喜,そらもと せいき,空本,誠喜,そらもと,せいき,57,NA,元,1,広島4区,0,1,37.015
中国,日本維新の会,3,喜多 義典,きた よしのり,喜多,義典,きた,よしのり,54,NA,新,0,比例単独,0,0,NA
中国,自由民主党,1,石橋 林太郎,いしばし りんたろう,石橋,林太郎,いしばし,りんたろう,43,NA,新,0,比例単独,0,1,NA
中国,自由民主党,2,石破 茂,いしば しげる,石破,茂,いしば,しげる,64,公明,前,11,鳥取1区,1,0,NA
中国,自由民主党,2,赤沢 亮正,あかざわ りょうせい,赤沢,亮正,あかざわ,りょうせい,60,公明,前,5,鳥取2区,1,0,NA
中国,自由民主党,2,高見 康裕,たかみ やすひろ,高見,康裕,たかみ,やすひろ,41,公明,新,0,島根2区,1,0,NA
中国,自由民主党,2,逢沢 一郎,あいさわ いちろう,逢沢,一郎,あいさわ,いちろう,67,公明,前,11,岡山1区,1,0,NA
中国,自由民主党,2,山下 貴司,やました たかし,山下,貴司,やました,たかし,56,公明,前,3,岡山2区,1,0,NA
中国,自由民主党,2,阿部 俊子,あべ としこ,阿部,俊子,あべ,としこ,62,公明,前,5,岡山3区,0,1,80.036
中国,自由民主党,2,橋本 岳,はしもと がく,橋本,岳,はしもと,がく,47,公明,前,4,岡山4区,1,0,NA
中国,自由民主党,2,加藤 勝信,かとう かつのぶ,加藤,勝信,かとう,かつのぶ,65,公明,前,6,岡山5区,1,0,NA
中国,自由民主党,2,新谷 正義,しんたに まさよし,新谷,正義,しんたに,まさよし,46,公明,前,3,広島4区,1,0,NA
中国,自由民主党,2,寺田 稔,てらだ みのる,寺田,稔,てらだ,みのる,63,公明,前,5,広島5区,1,0,NA
中国,自由民主党,2,小島 敏文,こじま としふみ,小島,敏文,こじま,としふみ,71,公明,前,3,広島6区,0,1,94.465
中国,自由民主党,2,小林 史明,こばやし ふみあき,小林,史明,こばやし,ふみあき,38,公明,前,3,広島7区,1,0,NA
中国,自由民主党,2,高村 正大,こうむら まさひろ,高村,正大,こうむら,まさひろ,50,公明,前,1,山口1区,1,0,NA
中国,自由民主党,2,岸 信夫,きし のぶお,岸,信夫,きし,のぶお,62,公明,前,3,山口2区,1,0,NA
中国,自由民主党,2,林 芳正,はやし よしまさ,林,芳正,はやし,よしまさ,60,公明,新,0,山口3区,1,0,NA
中国,自由民主党,2,安倍 晋三,あべ しんぞう,安倍,晋三,あべ,しんぞう,67,公明,前,9,山口4区,1,0,NA
中国,自由民主党,18,高階 恵美子,たかがい えみこ,高階,恵美子,たかがい,えみこ,57,NA,新,0,比例単独,0,1,NA
中国,自由民主党,19,杉田 水脈,すぎた みお,杉田,水脈,すぎた,みお,54,NA,前,2,比例単独,0,1,NA
中国,自由民主党,20,畦元 将吾,あぜもと しょうご,畦元,将吾,あぜもと,しょうご,63,NA,前,1,比例単独,0,1,NA
中国,自由民主党,21,小林 孝一郎,こばやし こういちろう,小林,孝一郎,こばやし,こういちろう,44,NA,新,0,比例単独,0,0,NA
中国,自由民主党,22,徳村 純一郎,とくむら じゅんいちろう,徳村,純一郎,とくむら,じゅんいちろう,67,NA,新,0,比例単独,0,0,NA
中国,立憲民主党,1,湯原 俊二,ゆはら しゅんじ,湯原,俊二,ゆはら,しゅんじ,58,NA,元,1,鳥取2区,0,1,85.256
中国,立憲民主党,1,亀井 亜紀子,かめい あきこ,亀井,亜紀子,かめい,あきこ,56,NA,前,1,島根1区,0,0,73.751
中国,立憲民主党,1,山本 誉,やまもと ほまる,山本,誉,やまもと,ほまる,64,NA,新,0,島根2区,0,0,47.147
中国,立憲民主党,1,原田 謙介,はらだ けんすけ,原田,謙介,はらだ,けんすけ,35,NA,新,0,岡山1区,0,0,72.025
中国,立憲民主党,1,津村 啓介,つむら けいすけ,津村,啓介,つむら,けいすけ,50,NA,前,6,岡山2区,0,0,77.32
中国,立憲民主党,1,森本 栄,もりもと さかえ,森本,栄,もりもと,さかえ,73,NA,新,0,岡山3区,0,0,33.972
中国,立憲民主党,1,柚木 道義,ゆのき みちよし,柚木,道義,ゆのき,みちよし,49,NA,前,5,岡山4区,0,1,94.168
中国,立憲民主党,1,はた ともこ,はた ともこ,はた,ともこ,はた,ともこ,55,NA,新,0,岡山5区,0,0,30.808
中国,立憲民主党,1,大井 赤亥,おおい あかい,大井,赤亥,おおい,あかい,40,NA,新,0,広島2区,0,0,53.287
中国,立憲民主党,1,ライアン 真由美,らいあん まゆみ,ライアン,真由美,らいあん,まゆみ,58,NA,新,0,広島3区,0,0,54.314
中国,立憲民主党,1,上野 寛治,うえの かんじ,上野,寛治,うえの,かんじ,39,NA,新,0,広島4区,0,0,43.041
中国,立憲民主党,1,野村 功次郎,のむら こうじろう,野村,功次郎,のむら,こうじろう,51,NA,新,0,広島5区,0,0,47.793
中国,立憲民主党,1,佐藤 公治,さとう こうじ,佐藤,公治,さとう,こうじ,62,NA,前,3,広島6区,1,0,NA
中国,立憲民主党,1,佐藤 広典,さとう ひろのり,佐藤,広典,さとう,ひろのり,45,NA,新,0,広島7区,0,0,36.889
中国,立憲民主党,1,大内 一也,おおうち かずや,大内,一也,おおうち,かずや,48,NA,新,0,山口1区,0,0,42.633
中国,立憲民主党,1,坂本 史子,さかもと ふみこ,坂本,史子,さかもと,ふみこ,66,NA,新,0,山口3区,0,0,29.977
中国,立憲民主党,17,加藤 寿彦,かとう としひこ,加藤,寿彦,かとう,としひこ,74,NA,新,0,比例単独,0,0,NA
中国,立憲民主党,18,姫井 由美子,ひめい ゆみこ,姫井,由美子,ひめい,ゆみこ,62,NA,新,0,比例単独,0,0,NA
中国,日本共産党,1,大平 喜信,おおひら よしのぶ,大平,喜信,おおひら,よしのぶ,43,NA,元,1,比例単独,0,0,NA
中国,日本共産党,2,住寄 聡美,すみより さとみ,住寄,聡美,すみより,さとみ,38,NA,新,0,比例単独,0,0,NA
中国,ＮＨＫと裁判してる党弁護士法７２条違反で,1,矢島 秀平,やじま しゅうへい,矢島,秀平,やじま,しゅうへい,29,NA,新,0,広島3区,0,0,2.85
四国,社会民主党,1,三野 ハル子,みの はるこ,三野,ハル子,みの,はるこ,76,NA,新,0,比例単独,0,0,NA
四国,公明党,1,山崎 正恭,やまさき まさやす,山崎,正恭,やまさき,まさやす,50,NA,新,0,比例単独,0,1,NA
四国,公明党,2,坂本 道応,さかもと みちお,坂本,道応,さかもと,みちお,42,NA,新,0,比例単独,0,0,NA
四国,国民民主党,1,石井 智恵,いしい ともえ,石井,智恵,いしい,ともえ,53,NA,新,0,愛媛2区,0,0,58.357
四国,国民民主党,1,玉木 雄一郎,たまき ゆういちろう,玉木,雄一郎,たまき,ゆういちろう,52,NA,前,4,香川2区,1,0,NA
四国,自由民主党,1,山本 有二,やまもと ゆうじ,山本,有二,やまもと,ゆうじ,69,NA,前,10,比例単独,0,1,NA
四国,自由民主党,2,後藤田 正純,ごとうだ まさずみ,後藤田,正純,ごとうだ,まさずみ,52,NA,前,7,徳島1区,0,1,77.807
四国,自由民主党,2,山口 俊一,やまぐち しゅんいち,山口,俊一,やまぐち,しゅんいち,71,公明,前,10,徳島2区,1,0,NA
四国,自由民主党,2,平井 卓也,ひらい たくや,平井,卓也,ひらい,たくや,63,公明,前,7,香川1区,0,1,78.463
四国,自由民主党,2,瀬戸 隆一,せと たかかず,瀬戸,隆一,せと,たかかず,56,公明,元,2,香川2区,0,0,57.478
四国,自由民主党,2,大野 敬太郎,おおの けいたろう,大野,敬太郎,おおの,けいたろう,53,公明,前,3,香川3区,1,0,NA
四国,自由民主党,2,塩崎 彰久,しおざき あきひさ,塩崎,彰久,しおざき,あきひさ,45,公明,新,0,愛媛1区,1,0,NA
四国,自由民主党,2,村上 誠一郎,むらかみ せいいちろう,村上,誠一郎,むらかみ,せいいちろう,69,公明,前,11,愛媛2区,1,0,NA
四国,自由民主党,2,井原 巧,いはら たくみ,井原,巧,いはら,たくみ,57,公明,新,0,愛媛3区,1,0,NA
四国,自由民主党,2,長谷川 淳二,はせがわ じゅんじ,長谷川,淳二,はせがわ,じゅんじ,53,公明,新,0,愛媛4区,1,0,NA
四国,自由民主党,2,中谷 元,なかたに げん,中谷,元,なかたに,げん,64,公明,前,10,高知1区,1,0,NA
四国,自由民主党,2,尾崎 正直,おざき まさなお,尾崎,正直,おざき,まさなお,54,公明,新,0,高知2区,1,0,NA
四国,自由民主党,13,福山 守,ふくやま まもる,福山,守,ふくやま,まもる,68,NA,前,3,比例単独,0,0,NA
四国,自由民主党,14,福井 照,ふくい てる,福井,照,ふくい,てる,67,NA,前,7,比例単独,0,0,NA
四国,自由民主党,15,二川 弘康,ふたがわ ひろやす,二川,弘康,ふたがわ,ひろやす,47,NA,新,0,比例単独,0,0,NA
四国,自由民主党,16,井桜 康司,いざくら やすし,井桜,康司,いざくら,やすし,65,NA,新,0,比例単独,0,0,NA
四国,日本共産党,1,白川 容子,しらかわ ようこ,白川,容子,しらかわ,ようこ,55,NA,新,0,比例単独,0,0,NA
四国,日本共産党,2,中根 耕作,なかね こうさく,中根,耕作,なかね,こうさく,40,NA,新,0,比例単独,0,0,NA
四国,日本維新の会,1,吉田 知代,よしだ ともよ,吉田,知代,よしだ,ともよ,46,NA,新,0,徳島1区,0,1,20.171
四国,日本維新の会,1,町川 順子,まちかわ じゅんこ,町川,順子,まちかわ,じゅんこ,62,NA,新,0,香川1区,0,0,17.601
四国,日本維新の会,3,佐藤 暁,さとう あきら,佐藤,暁,さとう,あきら,60,NA,新,0,比例単独,0,0,NA
四国,立憲民主党,1,中野 真由美,なかの まゆみ,中野,真由美,なかの,まゆみ,50,NA,新,0,徳島2区,0,0,56.547
四国,立憲民主党,1,小川 淳也,おがわ じゅんや,小川,淳也,おがわ,じゅんや,50,NA,前,5,香川1区,1,0,NA
四国,立憲民主党,1,友近 聡朗,ともちか としろう,友近,聡朗,ともちか,としろう,46,NA,新,0,愛媛1区,0,0,64.439
四国,立憲民主党,1,白石 洋一,しらいし よういち,白石,洋一,しらいし,よういち,58,NA,前,2,愛媛3区,0,1,93.885
四国,立憲民主党,1,武内 則男,たけうち のりお,武内,則男,たけうち,のりお,63,NA,前,1,高知1区,0,0,47.724
四国,立憲民主党,1,広田 一,ひろた はじめ,広田,一,ひろた,はじめ,53,NA,前,1,高知2区,0,0,46.867
四国,立憲民主党,7,長山 雅一,ながやま まさかず,長山,雅一,ながやま,まさかず,33,NA,新,0,比例単独,0,0,NA
四国,立憲民主党,8,小山田 経子,おやまだ つねこ,小山田,経子,おやまだ,つねこ,43,NA,新,0,比例単独,0,0,NA
四国,れいわ新選組,1,小泉 敦,こいずみ あつし,小泉,敦,こいずみ,あつし,39,NA,新,0,比例単独,0,0,NA
四国,ＮＨＫと裁判してる党弁護士法７２条違反で,1,中島 康治,なかじま やすはる,中島,康治,なかじま,やすはる,42,NA,新,0,高知1区,0,0,3.892
九州,公明党,1,浜地 雅一,はまち まさかず,浜地,雅一,はまち,まさかず,51,NA,前,3,比例単独,0,1,NA
九州,公明党,2,吉田 宣弘,よしだ のぶひろ,吉田,宣弘,よしだ,のぶひろ,53,NA,前,2,比例単独,0,1,NA
九州,公明党,3,金城 泰邦,きんじょう やすくに,金城,泰邦,きんじょう,やすくに,52,NA,新,0,比例単独,0,1,NA
九州,公明党,4,吉田 久美子,よしだ くみこ,吉田,久美子,よしだ,くみこ,58,NA,新,0,比例単独,0,1,NA
九州,公明党,5,窪田 哲也,くぼた てつや,窪田,哲也,くぼた,てつや,55,NA,新,0,比例単独,0,0,NA
九州,公明党,6,中山 英一,なかやま えいいち,中山,英一,なかやま,えいいち,45,NA,新,0,比例単独,0,0,NA
九州,立憲民主党,1,坪田 晋,つぼた すすむ,坪田,晋,つぼた,すすむ,37,NA,新,0,福岡1区,0,0,54.063
九州,立憲民主党,1,稲富 修二,いなとみ しゅうじ,稲富,修二,いなとみ,しゅうじ,51,NA,前,2,福岡2区,0,1,92.572
九州,立憲民主党,1,山内 康一,やまうち こういち,山内,康一,やまうち,こういち,48,NA,前,4,福岡3区,0,0,72.801
九州,立憲民主党,1,森本 慎太郎,もりもと しんたろう,森本,慎太郎,もりもと,しんたろう,43,NA,新,0,福岡4区,0,0,52.003
九州,立憲民主党,1,堤 かなめ,つつみ かなめ,堤,かなめ,つつみ,かなめ,61,NA,新,0,福岡5区,1,0,NA
九州,立憲民主党,1,田辺 徹,たなべ とおる,田辺,徹,たなべ,とおる,60,NA,新,0,福岡6区,0,0,30.772
九州,立憲民主党,1,青木 剛志,あおき つよし,青木,剛志,あおき,つよし,50,NA,新,0,福岡7区,0,0,60.52
九州,立憲民主党,1,城井 崇,きい たかし,城井,崇,きい,たかし,48,NA,前,3,福岡10区,1,0,NA
九州,立憲民主党,1,原口 一博,はらぐち かずひろ,原口,一博,はらぐち,かずひろ,62,NA,前,8,佐賀1区,1,0,NA
九州,立憲民主党,1,大串 博志,おおぐし ひろし,大串,博志,おおぐし,ひろし,56,NA,前,5,佐賀2区,1,0,NA
九州,立憲民主党,1,松平 浩一,まつだいら こういち,松平,浩一,まつだいら,こういち,47,NA,前,1,長崎2区,0,0,71.8
九州,立憲民主党,1,山田 勝彦,やまだ かつひこ,山田,勝彦,やまだ,かつひこ,42,NA,新,0,長崎3区,0,1,96.445
九州,立憲民主党,1,末次 精一,すえつぐ せいいち,末次,精一,すえつぐ,せいいち,58,NA,新,0,長崎4区,0,1,99.301
九州,立憲民主党,1,濱田 大造,はまだ だいぞう,濱田,大造,はまだ,だいぞう,51,NA,新,0,熊本1区,0,0,63.82
九州,立憲民主党,1,矢上 雅義,やがみ まさよし,矢上,雅義,やがみ,まさよし,61,NA,前,3,熊本4区,0,0,46.901
九州,立憲民主党,1,吉川 元,よしかわ はじめ,吉川,元,よしかわ,はじめ,55,NA,前,3,大分2区,0,1,99.176
九州,立憲民主党,1,横光 克彦,よこみつ かつひこ,横光,克彦,よこみつ,かつひこ,77,NA,前,7,大分3区,0,0,71.161
九州,立憲民主党,1,渡辺 創,わたなべ そう,渡辺,創,わたなべ,そう,44,NA,新,0,宮崎1区,1,0,NA
九州,立憲民主党,1,川内 博史,かわうち ひろし,川内,博史,かわうち,ひろし,59,れいわ,前,6,鹿児島1区,0,0,88.129
九州,立憲民主党,1,野間 健,のま たけし,野間,健,のま,たけし,63,NA,元,2,鹿児島3区,1,0,NA
九州,立憲民主党,1,屋良 朝博,やら ともひろ,屋良,朝博,やら,ともひろ,59,NA,前,1,沖縄3区,0,0,91.775
九州,立憲民主党,1,金城 徹,きんじょう とおる,金城,徹,きんじょう,とおる,68,NA,新,0,沖縄4区,0,0,82.16
九州,立憲民主党,23,出口 慎太郎,でぐち しんたろう,出口,慎太郎,でぐち,しんたろう,39,NA,新,0,比例単独,0,0,NA
九州,立憲民主党,24,大川 富洋,おおかわ とみひろ,大川,富洋,おおかわ,とみひろ,39,NA,新,0,比例単独,0,0,NA
九州,立憲民主党,25,川西 義人,かわにし よしと,川西,義人,かわにし,よしと,48,NA,新,0,比例単独,0,0,NA
九州,日本維新の会,1,山本 剛正,やまもと ごうせい,山本,剛正,やまもと,ごうせい,49,NA,元,1,福岡1区,0,1,37.819
九州,日本維新の会,1,新開 崇司,しんかい たかし,新開,崇司,しんかい,たかし,50,NA,新,0,福岡2区,0,0,24.96
九州,日本維新の会,1,阿部 弘樹,あべ ひろき,阿部,弘樹,あべ,ひろき,59,NA,新,0,福岡4区,0,1,38.53
九州,日本維新の会,1,西田 主税,にしだ ちから,西田,主税,にしだ,ちから,59,NA,新,0,福岡10区,0,0,25.572
九州,日本維新の会,1,外山 斎,とやま いつき,外山,斎,とやま,いつき,45,NA,新,0,宮崎1区,0,0,36.808
九州,日本維新の会,1,山川 泰博,やまかわ やすひろ,山川,泰博,やまかわ,やすひろ,51,NA,新,0,沖縄2区,0,0,20.486
九州,日本共産党,1,赤嶺 政賢,あかみね せいけん,赤嶺,政賢,あかみね,せいけん,73,れいわ,前,7,沖縄1区,1,0,NA
九州,日本共産党,2,田村 貴昭,たむら たかあき,田村,貴昭,たむら,たかあき,60,NA,前,2,比例単独,0,1,NA
九州,日本共産党,3,真島 省三,まじま しょうぞう,真島,省三,まじま,しょうぞう,58,NA,元,1,福岡9区,0,0,24.317
九州,日本共産党,4,松崎 真琴,まつざき まこと,松崎,真琴,まつざき,まこと,63,NA,新,0,鹿児島2区,0,0,22.765
九州,れいわ新選組,1,大島 九州男,おおしま くすお,大島,九州男,おおしま,くすお,60,NA,新,0,福岡8区,0,0,31.417
九州,自由民主党,1,今村 雅弘,いまむら まさひろ,今村,雅弘,いまむら,まさひろ,74,NA,前,8,比例単独,0,1,NA
九州,自由民主党,2,保岡 宏武,やすおか ひろたけ,保岡,宏武,やすおか,ひろたけ,48,NA,新,0,比例単独,0,1,NA
九州,自由民主党,3,井上 貴博,いのうえ たかひろ,井上,貴博,いのうえ,たかひろ,59,公明,前,3,福岡1区,1,0,NA
九州,自由民主党,3,鬼木 誠,おにき まこと,鬼木,誠,おにき,まこと,49,公明,前,3,福岡2区,1,0,NA
九州,自由民主党,3,古賀 篤,こが あつし,古賀,篤,こが,あつし,49,NA,前,3,福岡3区,1,0,NA
九州,自由民主党,3,宮内 秀樹,みやうち ひでき,宮内,秀樹,みやうち,ひでき,59,公明,前,3,福岡4区,1,0,NA
九州,自由民主党,3,鳩山 二郎,はとやま じろう,鳩山,二郎,はとやま,じろう,42,公明,前,2,福岡6区,1,0,NA
九州,自由民主党,3,藤丸 敏,ふじまる さとし,藤丸,敏,ふじまる,さとし,61,公明,前,3,福岡7区,1,0,NA
九州,自由民主党,3,武田 良太,たけだ りょうた,武田,良太,たけだ,りょうた,53,公明,前,6,福岡11区,1,0,NA
九州,自由民主党,3,岩田 和親,いわた かずちか,岩田,和親,いわた,かずちか,48,公明,前,3,佐賀1区,0,1,99.856
九州,自由民主党,3,古川 康,ふるかわ やすし,古川,康,ふるかわ,やすし,63,公明,前,2,佐賀2区,0,1,92.135
九州,自由民主党,3,初村 滝一郎,はつむら たきいちろう,初村,滝一郎,はつむら,たきいちろう,42,公明,新,0,長崎1区,0,0,67.78
九州,自由民主党,3,加藤 竜祥,かとう りゅうしょう,加藤,竜祥,かとう,りゅうしょう,41,公明,新,0,長崎2区,1,0,NA
九州,自由民主党,3,木原 稔,きはら みのる,木原,稔,きはら,みのる,52,NA,前,4,熊本1区,1,0,NA
九州,自由民主党,3,坂本 哲志,さかもと てつし,坂本,哲志,さかもと,てつし,70,公明,前,6,熊本3区,1,0,NA
九州,自由民主党,3,金子 恭之,かねこ やすし,金子,恭之,かねこ,やすし,60,公明,前,7,熊本4区,1,0,NA
九州,自由民主党,3,高橋 舞子,たかはし まいこ,高橋,舞子,たかはし,まいこ,33,NA,新,0,大分1区,0,0,78.186
九州,自由民主党,3,岩屋 毅,いわや たけし,岩屋,毅,いわや,たけし,64,公明,前,8,大分3区,1,0,NA
九州,自由民主党,3,武井 俊輔,たけい しゅんすけ,武井,俊輔,たけい,しゅんすけ,46,公明,前,3,宮崎1区,0,1,98.237
九州,自由民主党,3,江藤 拓,えとう たく,江藤,拓,えとう,たく,61,公明,前,6,宮崎2区,1,0,NA
九州,自由民主党,3,古川 禎久,ふるかわ よしひさ,古川,禎久,ふるかわ,よしひさ,56,公明,前,6,宮崎3区,1,0,NA
九州,自由民主党,3,宮路 拓馬,みやじ たくま,宮路,拓馬,みやじ,たくま,41,公明,前,2,鹿児島1区,1,0,NA
九州,自由民主党,3,小里 泰弘,おざと やすひろ,小里,泰弘,おざと,やすひろ,63,公明,前,5,鹿児島3区,0,1,85.639
九州,自由民主党,3,国場 幸之助,こくば こうのすけ,国場,幸之助,こくば,こうのすけ,48,公明,前,3,沖縄1区,0,1,88.406
九州,自由民主党,3,宮崎 政久,みやざき まさひさ,宮崎,政久,みやざき,まさひさ,56,公明,前,3,沖縄2区,0,1,86.442
九州,自由民主党,3,島尻 安伊子,しまじり あいこ,島尻,安伊子,しまじり,あいこ,56,公明,新,0,沖縄3区,1,0,NA
九州,自由民主党,3,西銘 恒三郎,にしめ こうさぶろう,西銘,恒三郎,にしめ,こうさぶろう,67,公明,前,5,沖縄4区,1,0,NA
九州,自由民主党,28,河野 正美,かわの まさみ,河野,正美,かわの,まさみ,60,NA,元,2,比例単独,0,0,NA
九州,自由民主党,29,新 義明,しん よしあき,新,義明,しん,よしあき,68,NA,新,0,比例単独,0,0,NA
九州,自由民主党,30,田畑 隆治,たばた りゅうじ,田畑,隆治,たばた,りゅうじ,62,NA,新,0,比例単独,0,0,NA
九州,社会民主党,1,竹内 信昭,たけうち のぶあき,竹内,信昭,たけうち,のぶあき,68,NA,新,0,福岡4区,0,0,11.807
九州,社会民主党,1,志岐 玲子,しき れいこ,志岐,玲子,しき,れいこ,68,NA,新,0,福岡11区,0,0,25.408
九州,社会民主党,1,馬場 功世,ばば こうせい,馬場,功世,ばば,こうせい,70,NA,新,0,熊本3区,0,0,30.227
九州,社会民主党,1,米永 淳子,よねなが あつこ,米永,淳子,よねなが,あつこ,58,NA,新,0,鹿児島4区,0,0,38.603
九州,社会民主党,1,新垣 邦男,あらかき くにお,新垣,邦男,あらかき,くにお,65,NA,新,0,沖縄2区,1,0,NA
九州,国民民主党,1,長友 慎治,ながとも しんじ,長友,慎治,ながとも,しんじ,44,NA,新,0,宮崎2区,0,1,60.76
九州,国民民主党,1,西岡 秀子,にしおか ひでこ,西岡,秀子,にしおか,ひでこ,57,NA,前,1,長崎1区,1,0,NA
九州,国民民主党,3,前野 真実子,まえの まみこ,前野,真実子,まえの,まみこ,37,NA,新,0,比例単独,0,0,NA
九州,ＮＨＫと裁判してる党弁護士法７２条違反で,1,斉藤 健一郎,さいとう けんいちろう,斉藤,健一郎,さいとう,けんいちろう,40,NA,新,0,比例単独,0,0,NA
東京,政権交代によるコロナ対策強化新党,NA,ゆっこママ ,NA,NA,NA,NA,NA,NA,NA,NA,NA,NA,0,0,NA
