prefecture,district,name,party,status,votes,voteshare,result,dual
北海道,北海道１区,横路　孝弘,民主,前,116398,43.47,win,1
北海道,北海道１区,船橋　利実,自民,前,105918,39.55,lose,1
北海道,北海道１区,野呂田　博之,共産,新,32031,11.96,lose,0
北海道,北海道１区,飯田　佳宏,無所,新,13444,5.02,lose,0
北海道,北海道２区,吉川　貴盛,自民,前,88667,38.85,win,1
北海道,北海道２区,松木　謙公,維新,元,56375,24.7,PR-win,1
北海道,北海道２区,池田　真紀,無所,新,46922,20.56,lose,0
北海道,北海道２区,金倉　昌俊,共産,新,36277,15.89,lose,1
北海道,北海道３区,高木　宏寿,自民,前,92649,39.47,win,1
北海道,北海道３区,荒井　聰,民主,前,85591,36.46,PR-win,1
北海道,北海道３区,吉岡　弘子,共産,新,30271,12.9,lose,0
北海道,北海道３区,小和田　康文,維新,新,26211,11.17,lose,1
北海道,北海道４区,中村　裕之,自民,前,77690,45.36,win,1
北海道,北海道４区,鉢呂　吉雄,民主,元,70049,40.9,lose,1
北海道,北海道４区,酒井　隆裕,共産,新,23532,13.74,lose,0
北海道,北海道５区,町村　信孝,自民,前,131394,50.95,win,1
北海道,北海道５区,勝部　賢志,民主,新,94975,36.83,lose,1
北海道,北海道５区,鈴木　龍次,共産,新,31523,12.22,lose,0
北海道,北海道６区,佐々木　隆博,民主,元,104595,45.28,win,1
北海道,北海道６区,今津　寛,自民,前,101748,44.05,PR-win,1
北海道,北海道６区,荻生　和敏,共産,新,24656,10.67,lose,0
北海道,北海道７区,伊東　良孝,自民,前,72281,45.88,win,1
北海道,北海道７区,鈴木　貴子,民主,前,72056,45.73,PR-win,1
北海道,北海道７区,石川　明美,共産,新,13218,8.39,lose,0
北海道,北海道８区,逢坂　誠二,民主,元,97745,47.32,win,1
北海道,北海道８区,前田　一男,自民,前,91351,44.22,PR-win,1
北海道,北海道８区,原田　有康,共産,新,17465,8.46,lose,0
北海道,北海道９区,堀井　学,自民,前,97805,45.73,win,1
北海道,北海道９区,山岡　達丸,民主,元,86252,40.32,lose,1
北海道,北海道９区,工藤　良一,共産,新,29841,13.95,lose,0
北海道,北海道１０区,稲津　久,公明,前,86722,48.52,win,0
北海道,北海道１０区,神谷　裕,民主,新,71219,39.84,lose,1
北海道,北海道１０区,木村　賢治,共産,新,20803,11.64,lose,0
北海道,北海道１１区,中川　郁子,自民,前,87118,52.22,win,1
北海道,北海道１１区,三津　丈夫,民主,新,61405,36.81,lose,1
北海道,北海道１１区,畑中　庸助,共産,新,18303,10.97,lose,0
北海道,北海道１２区,武部　新,自民,前,92357,53.43,win,1
北海道,北海道１２区,水上　美華,民主,新,62035,35.89,lose,1
北海道,北海道１２区,菅原　誠,共産,新,18451,10.68,lose,0
青森,青森１区,津島　淳,自民,前,66041,45.06,win,1
青森,青森１区,升田　世喜男,維新,新,62254,42.47,PR-win,1
青森,青森１区,吉俣　洋,共産,新,18274,12.47,lose,0
青森,青森２区,江渡　聡徳,自民,前,81054,67.48,win,1
青森,青森２区,中野渡　詔子,維新,元,28282,23.55,lose,1
青森,青森２区,小笠原　良子,共産,新,10775,8.97,lose,0
青森,青森３区,大島　理森,自民,前,59280,51.22,win,1
青森,青森３区,田名部　匡代,民主,元,49142,42.46,lose,1
青森,青森３区,松橋　三夫,共産,新,7311,6.32,lose,0
青森,青森４区,木村　太郎,自民,前,79156,59.47,win,1
青森,青森４区,山内　崇,民主,新,38106,28.63,lose,1
青森,青森４区,千葉　浩規,共産,新,15831,11.89,lose,0
岩手,岩手１区,階　猛,民主,前,76787,52.02,win,1
岩手,岩手１区,高橋　比奈子,自民,前,46409,31.44,PR-win,1
岩手,岩手１区,吉田　恭子,共産,新,15374,10.41,lose,0
岩手,岩手１区,細川　光正,社民,新,9052,6.13,lose,1
岩手,岩手２区,鈴木　俊一,自民,前,73661,50.12,win,1
岩手,岩手２区,畑　浩治,生活,前,62009,42.19,lose,1
岩手,岩手２区,久保　幸男,共産,新,11289,7.68,lose,0
岩手,岩手３区,黄川田　徹,民主,前,80339,56.64,win,1
岩手,岩手３区,橋本　英教,自民,前,46165,32.55,PR-win,1
岩手,岩手３区,菊池　幸夫,共産,新,15328,10.81,lose,0
岩手,岩手４区,小沢　一郎,生活,前,75293,47.79,win,1
岩手,岩手４区,藤原　崇,自民,前,57824,36.7,PR-win,1
岩手,岩手４区,高橋　綱記,共産,新,24421,15.5,lose,0
宮城,宮城１区,土井　亨,自民,前,93345,46.78,win,1
宮城,宮城１区,郡　和子,民主,前,81113,40.65,PR-win,1
宮城,宮城１区,松井　秀明,共産,新,25063,12.56,lose,0
宮城,宮城２区,秋葉　賢也,自民,前,91289,45.52,win,1
宮城,宮城２区,林　宙紀,維新,前,60653,30.25,lose,1
宮城,宮城２区,大内　真理,共産,新,21630,10.79,lose,0
宮城,宮城２区,増元　照明,次世,新,15228,7.59,lose,1
宮城,宮城２区,桑島　崇史,社民,新,11725,5.85,lose,1
宮城,宮城３区,西村　明宏,自民,前,76246,54.49,win,1
宮城,宮城３区,橋本　清仁,民主,元,48957,34.99,lose,1
宮城,宮城３区,吉田　剛,共産,新,14712,10.51,lose,0
宮城,宮城４区,伊藤　信太郎,自民,前,68773,57.28,win,1
宮城,宮城４区,井戸　正枝,民主,元,35242,29.35,lose,1
宮城,宮城４区,小高　洋,共産,新,16041,13.36,lose,0
宮城,宮城５区,安住　淳,民主,前,64753,59.51,win,1
宮城,宮城５区,勝沼　栄明,自民,前,34293,31.52,PR-win,1
宮城,宮城５区,高村　直也,共産,新,9763,8.97,lose,0
宮城,宮城６区,小野寺　五典,自民,前,101223,70.6,win,1
宮城,宮城６区,鎌田　さゆり,民主,元,32797,22.88,lose,1
宮城,宮城６区,内藤　隆司,共産,新,9351,6.52,lose,0
秋田,秋田１区,冨樫　博之,自民,前,66388,47.02,win,1
秋田,秋田１区,寺田　学,民主,元,57782,40.92,PR-win,1
秋田,秋田１区,山内　梅良,共産,新,11579,8.2,lose,0
秋田,秋田１区,伊藤　正通,社民,新,5441,3.85,lose,1
秋田,秋田２区,金田　勝年,自民,前,82046,54.7,win,1
秋田,秋田２区,緑川　貴士,民主,新,56701,37.8,lose,1
秋田,秋田２区,藤本　金治,共産,新,11247,7.5,lose,0
秋田,秋田３区,御法川　信英,自民,前,94096,47.79,win,1
秋田,秋田３区,村岡　敏英,維新,前,88483,44.94,PR-win,1
秋田,秋田３区,我妻　桂子,共産,新,14333,7.28,lose,0
山形,山形１区,遠藤　利明,自民,前,98508,61.14,win,1
山形,山形１区,原田　和広,民主,新,46029,28.57,lose,1
山形,山形１区,石川　渉,共産,新,16577,10.29,lose,0
山形,山形２区,鈴木　憲和,自民,前,97915,49.1,win,1
山形,山形２区,近藤　洋介,民主,前,90420,45.34,PR-win,1
山形,山形２区,白根沢　澄子,共産,新,11086,5.56,lose,0
山形,山形３区,加藤　鮎子,自民,新,79872,42.86,win,1
山形,山形３区,阿部　寿一,無所,前,78384,42.06,lose,0
山形,山形３区,吉田　大成,民主,新,15981,8.58,lose,1
山形,山形３区,長谷川　剛,共産,新,10794,5.79,lose,0
山形,山形３区,佐藤　誠,無所,新,1319,0.71,lose,0
福島,福島１区,亀岡　偉民,自民,前,102929,47.37,win,1
福島,福島１区,金子　恵美,民主,新,97630,44.93,PR-win,1
福島,福島１区,渡部　保子,共産,新,16748,7.71,lose,0
福島,福島２区,根本　匠,自民,前,91686,55.24,win,1
福島,福島２区,岡部　光規,民主,新,58358,35.16,lose,1
福島,福島２区,平　善彦,共産,新,15947,9.61,lose,0
福島,福島３区,玄葉　光一郎,民主,前,94462,59.99,win,1
福島,福島３区,上杉　謙太郎,自民,新,49174,31.23,lose,1
福島,福島３区,横田　洋子,共産,新,13824,8.78,lose,0
福島,福島４区,小熊　慎司,維新,前,56856,42.8,win,1
福島,福島４区,菅家　一郎,自民,前,56440,42.48,PR-win,1
福島,福島４区,小川　右善,社民,新,10139,7.63,lose,1
福島,福島４区,田中　和加子,共産,新,9413,7.09,lose,0
福島,福島５区,吉野　正芳,自民,前,71102,46.57,win,1
福島,福島５区,吉田　泉,民主,前,60041,39.33,lose,1
福島,福島５区,吉田　英策,共産,新,21527,14.1,lose,0
茨城,茨城１区,田所　嘉徳,自民,前,105536,49.14,win,1
茨城,茨城１区,福島　伸享,民主,元,77179,35.94,PR-win,1
茨城,茨城１区,大内　久美子,共産,新,32048,14.92,lose,1
茨城,茨城２区,額賀　福志郎,自民,前,142238,76.66,win,1
茨城,茨城２区,川井　宏子,共産,新,43303,23.34,lose,0
茨城,茨城３区,葉梨　康弘,自民,前,120500,57.64,win,1
茨城,茨城３区,石井　章,維新,元,55103,26.36,lose,1
茨城,茨城３区,小林　恭子,共産,新,33465,16.01,lose,0
茨城,茨城４区,梶山　弘志,自民,前,95655,64.47,win,1
茨城,茨城４区,高野　守,民主,元,41507,27.98,lose,1
茨城,茨城４区,堀江　鶴治,共産,新,9331,6.29,lose,0
茨城,茨城４区,木村　隆,無所,新,1874,1.26,lose,0
茨城,茨城５区,大畠　章宏,民主,前,60688,48.3,win,1
茨城,茨城５区,石川　昭政,自民,前,53732,42.76,PR-win,1
茨城,茨城５区,福田　明,共産,新,11239,8.94,lose,0
茨城,茨城６区,丹羽　雄哉,自民,前,119116,51.8,win,1
茨城,茨城６区,青山　大人,民主,新,85120,37.02,lose,1
茨城,茨城６区,井上　圭一,共産,新,25709,11.18,lose,0
茨城,茨城７区,中村　喜四郎,無所,前,88393,51.12,win,0
茨城,茨城７区,永岡　桂子,自民,前,65638,37.96,PR-win,1
茨城,茨城７区,白畑　勇,共産,新,18883,10.92,lose,0
栃木,栃木１区,船田　元,自民,前,110030,56.45,win,1
栃木,栃木１区,柏倉　祐司,民主,前,63332,32.49,lose,1
栃木,栃木１区,野村　節子,共産,新,21543,11.05,lose,0
栃木,栃木２区,福田　昭夫,民主,前,62439,46.69,win,1
栃木,栃木２区,西川　公也,自民,前,62240,46.54,PR-win,1
栃木,栃木２区,阿部　秀実,共産,新,9054,6.77,lose,0
栃木,栃木３区,簗　和生,自民,前,62814,48.74,win,1
栃木,栃木３区,渡辺　喜美,無所,前,51627,40.06,lose,0
栃木,栃木３区,秋山　幸子,共産,新,14438,11.2,lose,0
栃木,栃木４区,佐藤　勉,自民,前,114328,59.13,win,1
栃木,栃木４区,藤岡　隆雄,民主,新,62251,32.2,lose,1
栃木,栃木４区,山崎　寿彦,共産,新,16773,8.67,lose,0
栃木,栃木５区,茂木　敏充,自民,前,101514,76.54,win,1
栃木,栃木５区,川上　均,共産,新,31119,23.46,lose,0
群馬,群馬１区,佐田　玄一郎,自民,前,61927,32.99,win,1
群馬,群馬１区,上野　宏史,無所,前,54530,29.05,lose,0
群馬,群馬１区,宮崎　岳志,民主,元,49862,26.56,PR-win,1
群馬,群馬１区,店橋　世津子,共産,新,21394,11.4,lose,0
群馬,群馬２区,井野　俊郎,自民,前,84530,53.62,win,1
群馬,群馬２区,石関　貴史,維新,前,53038,33.65,PR-win,1
群馬,群馬２区,藤掛　順恒,共産,新,20068,12.73,lose,0
群馬,群馬３区,笹川　博義,自民,前,83837,56.15,win,1
群馬,群馬３区,長谷川　嘉一,民主,新,49494,33.15,lose,1
群馬,群馬３区,渋沢　哲男,共産,新,15972,10.7,lose,0
群馬,群馬４区,福田　達夫,自民,前,102153,71.29,win,1
群馬,群馬４区,萩原　貞夫,共産,新,41148,28.71,lose,0
群馬,群馬５区,小渕　優子,自民,前,114458,71.02,win,1
群馬,群馬５区,小林　人志,社民,新,23590,14.64,lose,1
群馬,群馬５区,糸井　洋,共産,新,23121,14.35,lose,0
埼玉,埼玉１区,村井　英樹,自民,前,105760,46.93,win,1
埼玉,埼玉１区,武正　公一,民主,前,82857,36.77,PR-win,1
埼玉,埼玉１区,松村　敏夫,共産,新,28259,12.54,lose,0
埼玉,埼玉１区,松本　翔,社民,新,8492,3.77,lose,1
埼玉,埼玉２区,新藤　義孝,自民,前,128938,64.79,win,1
埼玉,埼玉２区,奥田　智子,共産,新,70074,35.21,lose,1
埼玉,埼玉３区,黄川田　仁志,自民,前,107986,49.64,win,1
埼玉,埼玉３区,細川　律夫,民主,元,75715,34.8,lose,1
埼玉,埼玉３区,宮川　雅之,共産,新,33858,15.56,lose,0
埼玉,埼玉４区,豊田　真由子,自民,前,88730,48.11,win,1
埼玉,埼玉４区,神風　英男,民主,元,62062,33.65,lose,1
埼玉,埼玉４区,桜井　晴子,共産,新,33646,18.24,lose,0
埼玉,埼玉５区,枝野　幸男,民主,前,90030,46.09,win,1
埼玉,埼玉５区,牧原　秀樹,自民,前,86636,44.36,PR-win,1
埼玉,埼玉５区,山本　悠子,共産,新,18654,9.55,lose,0
埼玉,埼玉６区,大島　敦,民主,前,103918,46.18,win,1
埼玉,埼玉６区,中根　一幸,自民,前,94303,41.9,PR-win,1
埼玉,埼玉６区,戸口　佐一,共産,新,26825,11.92,lose,0
埼玉,埼玉７区,神山　佐市,自民,前,89089,42.99,win,1
埼玉,埼玉７区,小宮山　泰子,民主,前,73513,35.48,PR-win,1
埼玉,埼玉７区,長沼　チネ,共産,新,31119,15.02,lose,0
埼玉,埼玉７区,根本　千裕,次世,新,13500,6.51,lose,1
埼玉,埼玉８区,柴山　昌彦,自民,前,93126,50.33,win,1
埼玉,埼玉８区,小野塚　勝俊,民主,元,61711,33.35,lose,1
埼玉,埼玉８区,辻　源巳,共産,新,30212,16.33,lose,0
埼玉,埼玉９区,大塚　拓,自民,前,111316,53.01,win,1
埼玉,埼玉９区,青柳　仁士,維新,新,60121,28.63,lose,1
埼玉,埼玉９区,広森　すみ子,共産,新,38534,18.35,lose,0
埼玉,埼玉１０区,山口　泰明,自民,前,83544,47.35,win,1
埼玉,埼玉１０区,坂本　祐之輔,維新,前,65104,36.9,PR-win,1
埼玉,埼玉１０区,石井　祐一,共産,新,27787,15.75,lose,0
埼玉,埼玉１１区,小泉　龍司,無所,前,100636,55.35,win,0
埼玉,埼玉１１区,今野　智博,自民,前,53276,29.3,PR-win,1
埼玉,埼玉１１区,柴岡　祐真,共産,新,27904,15.35,lose,0
埼玉,埼玉１２区,野中　厚,自民,前,72422,38.58,win,1
埼玉,埼玉１２区,森田　俊和,次世,新,57299,30.53,lose,1
埼玉,埼玉１２区,本多　平直,民主,元,41407,22.06,lose,1
埼玉,埼玉１２区,鈴木　千賀子,共産,新,16570,8.83,lose,0
埼玉,埼玉１３区,土屋　品子,自民,前,90167,50.25,win,1
埼玉,埼玉１３区,山内　康一,民主,前,44916,25.03,lose,1
埼玉,埼玉１３区,秋山　文和,共産,新,27111,15.11,lose,0
埼玉,埼玉１３区,中村　匡志,次世,新,17254,9.62,lose,1
埼玉,埼玉１４区,三ツ林　裕巳,自民,前,96511,47.56,win,1
埼玉,埼玉１４区,鈴木　義弘,維新,前,73320,36.13,PR-win,1
埼玉,埼玉１４区,苗村　光雄,共産,新,33103,16.31,lose,0
埼玉,埼玉１５区,田中　良生,自民,前,98287,52.31,win,1
埼玉,埼玉１５区,高山　智司,民主,元,60671,32.29,lose,1
埼玉,埼玉１５区,田村　勉,共産,新,28945,15.4,lose,0
千葉,千葉１区,田嶋　要,民主,前,84755,41.1,win,1
千葉,千葉１区,門山　宏哲,自民,前,76937,37.31,PR-win,1
千葉,千葉１区,田沼　隆志,次世,前,26322,12.77,lose,1
千葉,千葉１区,吉田　直義,共産,新,18182,8.82,lose,0
千葉,千葉２区,小林　鷹之,自民,前,118592,54.23,win,1
千葉,千葉２区,藤巻　健太,維新,新,56479,25.83,lose,1
千葉,千葉２区,小松　実,共産,新,43622,19.95,lose,0
千葉,千葉３区,松野　博一,自民,前,85277,53.37,win,1
千葉,千葉３区,岡島　一正,生活,元,30238,18.92,lose,1
千葉,千葉３区,青山　明日香,民主,新,29656,18.56,lose,1
千葉,千葉３区,椛沢　洋平,共産,新,14611,9.14,lose,0
千葉,千葉４区,野田　佳彦,民主,前,119193,51.69,win,1
千葉,千葉４区,木村　哲也,自民,新,67600,29.32,lose,1
千葉,千葉４区,斉藤　和子,共産,新,24275,10.53,PR-win,1
千葉,千葉４区,西尾　憲一,無所,新,19510,8.46,lose,0
千葉,千葉５区,薗浦　健太郎,自民,前,105941,53.8,win,1
千葉,千葉５区,村越　祐民,民主,元,57500,29.2,lose,1
千葉,千葉５区,浅野　史子,共産,新,28055,14.25,lose,0
千葉,千葉５区,石田　和男,無所,新,5411,2.75,lose,0
千葉,千葉６区,渡辺　博道,自民,前,77066,45.87,win,1
千葉,千葉６区,生方　幸夫,民主,前,50323,29.95,lose,1
千葉,千葉６区,三輪　由美,共産,新,25242,15.02,lose,0
千葉,千葉６区,遠藤　宣彦,次世,元,15395,9.16,lose,1
千葉,千葉７区,斎藤　健,自民,前,111030,55.05,win,1
千葉,千葉７区,石塚　貞通,維新,新,48651,24.12,lose,1
千葉,千葉７区,渡部　隆夫,共産,新,27306,13.54,lose,0
千葉,千葉７区,阿部　治正,社民,新,14718,7.3,lose,1
千葉,千葉８区,桜田　義孝,自民,前,98569,49.2,win,1
千葉,千葉８区,太田　和美,維新,元,69667,34.77,PR-win,1
千葉,千葉８区,小野里　定良,共産,新,32118,16.03,lose,0
千葉,千葉９区,秋本　真利,自民,前,85092,42.88,win,1
千葉,千葉９区,奥野　総一郎,民主,前,68564,34.55,PR-win,1
千葉,千葉９区,西田　譲,次世,前,24039,12.11,lose,1
千葉,千葉９区,鴨志田　安代,共産,新,20745,10.45,lose,0
千葉,千葉１０区,林　幹雄,自民,前,97783,55.05,win,1
千葉,千葉１０区,谷田川　元,民主,元,65809,37.05,lose,1
千葉,千葉１０区,笠原　正実,共産,新,14049,7.91,lose,0
千葉,千葉１１区,森　英介,自民,前,110965,63.14,win,1
千葉,千葉１１区,金子　健一,生活,元,38783,22.07,lose,1
千葉,千葉１１区,椎名　史明,共産,新,25997,14.79,lose,0
千葉,千葉１２区,浜田　靖一,自民,前,134037,74.29,win,1
千葉,千葉１２区,米本　展久,共産,新,46397,25.71,lose,0
千葉,千葉１３区,白須賀　貴樹,自民,前,96294,50.9,win,1
千葉,千葉１３区,若井　康彦,民主,前,64725,34.22,lose,1
千葉,千葉１３区,中川　勝敏,共産,新,28147,14.88,lose,0
東京,東京１区,山田　美樹,自民,前,107015,42.66,win,1
東京,東京１区,海江田　万里,民主,前,89232,35.57,lose,1
東京,東京１区,冨田　直樹,共産,新,32830,13.09,lose,0
東京,東京１区,渡辺　徹,次世,新,18128,7.23,lose,1
東京,東京１区,野崎　孝信,無所,新,2209,0.88,lose,0
東京,東京１区,又吉　光雄,諸派,新,1416,0.56,lose,0
東京,東京２区,辻　清人,自民,前,103954,42.63,win,1
東京,東京２区,中山　義活,民主,元,58407,23.95,lose,1
東京,東京２区,大熊　利昭,維新,前,44550,18.27,lose,1
東京,東京２区,石沢　憲之,共産,新,32296,13.24,lose,0
東京,東京２区,犬丸　勝子,諸派,新,4668,1.91,lose,0
東京,東京３区,石原　宏高,自民,前,115623,44.25,win,1
東京,東京３区,松原　仁,民主,前,111353,42.62,PR-win,1
東京,東京３区,香西　克介,共産,新,34295,13.13,lose,0
東京,東京４区,平　将明,自民,前,109377,50.34,win,1
東京,東京４区,藤田　憲彦,民主,元,48861,22.49,lose,1
東京,東京４区,山本　純平,共産,新,38925,17.92,lose,0
東京,東京４区,犬伏　秀一,次世,新,20108,9.25,lose,1
東京,東京５区,若宮　健嗣,自民,前,102424,39.75,win,1
東京,東京５区,手塚　仁雄,民主,元,66255,25.71,lose,1
東京,東京５区,三谷　英弘,無所,前,44103,17.11,lose,0
東京,東京５区,沢井　正代,共産,新,32140,12.47,lose,0
東京,東京５区,ドクター・中松,無所,新,12777,4.96,lose,0
東京,東京６区,越智　隆雄,自民,前,110872,44.1,win,1
東京,東京６区,落合　貴之,維新,新,88915,35.37,PR-win,1
東京,東京６区,岸　武志,共産,新,51595,20.52,lose,0
東京,東京７区,長妻　昭,民主,前,104422,44.61,win,1
東京,東京７区,松本　文明,自民,前,83476,35.66,PR-win,1
東京,東京７区,太田　宜興,共産,新,27866,11.9,lose,0
東京,東京７区,吉田　康一郎,次世,新,18332,7.83,lose,1
東京,東京８区,石原　伸晃,自民,前,116193,47.56,win,1
東京,東京８区,円　より子,民主,新,73348,30.02,lose,1
東京,東京８区,沢田　真吾,共産,新,37788,15.47,lose,0
東京,東京８区,鈴木　達夫,無所,新,16981,6.95,lose,0
東京,東京９区,菅原　一秀,自民,前,123368,51.4,win,1
東京,東京９区,木内　孝胤,維新,元,65809,27.42,PR-win,1
東京,東京９区,原　純子,共産,新,50861,21.19,lose,0
東京,東京１０区,小池　百合子,自民,前,93610,50.73,win,1
東京,東京１０区,江端　貴子,民主,元,44123,23.91,lose,1
東京,東京１０区,今　秀子,共産,新,28453,15.42,lose,0
東京,東京１０区,多ケ谷　亮,生活,新,9663,5.24,lose,1
東京,東京１０区,神谷　ちづ子,次世,新,8688,4.71,lose,0
東京,東京１１区,下村　博文,自民,前,129587,56.06,win,1
東京,東京１１区,山内　金久,共産,新,43083,18.64,lose,0
東京,東京１１区,熊木　美奈子,民主,新,43040,18.62,lose,1
東京,東京１１区,下村　芽生,無所,新,15447,6.68,lose,0
東京,東京１２区,太田　昭宏,公明,前,88499,41.64,win,0
東京,東京１２区,池内　沙織,共産,新,44721,21.04,PR-win,1
東京,東京１２区,青木　愛,生活,前,40067,18.85,lose,1
東京,東京１２区,田母神　俊雄,次世,新,39233,18.46,lose,1
東京,東京１３区,鴨下　一郎,自民,前,113036,55.55,win,1
東京,東京１３区,長谷川　貴子,民主,新,43028,21.14,lose,1
東京,東京１３区,祖父江　元希,共産,新,35518,17.45,lose,0
東京,東京１３区,和田　智之,次世,新,11915,5.86,lose,0
東京,東京１４区,松島　みどり,自民,前,87546,46.56,win,1
東京,東京１４区,木村　剛司,民主,元,63377,33.71,lose,1
東京,東京１４区,阿藤　和之,共産,新,37089,19.73,lose,0
東京,東京１５区,柿沢　未途,維新,前,88507,41.29,win,1
東京,東京１５区,秋元　司,自民,前,85714,39.99,PR-win,1
東京,東京１５区,吉田　年男,共産,新,31384,14.64,lose,0
東京,東京１５区,猪野　隆,無所,新,8759,4.09,lose,0
東京,東京１６区,大西　英男,自民,前,98536,46.25,win,1
東京,東京１６区,初鹿　明博,維新,元,56701,26.62,PR-win,1
東京,東京１６区,大田　朝子,共産,新,36976,17.36,lose,1
東京,東京１６区,石井　義哲,次世,新,11484,5.39,lose,1
東京,東京１６区,岡本　貴士,無所,新,9334,4.38,lose,0
東京,東京１７区,平沢　勝栄,自民,前,125351,59.34,win,1
東京,東京１７区,高橋　美穂,維新,前,46156,21.85,lose,1
東京,東京１７区,新井　杉生,共産,新,39724,18.81,lose,0
東京,東京１８区,土屋　正忠,自民,前,106143,45.81,win,1
東京,東京１８区,菅　直人,民主,前,89877,38.79,PR-win,1
東京,東京１８区,結城　亮,共産,新,35699,15.41,lose,0
東京,東京１９区,松本　洋平,自民,前,107608,40.96,win,1
東京,東京１９区,末松　義規,民主,元,87584,33.34,lose,1
東京,東京１９区,小泉　民未嗣,共産,新,36878,14.04,lose,0
東京,東京１９区,山田　宏,次世,前,30658,11.67,lose,1
東京,東京２０区,木原　誠二,自民,前,110273,52.13,win,1
東京,東京２０区,竹田　光明,民主,元,51362,24.28,lose,1
東京,東京２０区,池田　真理子,共産,新,49902,23.59,lose,0
東京,東京２１区,小田原　潔,自民,前,83984,41.59,win,1
東京,東京２１区,長島　昭久,民主,前,82351,40.78,PR-win,1
東京,東京２１区,吉岡　正史,共産,新,35598,17.63,lose,1
東京,東京２２区,伊藤　達也,自民,前,116757,45.96,win,1
東京,東京２２区,山花　郁夫,民主,元,80014,31.5,lose,1
東京,東京２２区,坂内　淳,共産,新,36980,14.56,lose,0
東京,東京２２区,鹿野　晃,次世,新,20288,7.99,lose,1
東京,東京２３区,小倉　将信,自民,前,104709,41.16,win,1
東京,東京２３区,櫛渕　万里,民主,元,63706,25.04,lose,1
東京,東京２３区,伊藤　俊輔,維新,新,50836,19.98,lose,1
東京,東京２３区,松村　亮佑,共産,新,35166,13.82,lose,0
東京,東京２４区,萩生田　光一,自民,前,126024,51.69,win,1
東京,東京２４区,阿久津　幸彦,民主,元,71212,29.21,lose,1
東京,東京２４区,市川　克宏,共産,新,32887,13.49,lose,0
東京,東京２４区,藤井　義裕,次世,新,13680,5.61,lose,1
東京,東京２５区,井上　信治,自民,前,100081,61.62,win,1
東京,東京２５区,山下　容子,民主,新,32687,20.13,lose,1
東京,東京２５区,井上　宣,共産,新,29650,18.26,lose,0
神奈川,神奈川１区,松本　純,自民,前,113844,52.37,win,1
神奈川,神奈川１区,篠原　豪,維新,新,68061,31.31,PR-win,1
神奈川,神奈川１区,明石　行夫,共産,新,35465,16.32,lose,0
神奈川,神奈川２区,菅　義偉,自民,前,147084,67.71,win,1
神奈川,神奈川２区,三輪　智恵美,共産,新,47119,21.69,lose,0
神奈川,神奈川２区,岡本　幸三,生活,新,23011,10.59,lose,0
神奈川,神奈川３区,小此木　八郎,自民,前,102323,50.19,win,1
神奈川,神奈川３区,勝又　恒一郎,民主,元,50199,24.62,lose,1
神奈川,神奈川３区,木佐木　忠晶,共産,新,31853,15.62,lose,0
神奈川,神奈川３区,横田　光弘,次世,新,19516,9.57,lose,1
神奈川,神奈川４区,浅尾　慶一郎,無所,前,91063,48.12,win,0
神奈川,神奈川４区,山本　朋広,自民,前,61479,32.49,PR-win,1
神奈川,神奈川４区,加藤　勝広,共産,新,20063,10.6,lose,0
神奈川,神奈川４区,荻原　隆宏,無所,新,16633,8.79,lose,0
神奈川,神奈川５区,坂井　学,自民,前,112963,47.76,win,1
神奈川,神奈川５区,水戸　将史,維新,新,56647,23.95,PR-win,1
神奈川,神奈川５区,横山　征吾,共産,新,32075,13.56,lose,0
神奈川,神奈川５区,後藤田　弥生,無所,新,27188,11.49,lose,0
神奈川,神奈川５区,河野　敏久,次世,新,7656,3.24,lose,1
神奈川,神奈川６区,上田　勇,公明,前,78746,39.85,win,0
神奈川,神奈川６区,青柳　陽一郎,維新,前,52368,26.5,PR-win,1
神奈川,神奈川６区,三村　和也,民主,元,43464,22.0,lose,1
神奈川,神奈川６区,北谷　真利,共産,新,23013,11.65,lose,0
神奈川,神奈川７区,鈴木　馨祐,自民,前,101088,44.38,win,1
神奈川,神奈川７区,中谷　一馬,民主,新,50511,22.17,lose,1
神奈川,神奈川７区,豊田　有希,維新,新,39964,17.54,lose,1
神奈川,神奈川７区,大山　奈々子,共産,新,26151,11.48,lose,0
神奈川,神奈川７区,松田　学,次世,前,10073,4.42,lose,1
神奈川,神奈川８区,江田　憲司,維新,前,116189,54.49,win,0
神奈川,神奈川８区,福田　峰之,自民,前,73032,34.25,PR-win,1
神奈川,神奈川８区,若林　靖久,共産,新,24024,11.27,lose,0
神奈川,神奈川９区,笠　浩史,民主,前,64534,37.87,win,1
神奈川,神奈川９区,中山　展宏,自民,前,59991,35.2,PR-win,1
神奈川,神奈川９区,椎名　毅,維新,前,27762,16.29,lose,1
神奈川,神奈川９区,堀口　望,共産,新,18134,10.64,lose,0
神奈川,神奈川１０区,田中　和徳,自民,前,114564,52.2,win,1
神奈川,神奈川１０区,城島　光力,民主,元,66897,30.48,lose,1
神奈川,神奈川１０区,中野　智裕,共産,新,38025,17.32,lose,0
神奈川,神奈川１１区,小泉　進次郎,自民,前,168953,83.28,win,0
神奈川,神奈川１１区,瀬戸　和弘,共産,新,33930,16.72,lose,0
神奈川,神奈川１２区,星野　剛士,自民,前,83327,42.44,win,1
神奈川,神奈川１２区,阿部　知子,民主,前,82612,42.08,PR-win,1
神奈川,神奈川１２区,味村　耕太郎,共産,新,16189,8.25,lose,0
神奈川,神奈川１２区,甘粕　和彦,次世,新,14208,7.24,lose,1
神奈川,神奈川１３区,甘利　明,自民,前,142201,60.47,win,1
神奈川,神奈川１３区,伊藤　優太,維新,新,58941,25.06,lose,1
神奈川,神奈川１３区,高久　良美,共産,新,34014,14.46,lose,0
神奈川,神奈川１４区,赤間　二郎,自民,前,109408,47.22,win,1
神奈川,神奈川１４区,本村　賢太郎,民主,元,83485,36.03,PR-win,1
神奈川,神奈川１４区,中野渡　旬,共産,新,22720,9.81,lose,0
神奈川,神奈川１４区,中本　太衛,次世,元,16091,6.94,lose,1
神奈川,神奈川１５区,河野　太郎,自民,前,155388,66.79,win,1
神奈川,神奈川１５区,池田　東一郎,無所,新,39211,16.85,lose,0
神奈川,神奈川１５区,沼上　徳光,共産,新,38068,16.36,lose,0
神奈川,神奈川１６区,後藤　祐一,民主,前,103116,45.83,win,1
神奈川,神奈川１６区,義家　弘介,自民,前,101627,45.17,PR-win,1
神奈川,神奈川１６区,池田　博英,共産,新,20243,9.0,lose,0
神奈川,神奈川１７区,牧島　かれん,自民,前,118537,53.42,win,1
神奈川,神奈川１７区,神山　洋介,民主,元,79788,35.96,PR-win,1
神奈川,神奈川１７区,吉田　福治,共産,新,23569,10.62,lose,0
神奈川,神奈川１８区,山際　大志郎,自民,前,86869,39.95,win,1
神奈川,神奈川１８区,中田　宏,次世,前,59138,27.2,lose,1
神奈川,神奈川１８区,北村　造,維新,新,26691,12.28,lose,1
神奈川,神奈川１８区,塩田　儀夫,共産,新,24616,11.32,lose,0
神奈川,神奈川１８区,樋高　剛,生活,元,20105,9.25,lose,1
新潟,新潟１区,石崎　徹,自民,前,92656,46.97,win,1
新潟,新潟１区,西村　智奈美,民主,元,84573,42.87,PR-win,1
新潟,新潟１区,町田　明広,共産,新,20037,10.16,lose,0
新潟,新潟２区,細田　健一,自民,前,70589,42.96,win,1
新潟,新潟２区,鷲尾　英一郎,民主,前,70487,42.9,PR-win,1
新潟,新潟２区,渡辺　英明,社民,新,11801,7.18,lose,1
新潟,新潟２区,五位野　和夫,共産,新,11434,6.96,lose,0
新潟,新潟３区,黒岩　宇洋,民主,元,82619,49.13,win,1
新潟,新潟３区,斎藤　洋明,自民,前,74319,44.2,PR-win,1
新潟,新潟３区,伊藤　誠,共産,新,11214,6.67,lose,0
新潟,新潟４区,金子　恵美,自民,前,77137,46.7,win,1
新潟,新潟４区,菊田　真紀子,民主,前,74073,44.85,PR-win,1
新潟,新潟４区,西沢　博,共産,新,13957,8.45,lose,0
新潟,新潟５区,長島　忠美,自民,前,81176,57.33,win,1
新潟,新潟５区,森　ゆうこ,生活,新,47420,33.49,lose,1
新潟,新潟５区,服部　耕一,共産,新,12993,9.18,lose,0
新潟,新潟６区,高鳥　修一,自民,前,83638,52.7,win,1
新潟,新潟６区,梅谷　守,民主,新,62766,39.55,lose,1
新潟,新潟６区,高橋　ミキ子,共産,新,12315,7.76,lose,0
富山,富山１区,田畑　裕明,自民,前,70085,58.83,win,1
富山,富山１区,吉田　豊史,維新,新,39249,32.95,PR-win,1
富山,富山１区,高橋　渡,共産,新,9795,8.22,lose,0
富山,富山２区,宮腰　光寛,自民,前,82898,70.61,win,1
富山,富山２区,東　篤,社民,新,23350,19.89,lose,1
富山,富山２区,平崎　功,共産,新,11158,9.5,lose,0
富山,富山３区,橘　慶一郎,自民,前,138991,81.23,win,1
富山,富山３区,坂本　洋史,共産,新,32118,18.77,lose,0
石川,石川１区,馳　浩,自民,前,76422,50.7,win,1
石川,石川１区,田中　美絵子,民主,元,59590,39.53,lose,1
石川,石川１区,亀田　良典,共産,新,14720,9.77,lose,0
石川,石川２区,佐々木　紀,自民,前,110583,75.46,win,1
石川,石川２区,西村　祐士,共産,新,30889,21.08,lose,0
石川,石川２区,浜崎　茂,無所,新,5075,3.46,lose,0
石川,石川３区,北村　茂男,自民,前,71384,49.56,win,1
石川,石川３区,近藤　和也,民主,元,64940,45.08,lose,1
石川,石川３区,渡辺　裕子,共産,新,7726,5.36,lose,0
福井,福井１区,稲田　朋美,自民,前,116855,64.84,win,1
福井,福井１区,鈴木　宏治,維新,新,47802,26.52,lose,1
福井,福井１区,金元　幸枝,共産,新,15561,8.63,lose,0
福井,福井２区,高木　毅,自民,前,83086,61.52,win,1
福井,福井２区,辻　一憲,民主,新,42032,31.12,lose,1
福井,福井２区,宇野　邦弘,共産,新,9941,7.36,lose,0
山梨,山梨１区,中島　克仁,民主,前,102111,43.96,win,1
山梨,山梨１区,宮川　典子,自民,前,101026,43.5,PR-win,1
山梨,山梨１区,遠藤　昭子,共産,新,29125,12.54,lose,1
山梨,山梨２区,長崎　幸太郎,無所,前,85117,50.72,win,0
山梨,山梨２区,堀内　詔子,自民,前,68109,40.59,PR-win,1
山梨,山梨２区,秋山　晃一,共産,新,14578,8.69,lose,0
長野,長野１区,篠原　孝,民主,前,96333,45.82,win,1
長野,長野１区,小松　裕,自民,前,74137,35.26,PR-win,1
長野,長野１区,武田　良介,共産,新,26903,12.8,lose,0
長野,長野１区,宮沢　隆仁,次世,前,12888,6.13,lose,1
長野,長野２区,務台　俊介,自民,前,75718,37.02,win,1
長野,長野２区,下条　みつ,民主,元,63558,31.08,lose,1
長野,長野２区,百瀬　智之,維新,前,41232,20.16,lose,1
長野,長野２区,清沢　達也,共産,新,24006,11.74,lose,0
長野,長野３区,井出　庸生,維新,前,77289,34.35,win,1
長野,長野３区,寺島　義幸,民主,前,63397,28.18,lose,1
長野,長野３区,木内　均,自民,前,56365,25.05,PR-win,1
長野,長野３区,唐沢　千晶,共産,新,27947,12.42,lose,0
長野,長野４区,後藤　茂之,自民,前,63121,46.07,win,1
長野,長野４区,矢崎　公二,民主,元,51816,37.82,lose,1
長野,長野４区,上田　秀昭,共産,新,22068,16.11,lose,1
長野,長野５区,宮下　一郎,自民,前,91089,54.67,win,1
長野,長野５区,中嶋　康介,民主,新,46595,27.96,lose,1
長野,長野５区,水野　力夫,共産,新,28947,17.37,lose,0
岐阜,岐阜１区,野田　聖子,自民,前,82434,57.45,win,1
岐阜,岐阜１区,吉田　里江,民主,新,38402,26.76,lose,1
岐阜,岐阜１区,大須賀　志津香,共産,新,22647,15.78,lose,0
岐阜,岐阜２区,棚橋　泰文,自民,前,108234,75.52,win,1
岐阜,岐阜２区,森桜　房義,共産,新,35092,24.48,lose,0
岐阜,岐阜３区,武藤　容治,自民,前,107872,52.56,win,1
岐阜,岐阜３区,園田　康博,民主,元,77074,37.56,lose,1
岐阜,岐阜３区,服部　頼義,共産,新,20276,9.88,lose,0
岐阜,岐阜４区,金子　一義,自民,前,104139,51.43,win,1
岐阜,岐阜４区,今井　雅人,維新,前,80042,39.53,PR-win,1
岐阜,岐阜４区,伊島　明博,共産,新,18325,9.05,lose,0
岐阜,岐阜５区,古屋　圭司,自民,前,90116,55.82,win,1
岐阜,岐阜５区,阿知波　吉信,民主,元,53111,32.9,lose,1
岐阜,岐阜５区,鷹見　信義,共産,新,18215,11.28,lose,0
静岡,静岡１区,上川　陽子,自民,前,89544,44.9,win,1
静岡,静岡１区,小池　政就,維新,前,47986,24.06,lose,1
静岡,静岡１区,牧野　聖修,民主,元,45238,22.68,lose,1
静岡,静岡１区,河瀬　幸代,共産,新,16682,8.36,lose,0
静岡,静岡２区,井林　辰憲,自民,前,129311,59.94,win,1
静岡,静岡２区,松尾　勉,民主,新,63078,29.24,lose,1
静岡,静岡２区,四ツ谷　恵,共産,新,23340,10.82,lose,0
静岡,静岡３区,宮沢　博行,自民,前,105347,49.82,win,1
静岡,静岡３区,小山　展弘,民主,元,87800,41.52,PR-win,1
静岡,静岡３区,松浦　敏夫,共産,新,18298,8.65,lose,0
静岡,静岡４区,望月　義夫,自民,前,92416,53.27,win,1
静岡,静岡４区,田村　謙治,民主,元,66771,38.49,lose,1
静岡,静岡４区,杉田　保雄,共産,新,14305,8.25,lose,0
静岡,静岡５区,細野　豪志,民主,前,143012,58.56,win,0
静岡,静岡５区,吉川　赳,自民,前,84574,34.63,lose,1
静岡,静岡５区,大庭　桃子,共産,新,16638,6.81,lose,0
静岡,静岡６区,渡辺　周,民主,前,114161,48.55,win,1
静岡,静岡６区,勝俣　孝明,自民,前,102714,43.68,PR-win,1
静岡,静岡６区,佐藤　龍彦,共産,新,18276,7.77,lose,0
静岡,静岡７区,城内　実,自民,前,132698,70.93,win,1
静岡,静岡７区,松本　泰高,民主,新,37654,20.13,lose,1
静岡,静岡７区,野沢　正司,共産,新,16743,8.95,lose,0
静岡,静岡８区,塩谷　立,自民,前,98485,50.87,win,1
静岡,静岡８区,源馬　謙太郎,維新,新,62798,32.43,lose,1
静岡,静岡８区,落合　勝二,共産,新,16658,8.6,lose,0
静岡,静岡８区,古橋　和大,無所,新,15671,8.09,lose,0
愛知,愛知１区,熊田　裕通,自民,前,73003,42.39,win,1
愛知,愛知１区,吉田　統彦,民主,元,49230,28.59,lose,1
愛知,愛知１区,大野　宙光,共産,新,20143,11.7,lose,1
愛知,愛知１区,広沢　一郎,諸派,新,18343,10.65,lose,0
愛知,愛知１区,身玉山　宗三郎,次世,新,6422,3.73,lose,1
愛知,愛知１区,平山　良平,社民,新,5076,2.95,lose,0
愛知,愛知２区,古川　元久,民主,前,102058,52.92,win,1
愛知,愛知２区,東郷　哲也,自民,前,67681,35.09,lose,1
愛知,愛知２区,黒田　二郎,共産,新,23128,11.99,lose,0
愛知,愛知３区,近藤　昭一,民主,前,82422,41.45,win,1
愛知,愛知３区,池田　佳隆,自民,前,72353,36.39,PR-win,1
愛知,愛知３区,石川　寿,共産,新,22676,11.4,lose,0
愛知,愛知３区,増田　成美,諸派,新,14416,7.25,lose,0
愛知,愛知３区,井桁　亮,次世,新,6984,3.51,lose,0
愛知,愛知４区,工藤　彰三,自民,前,66213,38.58,win,1
愛知,愛知４区,牧　義夫,維新,元,47291,27.56,PR-win,1
愛知,愛知４区,刀禰　勝之,民主,新,36285,21.14,lose,1
愛知,愛知４区,高橋　祐介,共産,新,21828,12.72,lose,1
愛知,愛知５区,赤松　広隆,民主,前,84226,44.53,win,1
愛知,愛知５区,神田　憲次,自民,前,71616,37.86,PR-win,1
愛知,愛知５区,藤井　博樹,共産,新,23069,12.2,lose,0
愛知,愛知５区,安田　庄一,次世,新,10231,5.41,lose,1
愛知,愛知６区,丹羽　秀樹,自民,前,106887,52.01,win,1
愛知,愛知６区,森本　和義,民主,元,66037,32.13,lose,1
愛知,愛知６区,柳沢　けさ美,共産,新,32607,15.86,lose,0
愛知,愛知７区,山尾　志桜里,民主,元,113474,46.6,win,1
愛知,愛知７区,鈴木　淳司,自民,前,108151,44.42,PR-win,1
愛知,愛知７区,郷右近　修,共産,新,21872,8.98,lose,0
愛知,愛知８区,伊藤　忠彦,自民,前,109723,47.57,win,1
愛知,愛知８区,伴野　豊,民主,元,99058,42.95,PR-win,1
愛知,愛知８区,長友　忠弘,共産,新,21859,9.48,lose,0
愛知,愛知９区,長坂　康正,自民,前,98594,47.27,win,1
愛知,愛知９区,岡本　充功,民主,元,85967,41.22,PR-win,1
愛知,愛知９区,渡辺　裕,共産,新,24003,11.51,lose,0
愛知,愛知１０区,江崎　鉄磨,自民,前,91978,44.49,win,1
愛知,愛知１０区,杉本　和巳,無所,前,45702,22.11,lose,0
愛知,愛知１０区,小林　弘子,民主,新,43672,21.13,lose,1
愛知,愛知１０区,板倉　正文,共産,新,25376,12.28,lose,0
愛知,愛知１１区,古本　伸一郎,民主,前,126498,52.59,win,1
愛知,愛知１１区,八木　哲也,自民,前,97167,40.39,PR-win,1
愛知,愛知１１区,牧田　充生,共産,新,16883,7.02,lose,0
愛知,愛知１２区,重徳　和彦,維新,前,131618,48.49,win,1
愛知,愛知１２区,青山　周平,自民,前,118165,43.54,PR-win,1
愛知,愛知１２区,牧野　次郎,共産,新,21637,7.97,lose,0
愛知,愛知１３区,大西　健介,民主,前,116652,49.62,win,1
愛知,愛知１３区,大見　正,自民,前,101144,43.03,PR-win,1
愛知,愛知１３区,宮地　勲,共産,新,17285,7.35,lose,0
愛知,愛知１４区,今枝　宗一郎,自民,前,77513,50.17,win,1
愛知,愛知１４区,鈴木　克昌,民主,前,62103,40.2,PR-win,1
愛知,愛知１４区,袴田　富治,共産,新,14872,9.63,lose,0
愛知,愛知１５区,根本　幸典,自民,前,97152,52.58,win,1
愛知,愛知１５区,関　健一郎,民主,新,64480,34.9,lose,1
愛知,愛知１５区,串田　真吾,共産,新,23143,12.52,lose,0
三重,三重１区,川崎　二郎,自民,前,88219,52.98,win,1
三重,三重１区,松田　直久,維新,新,56504,33.93,PR-win,1
三重,三重１区,橋本　マサ子,共産,新,21785,13.08,lose,0
三重,三重２区,中川　正春,民主,前,91676,52.77,win,1
三重,三重２区,島田　佳和,自民,前,63187,36.37,PR-win,1
三重,三重２区,中野　武史,共産,新,18849,10.85,lose,0
三重,三重３区,岡田　克也,民主,前,120950,64.03,win,1
三重,三重３区,嶋田　幸司,自民,新,53659,28.41,lose,1
三重,三重３区,釜井　敏行,共産,新,14293,7.57,lose,0
三重,三重４区,田村　憲久,自民,前,94725,74.5,win,1
三重,三重４区,松木　豊年,共産,新,32429,25.5,lose,0
三重,三重５区,三ツ矢　憲生,自民,前,86104,54.44,win,0
三重,三重５区,藤田　大助,民主,元,58884,37.23,lose,1
三重,三重５区,内藤　弘一,共産,新,13170,8.33,lose,0
滋賀,滋賀１区,大岡　敏孝,自民,前,78567,46.24,win,1
滋賀,滋賀１区,川端　達夫,民主,前,69543,40.93,PR-win,1
滋賀,滋賀１区,佐藤　耕平,共産,新,21790,12.83,lose,0
滋賀,滋賀２区,上野　賢一郎,自民,前,65102,48.82,win,1
滋賀,滋賀２区,田島　一成,民主,元,54095,40.56,PR-win,1
滋賀,滋賀２区,中川　睦子,共産,新,14163,10.62,lose,0
滋賀,滋賀３区,武村　展英,自民,前,70789,53.83,win,1
滋賀,滋賀３区,小川　泰江,民主,新,46593,35.43,lose,1
滋賀,滋賀３区,西川　仁,共産,新,14113,10.73,lose,0
滋賀,滋賀４区,武藤　貴也,自民,前,60460,38.75,win,1
滋賀,滋賀４区,岩永　裕貴,維新,前,40993,26.27,lose,1
滋賀,滋賀４区,徳永　久志,民主,新,40902,26.21,lose,1
滋賀,滋賀４区,西沢　耕一,共産,新,13687,8.77,lose,0
京都,京都１区,伊吹　文明,自民,前,73684,40.56,win,0
京都,京都１区,穀田　恵二,共産,前,53379,29.38,PR-win,1
京都,京都１区,田坂　幾太,維新,新,36353,20.01,lose,1
京都,京都１区,平　智之,無所,元,17307,9.53,lose,0
京都,京都１区,蜷川　澄村,無所,新,960,0.53,lose,0
京都,京都２区,前原　誠司,民主,前,66227,50.44,win,1
京都,京都２区,上中　康司,自民,新,37180,28.32,lose,1
京都,京都２区,原　俊史,共産,新,27888,21.24,lose,0
京都,京都３区,宮崎　謙介,自民,前,59437,35.84,win,1
京都,京都３区,泉　健太,民主,前,54900,33.11,PR-win,1
京都,京都３区,石村　和子,共産,新,26655,16.07,lose,1
京都,京都３区,清水　鴻一郎,維新,前,24840,14.98,lose,1
京都,京都４区,田中　英之,自民,前,75744,39.14,win,1
京都,京都４区,北神　圭朗,民主,元,58692,30.33,lose,1
京都,京都４区,吉田　幸一,共産,新,32895,17.0,lose,0
京都,京都４区,畑本　久仁枝,維新,新,26175,13.53,lose,1
京都,京都５区,谷垣　禎一,自民,前,76733,56.64,win,1
京都,京都５区,小原　舞,民主,元,39178,28.92,lose,1
京都,京都５区,山内　健,共産,新,19558,14.44,lose,0
京都,京都６区,山井　和則,民主,前,102030,44.27,win,1
京都,京都６区,安藤　裕,自民,前,94736,41.11,PR-win,1
京都,京都６区,上條　亮一,共産,新,33690,14.62,lose,0
大阪,大阪１区,井上　英孝,維新,前,75016,42.35,win,1
大阪,大阪１区,大西　宏幸,自民,新,71648,40.45,PR-win,1
大阪,大阪１区,柴山　昇,共産,新,30463,17.2,lose,0
大阪,大阪２区,左藤　章,自民,前,78326,46.47,win,1
大阪,大阪２区,椎木　保,維新,前,56025,33.24,lose,1
大阪,大阪２区,山本　陽子,共産,新,34184,20.28,lose,0
大阪,大阪３区,佐藤　茂樹,公明,前,84943,57.21,win,0
大阪,大阪３区,渡部　結,共産,新,63529,42.79,lose,0
大阪,大阪４区,中山　泰秀,自民,前,82538,38.87,win,1
大阪,大阪４区,吉村　洋文,維新,新,74101,34.9,PR-win,1
大阪,大阪４区,清水　忠史,共産,新,31478,14.83,PR-win,1
大阪,大阪４区,吉田　治,無所,元,24213,11.4,lose,0
大阪,大阪５区,国重　徹,公明,前,92681,57.53,win,0
大阪,大阪５区,石井　美鈴,共産,新,68430,42.47,lose,0
大阪,大阪６区,伊佐　進一,公明,前,94308,56.35,win,0
大阪,大阪６区,渡司　考一,共産,新,42265,25.25,lose,0
大阪,大阪６区,村上　史好,生活,前,30792,18.4,lose,1
大阪,大阪７区,渡嘉敷　奈緒美,自民,前,81109,43.2,win,1
大阪,大阪７区,上西　小百合,維新,前,67719,36.07,PR-win,1
大阪,大阪７区,村口　久美子,共産,新,38928,20.73,lose,0
大阪,大阪８区,大塚　高司,自民,前,67055,40.58,win,1
大阪,大阪８区,木下　智彦,維新,前,62522,37.84,PR-win,1
大阪,大阪８区,山端　光子,共産,新,19897,12.04,lose,0
大阪,大阪８区,服部　良一,社民,元,11286,6.83,lose,1
大阪,大阪８区,上田　孝之,次世,新,4465,2.7,lose,1
大阪,大阪９区,原田　憲治,自民,前,95667,41.33,win,1
大阪,大阪９区,足立　康史,維新,前,91400,39.48,PR-win,1
大阪,大阪９区,垣田　千恵子,共産,新,31165,13.46,lose,0
大阪,大阪９区,辻　恵,無所,元,13264,5.73,lose,0
大阪,大阪１０区,辻元　清美,民主,前,61725,34.35,win,1
大阪,大阪１０区,大隈　和英,自民,新,53160,29.58,PR-win,1
大阪,大阪１０区,松浪　健太,維新,前,50516,28.11,PR-win,1
大阪,大阪１０区,浅沼　和仁,共産,新,14318,7.97,lose,0
大阪,大阪１１区,佐藤　ゆかり,自民,元,73931,34.56,win,1
大阪,大阪１１区,平野　博文,民主,元,61216,28.62,PR-win,1
大阪,大阪１１区,伊東　信久,維新,前,58321,27.26,PR-win,1
大阪,大阪１１区,三和　智之,共産,新,20449,9.56,lose,0
大阪,大阪１２区,北川　知克,自民,前,68817,40.01,win,1
大阪,大阪１２区,樽床　伸二,民主,元,43265,25.16,lose,1
大阪,大阪１２区,堅田　壮一郎,維新,新,41649,24.22,lose,1
大阪,大阪１２区,吉井　芳子,共産,新,18257,10.62,lose,0
大阪,大阪１３区,宗清　皇一,自民,新,91931,49.31,win,1
大阪,大阪１３区,西野　弘一,次世,前,61136,32.79,lose,1
大阪,大阪１３区,荒谷　恵美子,共産,新,33384,17.9,lose,0
大阪,大阪１４区,谷畑　孝,維新,前,78332,38.76,win,1
大阪,大阪１４区,長尾　敬,自民,元,76555,37.88,PR-win,1
大阪,大阪１４区,野沢　倫昭,共産,新,35194,17.41,lose,0
大阪,大阪１４区,三宅　博,次世,前,12030,5.95,lose,1
大阪,大阪１５区,竹本　直一,自民,前,86297,45.04,win,0
大阪,大阪１５区,浦野　靖人,維新,前,74483,38.87,PR-win,1
大阪,大阪１５区,為　仁史,共産,新,30840,16.09,lose,0
大阪,大阪１６区,北側　一雄,公明,前,66673,43.19,win,0
大阪,大阪１６区,森山　浩行,民主,元,38331,24.83,lose,1
大阪,大阪１６区,西村　真悟,次世,前,26567,17.21,lose,1
大阪,大阪１６区,益　修一,共産,新,22809,14.77,lose,0
大阪,大阪１７区,馬場　伸幸,維新,前,70196,43.72,win,1
大阪,大阪１７区,岡下　昌平,自民,新,63219,39.37,PR-win,1
大阪,大阪１７区,吉岡　孝嘉,共産,新,27151,16.91,lose,0
大阪,大阪１８区,遠藤　敬,維新,前,88638,44.24,win,1
大阪,大阪１８区,神谷　昇,自民,新,82460,41.15,PR-win,1
大阪,大阪１８区,矢野　忠重,共産,新,29275,14.61,lose,0
大阪,大阪１９区,丸山　穂高,維新,前,56119,36.9,win,1
大阪,大阪１９区,谷川　とむ,自民,新,51223,33.68,PR-win,1
大阪,大阪１９区,長安　豊,民主,元,33010,21.7,lose,1
大阪,大阪１９区,北村　みき,共産,新,11740,7.72,lose,0
兵庫,兵庫１区,井坂　信彦,維新,前,84822,46.23,win,1
兵庫,兵庫１区,盛山　正仁,自民,前,72791,39.67,PR-win,1
兵庫,兵庫１区,筒井　哲二朗,共産,新,25875,14.1,lose,0
兵庫,兵庫２区,赤羽　一嘉,公明,前,78131,49.29,win,0
兵庫,兵庫２区,向山　好一,民主,元,48796,30.79,lose,1
兵庫,兵庫２区,平松　順子,共産,新,31575,19.92,lose,0
兵庫,兵庫３区,関　芳弘,自民,前,63022,40.01,win,1
兵庫,兵庫３区,新原　秀人,維新,前,33062,20.99,lose,1
兵庫,兵庫３区,横畑　和幸,民主,新,24402,15.49,lose,1
兵庫,兵庫３区,和田　有一朗,次世,新,19343,12.28,lose,1
兵庫,兵庫３区,冨士谷　香恵子,共産,新,17690,11.23,lose,0
兵庫,兵庫４区,藤井　比早之,自民,前,111544,54.67,win,1
兵庫,兵庫４区,永井　寿也,維新,新,62506,30.63,lose,1
兵庫,兵庫４区,林　政人,共産,新,29990,14.7,lose,0
兵庫,兵庫５区,谷　公一,自民,前,110439,56.94,win,1
兵庫,兵庫５区,三木　圭恵,維新,前,60337,31.11,lose,1
兵庫,兵庫５区,西中　孝男,共産,新,23189,11.96,lose,0
兵庫,兵庫６区,大串　正樹,自民,前,116328,48.93,win,1
兵庫,兵庫６区,辻　泰弘,民主,新,61902,26.04,lose,1
兵庫,兵庫６区,吉岡　健次,共産,新,34647,14.57,lose,0
兵庫,兵庫６区,杉田　水脈,次世,前,24877,10.46,lose,1
兵庫,兵庫７区,山田　賢司,自民,前,89813,36.93,win,1
兵庫,兵庫７区,畠中　光成,維新,前,63856,26.26,lose,1
兵庫,兵庫７区,石井　登志郎,民主,元,39357,16.18,lose,1
兵庫,兵庫７区,大前　春代,無所,新,28161,11.58,lose,0
兵庫,兵庫７区,浜本　鶴男,共産,新,21996,9.05,lose,0
兵庫,兵庫８区,中野　洋昌,公明,前,94687,60.88,win,0
兵庫,兵庫８区,庄本　悦子,共産,新,60849,39.12,lose,0
兵庫,兵庫９区,西村　康稔,自民,前,126491,74.76,win,1
兵庫,兵庫９区,新町　美千代,共産,新,42694,25.24,lose,0
兵庫,兵庫１０区,渡海　紀三朗,自民,前,89792,54.33,win,1
兵庫,兵庫１０区,松井　雅博,維新,新,51316,31.05,lose,1
兵庫,兵庫１０区,井沢　孝典,共産,新,24162,14.62,lose,0
兵庫,兵庫１１区,松本　剛明,民主,前,90182,49.61,win,1
兵庫,兵庫１１区,頭師　暢秀,自民,新,74562,41.02,lose,1
兵庫,兵庫１１区,苦瓜　一成,共産,新,17020,9.36,lose,0
兵庫,兵庫１２区,山口　壮,無所,前,77654,47.63,win,0
兵庫,兵庫１２区,戸井田　真太郎,無所,新,42664,26.17,lose,0
兵庫,兵庫１２区,村上　賀厚,維新,新,27835,17.07,lose,1
兵庫,兵庫１２区,堀　譲,共産,新,14871,9.12,lose,0
奈良,奈良１区,馬淵　澄夫,民主,前,79265,48.41,win,1
奈良,奈良１区,小林　茂樹,自民,前,67473,41.21,lose,1
奈良,奈良１区,谷川　和広,共産,新,16996,10.38,lose,1
奈良,奈良２区,高市　早苗,自民,前,96218,61.31,win,1
奈良,奈良２区,中村　哲治,生活,元,38781,24.71,lose,1
奈良,奈良２区,和泉　信丈,共産,新,21937,13.98,lose,0
奈良,奈良３区,奥野　信亮,自民,前,79334,52.64,win,1
奈良,奈良３区,栗原　絵里子,維新,新,46556,30.89,lose,1
奈良,奈良３区,正木　敦,共産,新,24828,16.47,lose,0
奈良,奈良４区,田野瀬　太道,自民,前,86442,61.25,win,1
奈良,奈良４区,大西　孝典,民主,元,42050,29.79,lose,1
奈良,奈良４区,山崎　タヨ,共産,新,12643,8.96,lose,0
和歌山,和歌山１区,岸本　周平,民主,前,67740,47.8,win,1
和歌山,和歌山１区,門　博文,自民,前,59937,42.3,PR-win,1
和歌山,和歌山１区,国重　秀明,共産,新,14027,9.9,lose,0
和歌山,和歌山２区,石田　真敏,自民,前,71167,56.31,win,1
和歌山,和歌山２区,阪口　直人,維新,前,39799,31.49,lose,1
和歌山,和歌山２区,富岡　清彦,共産,新,15415,12.2,lose,0
和歌山,和歌山３区,二階　俊博,自民,前,108257,76.5,win,0
和歌山,和歌山３区,原　矢寸久,共産,新,33260,23.5,lose,1
鳥取,鳥取１区,石破　茂,自民,前,93105,80.27,win,1
鳥取,鳥取１区,塚田　成幸,共産,新,22888,19.73,lose,0
鳥取,鳥取２区,赤沢　亮正,自民,前,76579,56.25,win,1
鳥取,鳥取２区,湯原　俊二,民主,元,49297,36.21,lose,1
鳥取,鳥取２区,福住　英行,共産,新,10270,7.54,lose,0
島根,島根１区,細田　博之,自民,前,100376,64.26,win,1
島根,島根１区,和田　章一郎,民主,新,38346,24.55,lose,1
島根,島根１区,上代　善雄,共産,新,17479,11.19,lose,0
島根,島根２区,竹下　亘,自民,前,123584,69.19,win,1
島根,島根２区,山本　誉,社民,新,34558,19.35,lose,1
島根,島根２区,向瀬　慎一,共産,新,20479,11.47,lose,0
岡山,岡山１区,逢沢　一郎,自民,前,90059,55.83,win,1
岡山,岡山１区,高井　崇志,維新,元,56135,34.8,PR-win,1
岡山,岡山１区,向谷　千鳥,共産,新,15105,9.36,lose,0
岡山,岡山２区,山下　貴司,自民,前,71436,49.59,win,1
岡山,岡山２区,津村　啓介,民主,前,56951,39.54,PR-win,1
岡山,岡山２区,井上　素子,共産,新,15652,10.87,lose,0
岡山,岡山３区,平沼　赳夫,次世,前,73852,49.18,win,1
岡山,岡山３区,阿部　俊子,自民,前,57647,38.39,PR-win,1
岡山,岡山３区,古松　国昭,共産,新,18654,12.42,lose,0
岡山,岡山４区,橋本　岳,自民,前,91189,50.62,win,1
岡山,岡山４区,柚木　道義,民主,前,75338,41.82,PR-win,1
岡山,岡山４区,垣内　雄一,共産,新,13629,7.57,lose,0
岡山,岡山５区,加藤　勝信,自民,前,105969,79.28,win,1
岡山,岡山５区,美見　芳明,共産,新,27693,20.72,lose,0
広島,広島１区,岸田　文雄,自民,前,96236,65.73,win,1
広島,広島１区,白坂　理香,維新,新,25452,17.38,lose,1
広島,広島１区,大西　理,共産,新,18737,12.8,lose,0
広島,広島１区,伊藤　真二,次世,新,5986,4.09,lose,1
広島,広島２区,平口　洋,自民,前,102719,52.21,win,1
広島,広島２区,松本　大輔,民主,元,77234,39.26,lose,1
広島,広島２区,藤本　聡志,共産,新,16794,8.54,lose,0
広島,広島３区,河井　克行,自民,前,85311,50.67,win,1
広島,広島３区,橋本　博明,民主,元,66549,39.52,lose,1
広島,広島３区,清水　貞子,共産,新,16514,9.81,lose,0
広島,広島４区,中川　俊直,自民,前,89748,64.93,win,1
広島,広島４区,中丸　啓,次世,前,26977,19.52,lose,1
広島,広島４区,中石　仁,共産,新,21500,15.55,lose,0
広島,広島５区,寺田　稔,自民,前,95526,77.71,win,1
広島,広島５区,尾崎　光,共産,新,27406,22.29,lose,0
広島,広島６区,亀井　静香,無所,前,89756,52.16,win,0
広島,広島６区,小島　敏文,自民,前,65494,38.06,PR-win,1
広島,広島６区,寺田　明充,共産,新,16839,9.79,lose,0
広島,広島７区,小林　史明,自民,前,101809,58.24,win,1
広島,広島７区,村田　享子,民主,新,40000,22.88,lose,1
広島,広島７区,坂元　大輔,次世,前,18186,10.4,lose,1
広島,広島７区,小浜　一輝,共産,新,14811,8.47,lose,0
山口,山口１区,高村　正彦,自民,前,120084,68.09,win,1
山口,山口１区,高邑　勉,維新,元,39375,22.33,lose,1
山口,山口１区,藤井　直子,共産,新,16890,9.58,lose,0
山口,山口２区,岸　信夫,自民,前,96799,58.41,win,1
山口,山口２区,平岡　秀夫,民主,元,57814,34.88,lose,1
山口,山口２区,赤松　義生,共産,新,11115,6.71,lose,0
山口,山口３区,河村　建夫,自民,前,93248,68.37,win,1
山口,山口３区,三浦　昇,民主,元,29329,21.5,lose,1
山口,山口３区,藤井　岳志,共産,新,13818,10.13,lose,0
山口,山口４区,安倍　晋三,自民,前,100829,76.27,win,0
山口,山口４区,吉田　貞好,共産,新,17358,13.13,lose,0
山口,山口４区,渡辺　利絵,無所,新,14018,10.6,lose,0
徳島,徳島１区,後藤田　正純,自民,前,92166,52.03,win,1
徳島,徳島１区,仁木　博文,民主,元,69188,39.06,lose,1
徳島,徳島１区,古田　元則,共産,新,15776,8.91,lose,0
徳島,徳島２区,山口　俊一,自民,前,85979,74.14,win,1
徳島,徳島２区,久保　孝之,共産,新,29996,25.86,lose,0
香川,香川１区,平井　卓也,自民,前,74115,49.49,win,1
香川,香川１区,小川　淳也,民主,前,65810,43.95,PR-win,1
香川,香川１区,河村　整,共産,新,9823,6.56,lose,0
香川,香川２区,玉木　雄一郎,民主,前,78797,55.82,win,1
香川,香川２区,瀬戸　隆一,自民,前,57318,40.6,PR-win,1
香川,香川２区,佐伯　守,共産,新,5050,3.58,lose,0
香川,香川３区,大野　敬太郎,自民,前,76281,68.19,win,1
香川,香川３区,高田　良徳,社民,新,25899,23.15,lose,1
香川,香川３区,土岐　一郎,共産,新,9688,8.66,lose,0
愛媛,愛媛１区,塩崎　恭久,自民,前,99900,53.6,win,1
愛媛,愛媛１区,永江　孝子,民主,元,74508,39.98,lose,1
愛媛,愛媛１区,田中　克彦,共産,新,11975,6.42,lose,0
愛媛,愛媛２区,村上　誠一郎,自民,前,57168,48.03,win,1
愛媛,愛媛２区,西岡　新,無所,前,30277,25.44,lose,0
愛媛,愛媛２区,横山　博幸,維新,新,22677,19.05,PR-win,1
愛媛,愛媛２区,植木　正勝,共産,新,8912,7.49,lose,0
愛媛,愛媛３区,白石　徹,自民,前,64929,51.65,win,1
愛媛,愛媛３区,白石　洋一,民主,元,52602,41.85,lose,1
愛媛,愛媛３区,一色　一正,共産,新,8176,6.5,lose,0
愛媛,愛媛４区,山本　公一,自民,前,66954,47.12,win,1
愛媛,愛媛４区,桜内　文城,次世,前,47637,33.52,lose,1
愛媛,愛媛４区,森　夏枝,維新,新,20222,14.23,lose,1
愛媛,愛媛４区,西井　直人,共産,新,7285,5.13,lose,0
高知,高知１区,中谷　元,自民,前,78279,51.94,win,1
高知,高知１区,大石　宗,民主,新,38237,25.37,lose,1
高知,高知１区,春名　直章,共産,元,30694,20.37,lose,1
高知,高知１区,藤島　利久,無所,新,3505,2.33,lose,0
高知,高知２区,山本　有二,自民,前,83764,53.61,win,1
高知,高知２区,武内　則男,民主,新,42562,27.24,lose,1
高知,高知２区,谷崎　治之,共産,新,29913,19.15,lose,0
福岡,福岡１区,井上　貴博,無所,前,59712,36.34,win,0
福岡,福岡１区,山本　剛正,民主,元,42960,26.15,lose,1
福岡,福岡１区,新開　裕司,無所,前,31087,18.92,lose,0
福岡,福岡１区,比江嶋　俊和,共産,新,18906,11.51,lose,0
福岡,福岡１区,金出　公子,無所,新,6764,4.12,lose,0
福岡,福岡１区,明石　健太郎,諸派,新,4883,2.97,lose,0
福岡,福岡２区,鬼木　誠,自民,前,102241,49.47,win,1
福岡,福岡２区,稲富　修二,民主,元,83535,40.42,lose,1
福岡,福岡２区,倉元　達朗,共産,新,17200,8.32,lose,0
福岡,福岡２区,中村　宣久,無所,新,3682,1.78,lose,0
福岡,福岡３区,古賀　篤,自民,前,114093,57.43,win,1
福岡,福岡３区,藤田　一枝,民主,元,65395,32.92,lose,1
福岡,福岡３区,川原　康裕,共産,新,19164,9.65,lose,0
福岡,福岡４区,宮内　秀樹,自民,前,91222,53.92,win,1
福岡,福岡４区,河野　正美,維新,前,54663,32.31,PR-win,1
福岡,福岡４区,新留　清隆,共産,新,23285,13.76,lose,0
福岡,福岡５区,原田　義昭,自民,前,113736,54.47,win,1
福岡,福岡５区,楠田　大蔵,民主,元,73805,35.35,lose,1
福岡,福岡５区,田中　陽二,共産,新,21251,10.18,lose,0
福岡,福岡６区,鳩山　邦夫,自民,前,116413,71.96,win,1
福岡,福岡６区,金子　睦美,共産,新,45357,28.04,lose,0
福岡,福岡７区,藤丸　敏,自民,前,95796,70.54,win,1
福岡,福岡７区,江口　学,共産,新,40003,29.46,lose,0
福岡,福岡８区,麻生　太郎,自民,前,126684,71.32,win,0
福岡,福岡８区,河野　祥子,共産,新,50947,28.68,lose,0
福岡,福岡９区,三原　朝彦,自民,前,87892,47.2,win,1
福岡,福岡９区,緒方　林太郎,民主,元,71871,38.6,PR-win,1
福岡,福岡９区,真島　省三,共産,新,26443,14.2,PR-win,1
福岡,福岡１０区,山本　幸三,自民,前,81567,44.21,win,1
福岡,福岡１０区,城井　崇,民主,元,58599,31.76,lose,1
福岡,福岡１０区,高瀬　菜穂子,共産,新,25941,14.06,lose,0
福岡,福岡１０区,佐藤　正夫,無所,前,18400,9.97,lose,0
福岡,福岡１１区,武田　良太,自民,前,85488,65.6,win,1
福岡,福岡１１区,藤中　寛之,社民,新,24138,18.52,lose,1
福岡,福岡１１区,山下　登美子,共産,新,20694,15.88,lose,0
佐賀,佐賀１区,原口　一博,民主,前,85903,47.51,win,1
佐賀,佐賀１区,岩田　和親,自民,前,83421,46.14,PR-win,1
佐賀,佐賀１区,古賀　誠,共産,新,11483,6.35,lose,0
佐賀,佐賀２区,古川　康,自民,新,114074,55.57,win,1
佐賀,佐賀２区,大串　博志,民主,前,82383,40.13,PR-win,1
佐賀,佐賀２区,御厨　さとみ,共産,新,8812,4.29,lose,0
長崎,長崎１区,冨岡　勉,自民,前,76247,45.57,win,1
長崎,長崎１区,高木　義明,民主,前,74218,44.35,PR-win,1
長崎,長崎１区,中西　敦信,共産,新,16867,10.08,lose,0
長崎,長崎２区,加藤　寛治,自民,前,86359,52.82,win,1
長崎,長崎２区,大久保　潔重,民主,新,65924,40.32,lose,1
長崎,長崎２区,矢崎　勝己,共産,新,11228,6.87,lose,0
長崎,長崎３区,谷川　弥一,自民,前,82354,72.24,win,0
長崎,長崎３区,石丸　完治,共産,新,31650,27.76,lose,0
長崎,長崎４区,北村　誠吾,自民,前,61533,50.39,win,1
長崎,長崎４区,宮島　大典,民主,元,42690,34.96,lose,1
長崎,長崎４区,末次　精一,生活,新,9303,7.62,lose,1
長崎,長崎４区,石川　悟,共産,新,6319,5.17,lose,0
長崎,長崎４区,森　拓也,無所,新,2268,1.86,lose,0
熊本,熊本１区,木原　稔,自民,前,87111,49.68,win,1
熊本,熊本１区,松野　頼久,維新,前,73274,41.79,PR-win,1
熊本,熊本１区,高本　征尚,共産,新,14947,8.52,lose,0
熊本,熊本２区,野田　毅,自民,前,92873,71.64,win,0
熊本,熊本２区,広瀬　由美,共産,新,36769,28.36,lose,0
熊本,熊本３区,坂本　哲志,自民,前,100824,77.08,win,1
熊本,熊本３区,芋生　よしや,共産,新,29981,22.92,lose,0
熊本,熊本４区,園田　博之,次世,前,101581,75.92,win,1
熊本,熊本４区,井芹　栄次,共産,新,32223,24.08,lose,0
熊本,熊本５区,金子　恭之,自民,前,87874,69.51,win,1
熊本,熊本５区,今泉　克己,社民,新,26245,20.76,lose,1
熊本,熊本５区,橋田　芳昭,共産,新,12307,9.73,lose,0
大分,大分１区,吉良　州司,民主,元,94893,48.29,win,1
大分,大分１区,穴見　陽一,自民,前,88507,45.04,PR-win,1
大分,大分１区,山本　茂,共産,新,13113,6.67,lose,0
大分,大分２区,衛藤　征士郎,自民,前,86363,52.65,win,0
大分,大分２区,吉川　元,社民,前,59775,36.44,PR-win,1
大分,大分２区,山下　魁,共産,新,17907,10.92,lose,0
大分,大分３区,岩屋　毅,自民,前,106257,61.67,win,1
大分,大分３区,浦野　英樹,民主,新,48389,28.08,lose,1
大分,大分３区,大塚　光義,共産,新,17657,10.25,lose,0
宮崎,宮崎１区,武井　俊輔,自民,前,89171,54.19,win,1
宮崎,宮崎１区,外山　斎,維新,新,39394,23.94,lose,1
宮崎,宮崎１区,村尾　英俊,民主,新,23127,14.05,lose,1
宮崎,宮崎１区,松本　隆,共産,新,12871,7.82,lose,0
宮崎,宮崎２区,江藤　拓,自民,前,111850,78.39,win,1
宮崎,宮崎２区,吉田　貴行,共産,新,30841,21.61,lose,0
宮崎,宮崎３区,古川　禎久,自民,前,108051,78.5,win,1
宮崎,宮崎３区,来住　一人,共産,新,29599,21.5,lose,0
鹿児島,鹿児島１区,保岡　興治,自民,前,67376,44.08,win,0
鹿児島,鹿児島１区,川内　博史,民主,元,47315,30.96,lose,1
鹿児島,鹿児島１区,山之内　毅,維新,前,30133,19.71,lose,1
鹿児島,鹿児島１区,山口　広延,共産,新,8024,5.25,lose,0
鹿児島,鹿児島２区,金子　万寿夫,自民,前,91670,74.23,win,1
鹿児島,鹿児島２区,祝迫　光治,共産,新,31823,25.77,lose,0
鹿児島,鹿児島３区,野間　健,無所,前,79003,54.65,win,0
鹿児島,鹿児島３区,宮路　拓馬,自民,新,56741,39.25,PR-win,1
鹿児島,鹿児島３区,山口　陽規,共産,新,8821,6.1,lose,0
鹿児島,鹿児島４区,小里　泰弘,自民,前,93501,69.65,win,1
鹿児島,鹿児島４区,野呂　正和,社民,新,28281,21.07,lose,1
鹿児島,鹿児島４区,永田　義人,共産,新,12464,9.28,lose,0
鹿児島,鹿児島５区,森山　裕,自民,前,94977,79.05,win,1
鹿児島,鹿児島５区,野口　寛,共産,新,25168,20.95,lose,0
沖縄,沖縄１区,赤嶺　政賢,共産,前,57935,39.82,win,1
沖縄,沖縄１区,国場　幸之助,自民,前,53241,36.59,PR-win,1
沖縄,沖縄１区,下地　幹郎,維新,元,34328,23.59,PR-win,1
沖縄,沖縄２区,照屋　寛徳,社民,前,85781,62.19,win,1
沖縄,沖縄２区,宮崎　政久,自民,前,52156,37.81,PR-win,1
沖縄,沖縄３区,玉城　デニー,生活,前,89110,59.97,win,1
沖縄,沖縄３区,比嘉　奈津美,自民,前,59491,40.03,PR-win,1
沖縄,沖縄４区,仲里　利信,無所,新,71227,51.97,win,0
沖縄,沖縄４区,西銘　恒三郎,自民,前,65838,48.03,PR-win,1
