block,kanji,kana,age,party,status,prvious-win,background,result,dual,dual-district,loss-ratio
北海道,渡辺　孝一,わたなべ　こういち,57,自由民主党,前,2,党総務副部会長,PR-win,0,NA,NA
北海道,今津　寛,いまず　ひろし,68,自由民主党,前,7,党安保調査会長,PR-win,1,北海道６区,97.2
北海道,前田　一男,まえだ　かずお,48,自由民主党,前,2,党国交副部会長,PR-win,1,北海道８区,93.4
北海道,船橋　利実,ふなはし　としみつ,54,自由民主党,前,0,（元）道議,lose,1,北海道１区,90.9
北海道,吉川　貴盛,よしかわ　たかもり,64,自由民主党,前,5,党経理局長,SMD-win,1,北海道２区,NA
北海道,高木　宏寿,たかぎ　ひろひさ,54,自由民主党,前,2,党内閣副部会長,SMD-win,1,北海道３区,NA
北海道,中村　裕之,なかむら　ひろゆき,53,自由民主党,前,2,党農林副部会長,SMD-win,1,北海道４区,NA
北海道,町村　信孝,まちむら　のぶたか,70,自由民主党,前,12,（元）官房長官,SMD-win,1,北海道５区,NA
北海道,伊東　良孝,いとう　よしたか,66,自由民主党,前,3,党道会長,SMD-win,1,北海道７区,NA
北海道,堀井　学,ほりい　まなぶ,42,自由民主党,前,2,党青年局次長,SMD-win,1,北海道９区,NA
北海道,中川　郁子,なかがわ　ゆうこ,55,自由民主党,前,2,農水政務官,SMD-win,1,北海道１１区,NA
北海道,武部　新,たけべ　あらた,44,自由民主党,前,2,党農林副部会長,SMD-win,1,北海道１２区,NA
北海道,清水　誠一,しみず　せいいち,65,自由民主党,前,0,党農林副部会長,lose,0,NA,NA
北海道,金沢　知歌子,かなざわ　ちかこ,49,自由民主党,新,0,（元）衆院議員秘書,lose,0,NA,NA
北海道,東　国幹,あづま　くによし,46,自由民主党,新,0,（元）道議,lose,0,NA,NA
北海道,鈴木　貴子,すずき　たかこ,28,民主党,前,2,（元）ＮＨＫ職員,PR-win,1,北海道７区,NA
北海道,荒井　聰,あらい　さとし,68,民主党,前,7,（元）国家戦略相,PR-win,1,北海道３区,92.3
北海道,鉢呂　吉雄,はちろ　よしお,66,民主党,元,0,（元）経済産業相,lose,1,北海道４区,90.1
北海道,山岡　達丸,やまおか　たつまる,35,民主党,元,0,（元）ＮＨＫ記者,lose,1,北海道９区,88.1
北海道,神谷　裕,かみや　ひろし,46,民主党,新,0,（元）参院議員秘書,lose,1,北海道１０区,82.1
北海道,勝部　賢志,かつべ　けんじ,55,民主党,新,0,党道幹事長,lose,1,北海道５区,72.2
北海道,三津　丈夫,みつ　たけお,68,民主党,新,0,（元）道会副議長,lose,1,北海道１１区,70.4
北海道,水上　美華,みずかみ　みか,32,民主党,新,0,（元）北見市議,lose,1,北海道１２区,67.1
北海道,横路　孝弘,よこみち　たかひろ,73,民主党,前,12,（元）衆院議長,SMD-win,1,北海道１区,NA
北海道,佐々木　隆博,ささき　たかひろ,65,民主党,元,3,（元）農水副大臣,SMD-win,1,北海道６区,NA
北海道,逢坂　誠二,おおさか　せいじ,55,民主党,元,3,（元）総務政務官,SMD-win,1,北海道８区,NA
北海道,松木　謙公,まつき　けんこう,55,維新の党,元,4,（元）農水政務官,PR-win,1,北海道２区,63.5
北海道,小和田　康文,こわだ　やすふみ,44,維新の党,新,0,行政書士,lose,1,北海道３区,28.2
北海道,大竹　智和,おおたけ　ともかず,37,維新の党,新,0,（元）民放社員,lose,0,NA,NA
北海道,佐藤　英道,さとう　ひでみち,54,公明党,前,2,農林水産政務官,PR-win,0,NA,NA
北海道,武田　久之,たけだ　ひさゆき,50,公明党,新,0,公明新聞支局長,lose,0,NA,NA
北海道,安田　聡,やすだ　さとし,44,次世代の党,新,0,写真家,lose,0,NA,NA
北海道,畠山　和也,はたやま　かずや,43,日本共産党,新,1,党道書記長,PR-win,0,NA,NA
北海道,金倉　昌俊,かなくら　まさとし,40,日本共産党,新,0,党准中央委員,lose,1,北海道２区,NA
北海道,道林　実,みちばやし　みのる,72,社会民主党,新,0,党道代表,lose,0,NA,NA
北海道,森山　佳則,もりやま　よしのり,47,幸福実現党,新,0,党道副代表,lose,0,NA,NA
北海道,瀬戸　優一,せと　ゆういち,27,幸福実現党,新,0,党員,lose,0,NA,NA
北海道,佐野　秀光,さの　ひでみつ,44,支持政党なし,新,0,党代表,lose,0,NA,NA
北海道,本藤　昭子,ほんどう　あきこ,72,支持政党なし,新,0,主婦,lose,0,NA,NA
東北,菅家　一郎,かんけ　いちろう,59,自由民主党,前,2,（元）会津若松市長,PR-win,1,福島４区,99.2
東北,藤原　崇,ふじわら　たかし,31,自由民主党,前,2,（元）参院議員秘書,PR-win,1,岩手４区,76.7
東北,高橋　比奈子,たかはし　ひなこ,56,自由民主党,前,2,環境政務官,PR-win,1,岩手１区,60.4
東北,橋本　英教,はしもと　ひでのり,47,自由民主党,前,2,（元）衆院議員秘書,PR-win,1,岩手３区,57.4
東北,勝沼　栄明,かつぬま　しげあき,40,自由民主党,前,2,党青年局次長,PR-win,1,宮城５区,52.9
東北,上杉　謙太郎,うえすぎ　けんたろう,39,自由民主党,新,0,（元）参院議員秘書,lose,1,福島３区,52.0
東北,津島　淳,つしま　じゅん,48,自由民主党,前,2,党厚労副部会長,SMD-win,1,青森１区,NA
東北,江渡　聡徳,えと　あきのり,59,自由民主党,前,6,防衛相,SMD-win,1,青森２区,NA
東北,大島　理森,おおしま　ただもり,68,自由民主党,前,11,（元）党副総裁,SMD-win,1,青森３区,NA
東北,木村　太郎,きむら　たろう,49,自由民主党,前,7,首相補佐官,SMD-win,1,青森４区,NA
東北,鈴木　俊一,すずき　しゅんいち,61,自由民主党,前,8,（元）環境相,SMD-win,1,岩手２区,NA
東北,土井　亨,どい　とおる,56,自由民主党,前,3,（元）国交政務官,SMD-win,1,宮城１区,NA
東北,秋葉　賢也,あきば　けんや,52,自由民主党,前,5,（元）厚労副大臣,SMD-win,1,宮城２区,NA
東北,西村　明宏,にしむら　あきひろ,54,自由民主党,前,4,国土交通副大臣,SMD-win,1,宮城３区,NA
東北,伊藤　信太郎,いとう　しんたろう,61,自由民主党,前,5,（元）外務副大臣,SMD-win,1,宮城４区,NA
東北,小野寺　五典,おのでら　いつのり,54,自由民主党,前,6,（元）防衛相,SMD-win,1,宮城６区,NA
東北,冨樫　博之,とがし　ひろゆき,59,自由民主党,前,2,（元）県会議長,SMD-win,1,秋田１区,NA
東北,金田　勝年,かねだ　かつとし,65,自由民主党,前,3,（元）外務副大臣,SMD-win,1,秋田２区,NA
東北,御法川　信英,みのりかわ　のぶひで,50,自由民主党,前,4,財務副大臣,SMD-win,1,秋田３区,NA
東北,遠藤　利明,えんどう　としあき,64,自由民主党,前,7,党政調会長代理,SMD-win,1,山形１区,NA
東北,鈴木　憲和,すずき　のりかず,32,自由民主党,前,2,（元）農水省職員,SMD-win,1,山形２区,NA
東北,加藤　鮎子,かとう　あゆこ,35,自由民主党,新,1,（元）衆院議員秘書,SMD-win,1,山形３区,NA
東北,亀岡　偉民,かめおか　よしたみ,59,自由民主党,前,3,（元）内閣府政務官,SMD-win,1,福島１区,NA
東北,根本　匠,ねもと　たくみ,63,自由民主党,前,7,（元）復興相,SMD-win,1,福島２区,NA
東北,吉野　正芳,よしの　まさよし,66,自由民主党,前,6,（元）環境副大臣,SMD-win,1,福島５区,NA
東北,菅野　佐智子,かんの　さちこ,61,自由民主党,前,0,党女性局次長,lose,0,NA,NA
東北,吉田　修,よしだ　おさむ,67,自由民主党,新,0,（元）党職員,lose,0,NA,NA
東北,村上　文人,むらかみ　ふみと,64,自由民主党,新,0,党秋田県職員,lose,0,NA,NA
東北,金子　恵美,かねこ　えみ,49,民主党,新,1,（元）参院議員,PR-win,1,福島１区,94.8
東北,近藤　洋介,こんどう　ようすけ,49,民主党,前,5,（元）経産副大臣,PR-win,1,山形２区,92.3
東北,寺田　学,てらた　まなぶ,38,民主党,元,4,（元）首相補佐官,PR-win,1,秋田１区,87.0
東北,郡　和子,こおり　かずこ,57,民主党,前,4,党副幹事長,PR-win,1,宮城１区,86.8
東北,吉田　泉,よしだ　いずみ,65,民主党,前,0,（元）復興副大臣,lose,1,福島５区,84.4
東北,田名部　匡代,たなぶ　まさよ,45,民主党,元,0,（元）農水政務官,lose,1,青森３区,82.8
東北,緑川　貴士,みどりかわ　たかし,29,民主党,新,0,（元）アナウンサー,lose,1,秋田２区,69.1
東北,橋本　清仁,はしもと　きよひと,43,民主党,元,0,（元）国交政務官,lose,1,宮城３区,64.2
東北,岡部　光規,おかべ　みつのり,46,民主党,新,0,外科医師,lose,1,福島２区,63.6
東北,井戸　正枝,いど　まさえ,49,民主党,元,0,ＮＰＯ代表理事,lose,1,宮城４区,51.2
東北,山内　崇,やまうち　たかし,59,民主党,新,0,党県幹事長,lose,1,青森４区,48.1
東北,原田　和広,はらだ　まさひろ,41,民主党,新,0,会社役員,lose,1,山形１区,46.7
東北,鎌田　さゆり,かまた　さゆり,49,民主党,元,0,（元）党国対副委長,lose,1,宮城６区,32.4
東北,吉田　大成,よしだ　たいせい,45,民主党,新,0,（元）神奈川県議,lose,1,山形３区,20.0
東北,階　猛,しな　たけし,48,民主党,前,4,党副幹事長,SMD-win,1,岩手１区,NA
東北,黄川田　徹,きかわだ　とおる,61,民主党,前,6,（元）復興副大臣,SMD-win,1,岩手３区,NA
東北,安住　淳,あずみ　じゅん,52,民主党,前,7,（元）財務相,SMD-win,1,宮城５区,NA
東北,玄葉　光一郎,げんば　こういちろう,50,民主党,前,8,（元）外相,SMD-win,1,福島３区,NA
東北,小林　義明,こばやし　よしあき,72,民主党,新,0,（元）福島市議,lose,0,NA,NA
東北,升田　世喜男,ますた　せきお,57,維新の党,新,1,（元）県議,PR-win,1,青森１区,94.2
東北,村岡　敏英,むらおか　としひで,54,維新の党,前,2,（元）衆農水委理事,PR-win,1,秋田３区,94.0
東北,林　宙紀,はやし　ひろき,37,維新の党,前,0,（元）キャスター,lose,1,宮城２区,66.4
東北,中野渡　詔子,なかのわたり　のりこ,44,維新の党,元,0,（元）ＩＴ会社社員,lose,1,青森２区,34.8
東北,小熊　慎司,おぐま　しんじ,46,維新の党,前,2,（元）衆外務委理事,SMD-win,1,福島４区,NA
東北,井上　義久,いのうえ　よしひさ,67,公明党,前,8,党幹事長,PR-win,0,NA,NA
東北,真山　祐一,まやま　ゆういち,33,公明党,新,1,党東北青年局長,PR-win,0,NA,NA
東北,増元　照明,ますもと　てるあき,59,次世代の党,新,0,拉致家族会員,lose,1,宮城２区,NA
東北,菟田　中子,うだ　なかこ,42,次世代の党,新,0,参院議員秘書,lose,0,NA,NA
東北,高橋　千鶴子,たかはし　ちづこ,55,日本共産党,前,5,党中央委員,PR-win,0,NA,NA
東北,岩渕　友,いわぶち　とも,38,日本共産党,新,0,党福島県役員,lose,0,NA,NA
東北,畑　浩治,はた　こうじ,51,生活の党,前,0,党政策審議会長,lose,1,岩手２区,84.1
東北,小沢　一郎,おざわ　いちろう,72,生活の党,前,16,党代表,SMD-win,1,岩手４区,NA
東北,平野　貞夫,ひらの　さだお,79,生活の党,新,0,（元）参院議員,lose,0,NA,NA
東北,小川　右善,おがわ　うぜん,65,社会民主党,新,0,党県代表,lose,1,福島４区,17.8
東北,桑島　崇史,くわじま　たかし,35,社会民主党,新,0,党県職員,lose,1,宮城２区,12.8
東北,細川　光正,ほそかわ　みつまさ,65,社会民主党,新,0,党県幹事長,lose,1,岩手１区,11.7
東北,伊藤　正通,いとう　まさみち,63,社会民主党,新,0,（元）県教組委員長,lose,1,秋田１区,8.1
東北,木村　正弘,きむら　まさひろ,48,社会民主党,新,0,党山形県役員,lose,0,NA,NA
東北,矢内　筆勝,やない　ひっしょう,53,幸福実現党,新,0,党総務会長,lose,0,NA,NA
東北,城取　良太,しろとり　りょうた,37,幸福実現党,新,0,党山形県副代表,lose,0,NA,NA
東北,油井　哲史,ゆい　てつし,34,幸福実現党,新,0,党宮城県副代表,lose,0,NA,NA
北関東,西川　公也,にしかわ　こうや,71,自由民主党,前,6,農相,PR-win,1,栃木２区,99.6
北関東,牧原　秀樹,まきはら　ひでき,43,自由民主党,前,3,党副幹事長,PR-win,1,埼玉５区,96.2
北関東,中根　一幸,なかね　かずゆき,45,自由民主党,前,3,外務政務官,PR-win,1,埼玉６区,90.7
北関東,石川　昭政,いしかわ　あきまさ,42,自由民主党,前,2,（元）党職員,PR-win,1,茨城５区,88.5
北関東,永岡　桂子,ながおか　けいこ,61,自由民主党,前,4,厚生労働副大臣,PR-win,1,茨城７区,74.2
北関東,今野　智博,こんの　ともひろ,39,自由民主党,前,2,弁護士,PR-win,1,埼玉１１区,52.9
北関東,田所　嘉徳,たどころ　よしのり,60,自由民主党,前,2,（元）県議,SMD-win,1,茨城１区,NA
北関東,額賀　福志郎,ぬかが　ふくしろう,70,自由民主党,前,11,（元）財務相,SMD-win,1,茨城２区,NA
北関東,葉梨　康弘,はなし　やすひろ,55,自由民主党,前,4,法務副大臣,SMD-win,1,茨城３区,NA
北関東,梶山　弘志,かじやま　ひろし,59,自由民主党,前,6,（元）国交副大臣,SMD-win,1,茨城４区,NA
北関東,丹羽　雄哉,にわ　ゆうや,70,自由民主党,前,12,（元）厚相,SMD-win,1,茨城６区,NA
北関東,船田　元,ふなだ　はじめ,61,自由民主党,前,11,（元）経企庁長官,SMD-win,1,栃木１区,NA
北関東,簗　和生,やな　かずお,35,自由民主党,前,2,党県副会長,SMD-win,1,栃木３区,NA
北関東,佐藤　勉,さとう　つとむ,62,自由民主党,前,7,党国対委員長,SMD-win,1,栃木４区,NA
北関東,茂木　敏充,もてぎ　としみつ,59,自由民主党,前,8,党選対委員長,SMD-win,1,栃木５区,NA
北関東,佐田　玄一郎,さた　げんいちろう,61,自由民主党,前,9,（元）行政改革相,SMD-win,1,群馬１区,NA
北関東,井野　俊郎,いの　としろう,34,自由民主党,前,2,党青年局次長,SMD-win,1,群馬２区,NA
北関東,笹川　博義,ささがわ　ひろよし,48,自由民主党,前,2,党商工副委員長,SMD-win,1,群馬３区,NA
北関東,福田　達夫,ふくだ　たつお,47,自由民主党,前,2,党商工副委員長,SMD-win,1,群馬４区,NA
北関東,小渕　優子,おぶち　ゆうこ,41,自由民主党,前,6,（元）経済産業相,SMD-win,1,群馬５区,NA
北関東,村井　英樹,むらい　ひでき,34,自由民主党,前,2,（元）財務省職員,SMD-win,1,埼玉１区,NA
北関東,新藤　義孝,しんどう　よしたか,56,自由民主党,前,6,（元）総務相,SMD-win,1,埼玉２区,NA
北関東,黄川田　仁志,きかわだ　ひとし,44,自由民主党,前,2,（元）大学講師,SMD-win,1,埼玉３区,NA
北関東,豊田　真由子,とよた　まゆこ,40,自由民主党,前,2,（元）厚労省職員,SMD-win,1,埼玉４区,NA
北関東,神山　佐市,かみやま　さいち,60,自由民主党,前,2,（元）県議,SMD-win,1,埼玉７区,NA
北関東,柴山　昌彦,しばやま　まさひこ,49,自由民主党,前,5,（元）総務副大臣,SMD-win,1,埼玉８区,NA
北関東,大塚　拓,おおつか　たく,41,自由民主党,前,3,法務政務官,SMD-win,1,埼玉９区,NA
北関東,山口　泰明,やまぐち　たいめい,66,自由民主党,前,6,党財務委員長,SMD-win,1,埼玉１０区,NA
北関東,野中　厚,のなか　あつし,38,自由民主党,前,2,（元）県議,SMD-win,1,埼玉１２区,NA
北関東,土屋　品子,つちや　しなこ,62,自由民主党,前,6,（元）厚労副大臣,SMD-win,1,埼玉１３区,NA
北関東,三ツ林　裕巳,みつばやし　ひろみ,59,自由民主党,前,2,内科医師,SMD-win,1,埼玉１４区,NA
北関東,田中　良生,たなか　りょうせい,51,自由民主党,前,3,党副幹事長,SMD-win,1,埼玉１５区,NA
北関東,尾身　朝子,おみ　あさこ,53,自由民主党,新,1,ＮＰＯ事務局長,PR-win,0,NA,NA
北関東,木村　弥生,きむら　やよい,49,自由民主党,新,1,看護団体職員,PR-win,0,NA,NA
北関東,冨山　ひで子,とみやま　ひでこ,51,自由民主党,新,0,党下館支部長,lose,0,NA,NA
北関東,佐藤　明男,さとう　あきお,62,自由民主党,新,0,党栃木県職員,lose,0,NA,NA
北関東,百武　公親,ひゃくたけ　きみちか,52,自由民主党,新,0,党埼玉県職員,lose,0,NA,NA
北関東,下田　彰一,しもだ　しょういち,61,自由民主党,新,0,党群馬県職員,lose,0,NA,NA
北関東,小宮山　泰子,こみやま　やすこ,49,民主党,前,5,（元）衆議運委員,PR-win,1,埼玉７区,82.5
北関東,宮崎　岳志,みやざき　たけし,44,民主党,元,2,党県副会長,PR-win,1,群馬１区,80.5
北関東,武正　公一,たけまさ　こういち,53,民主党,前,6,党組織委員長,PR-win,1,埼玉１区,78.3
北関東,福島　伸享,ふくしま　のぶゆき,44,民主党,元,2,（元）経産省職員,PR-win,1,茨城１区,73.1
北関東,青山　大人,あおやま　やまと,35,民主党,新,0,（元）県議,lose,1,茨城６区,71.4
北関東,細川　律夫,ほそかわ　りつお,71,民主党,元,0,（元）厚生労働相,lose,1,埼玉３区,70.1
北関東,神風　英男,じんぷう　ひでお,53,民主党,元,0,（元）防衛政務官,lose,1,埼玉４区,69.9
北関東,小野塚　勝俊,おのづか　まさとし,42,民主党,元,0,（元）日本銀行職員,lose,1,埼玉８区,66.2
北関東,高山　智司,たかやま　さとし,44,民主党,元,0,（元）環境政務官,lose,1,埼玉１５区,61.7
北関東,長谷川　嘉一,はせがわ　かいち,62,民主党,新,0,（元）県議,lose,1,群馬３区,59.0
北関東,柏倉　祐司,かしわくら　ゆうじ,45,民主党,前,0,内科医師,lose,1,栃木１区,57.5
北関東,本多　平直,ほんだ　ひらなお,50,民主党,元,0,（元）経産政務官,lose,1,埼玉１２区,57.1
北関東,藤岡　隆雄,ふじおか　たかお,37,民主党,新,0,（元）金融庁職員,lose,1,栃木４区,54.4
北関東,山内　康一,やまうち　こういち,41,民主党,前,0,（元）ＪＩＣＡ職員,lose,1,埼玉１３区,49.8
北関東,高野　守,たかの　まもる,55,民主党,元,0,党県副会長,lose,1,茨城４区,43.3
北関東,大畠　章宏,おおはた　あきひろ,67,民主党,前,9,（元）国土交通相,SMD-win,1,茨城５区,NA
北関東,福田　昭夫,ふくだ　あきお,66,民主党,前,4,党県代表,SMD-win,1,栃木２区,NA
北関東,枝野　幸男,えだの　ゆきお,50,民主党,前,8,党幹事長,SMD-win,1,埼玉５区,NA
北関東,大島　敦,おおしま　あつし,57,民主党,前,6,党県代表,SMD-win,1,埼玉６区,NA
北関東,山根　隆治,やまね　りゅうじ,66,民主党,新,0,（元）参院議員,lose,0,NA,NA
北関東,野木　実,のぎ　みのる,73,民主党,元,0,（元）埼玉県議,lose,0,NA,NA
北関東,坂本　祐之輔,さかもと　ゆうのすけ,59,維新の党,前,2,党県代表,PR-win,1,埼玉１０区,77.9
北関東,鈴木　義弘,すずき　よしひろ,52,維新の党,前,2,党県幹事長,PR-win,1,埼玉１４区,75.9
北関東,石関　貴史,いしぜき　たかし,42,維新の党,前,4,党県代表,PR-win,1,群馬２区,62.7
北関東,青柳　仁士,あおやぎ　ひとし,36,維新の党,新,0,（元）国連職員,lose,1,埼玉９区,54.0
北関東,石井　章,いしい　あきら,57,維新の党,元,0,（元）取手市議,lose,1,茨城３区,45.7
北関東,並木　正芳,なみき　まさよし,65,維新の党,元,0,（元）内閣府政務官,lose,0,NA,NA
北関東,石井　啓一,いしい　けいいち,56,公明党,前,8,党政務調査会長,PR-win,0,NA,NA
北関東,岡本　三成,おかもと　みつなり,49,公明党,前,2,党国際局次長,PR-win,0,NA,NA
北関東,輿水　恵一,こしみず　けいいち,52,公明党,前,2,党労働局次長,PR-win,0,NA,NA
北関東,川浦　伸一,かわうら　しんいち,40,公明党,新,0,党群馬県職員,lose,0,NA,NA
北関東,森田　俊和,もりた　としかず,40,次世代の党,新,0,（元）県議,lose,1,埼玉１２区,79.1
北関東,中村　匡志,なかむら　ただし,37,次世代の党,新,0,翻訳事務所代表,lose,1,埼玉１３区,19.1
北関東,根本　千裕,ねもと　ちひろ,55,次世代の党,新,0,（元）商社社員,lose,1,埼玉７区,15.1
北関東,塩川　鉄也,しおかわ　てつや,52,日本共産党,前,6,党中央委員,PR-win,0,NA,NA
北関東,梅村　早江子,うめむら　さえこ,50,日本共産党,新,1,党准中央委員,PR-win,0,NA,NA
北関東,大内　久美子,おおうち　くみこ,65,日本共産党,新,0,（元）県議,lose,1,茨城１区,NA
北関東,奥田　智子,おくだ　ともこ,46,日本共産党,新,0,（元）県議,lose,1,埼玉２区,NA
北関東,松崎　哲久,まつざき　てつひさ,64,生活の党,元,0,党政審会長代理,lose,0,NA,NA
北関東,小林　人志,こばやし　ひとし,63,社会民主党,新,0,党県代表,lose,1,群馬５区,20.6
北関東,松本　翔,まつもと　しょう,29,社会民主党,新,0,農業,lose,1,埼玉１区,8.0
北関東,小島　一郎,こじま　いちろう,43,幸福実現党,新,0,党幹事長代理,lose,0,NA,NA
北関東,中村　幸樹,なかむら　こうき,50,幸福実現党,新,0,党茨城県副代表,lose,0,NA,NA
北関東,佐々木　正子,ささき　まさこ,60,幸福実現党,新,0,党埼玉県副代表,lose,0,NA,NA
北関東,三觜　明美,みつはし　あけみ,53,幸福実現党,新,0,党栃木県副代表,lose,0,NA,NA
東京,秋元　司,あきもと　つかさ,43,自由民主党,前,2,党内閣部会長,PR-win,1,東京１５区,96.8
東京,松本　文明,まつもと　ふみあき,65,自由民主党,前,3,（元）総務政務官,PR-win,1,東京７区,79.9
東京,山田　美樹,やまだ　みき,40,自由民主党,前,2,党経産副部会長,SMD-win,1,東京１区,NA
東京,辻　清人,つじ　きよと,35,自由民主党,前,2,党国際局次長,SMD-win,1,東京２区,NA
東京,石原　宏高,いしはら　ひろたか,50,自由民主党,前,3,（元）外務政務官,SMD-win,1,東京３区,NA
東京,平　将明,たいら　まさあき,47,自由民主党,前,4,内閣府副大臣,SMD-win,1,東京４区,NA
東京,若宮　健嗣,わかみや　けんじ,53,自由民主党,前,3,（元）防衛政務官,SMD-win,1,東京５区,NA
東京,越智　隆雄,おち　たかお,50,自由民主党,前,3,内閣府政務官,SMD-win,1,東京６区,NA
東京,石原　伸晃,いしはら　のぶてる,57,自由民主党,前,9,（元）環境相,SMD-win,1,東京８区,NA
東京,菅原　一秀,すがわら　いっしゅう,52,自由民主党,前,5,（元）経産副大臣,SMD-win,1,東京９区,NA
東京,小池　百合子,こいけ　ゆりこ,62,自由民主党,前,8,（元）防衛相,SMD-win,1,東京１０区,NA
東京,下村　博文,しもむら　はくぶん,60,自由民主党,前,7,文部科学相,SMD-win,1,東京１１区,NA
東京,鴨下　一郎,かもした　いちろう,65,自由民主党,前,8,（元）環境相,SMD-win,1,東京１３区,NA
東京,松島　みどり,まつしま　みどり,58,自由民主党,前,5,（元）法相,SMD-win,1,東京１４区,NA
東京,大西　英男,おおにし　ひでお,68,自由民主党,前,2,党国交副部会長,SMD-win,1,東京１６区,NA
東京,平沢　勝栄,ひらさわ　かつえい,69,自由民主党,前,7,党政治大学院長,SMD-win,1,東京１７区,NA
東京,土屋　正忠,つちや　まさただ,72,自由民主党,前,3,（元）総務政務官,SMD-win,1,東京１８区,NA
東京,松本　洋平,まつもと　ようへい,41,自由民主党,前,3,内閣府政務官,SMD-win,1,東京１９区,NA
東京,木原　誠二,きはら　せいじ,44,自由民主党,前,3,（元）外務政務官,SMD-win,1,東京２０区,NA
東京,小田原　潔,おだわら　きよし,50,自由民主党,前,2,党外交副部会長,SMD-win,1,東京２１区,NA
東京,伊藤　達也,いとう　たつや,53,自由民主党,前,7,（元）金融相,SMD-win,1,東京２２区,NA
東京,小倉　将信,おぐら　まさのぶ,33,自由民主党,前,2,党青年局次長,SMD-win,1,東京２３区,NA
東京,萩生田　光一,はぎうだ　こういち,51,自由民主党,前,4,党総裁特別補佐,SMD-win,1,東京２４区,NA
東京,井上　信治,いのうえ　しんじ,45,自由民主党,前,5,（元）環境副大臣,SMD-win,1,東京２５区,NA
東京,鈴木　隼人,すずき　はやと,37,自由民主党,新,1,（元）経産省職員,PR-win,0,NA,NA
東京,前川　恵,まえかわ　めぐみ,39,自由民主党,新,1,料理研究家,PR-win,0,NA,NA
東京,若狭　勝,わかさ　まさる,58,自由民主党,新,1,弁護士,PR-win,0,NA,NA
東京,赤枝　恒雄,あかえだ　つねお,70,自由民主党,前,2,産婦人科医師,PR-win,0,NA,NA
東京,田畑　毅,たばた　つよし,42,自由民主党,前,0,行政書士,lose,0,NA,NA
東京,金森　篤子,かなもり　あつこ,64,自由民主党,新,0,柔道整復師,lose,0,NA,NA
東京,石田　計夫,いしだ　かずお,71,自由民主党,新,0,党都参与,lose,0,NA,NA
東京,長島　昭久,ながしま　あきひさ,52,民主党,前,5,（元）防衛副大臣,PR-win,1,東京２１区,98.0
東京,松原　仁,まつばら　じん,58,民主党,前,6,（元）国家公安委長,PR-win,1,東京３区,96.3
東京,菅　直人,かん　なおと,68,民主党,前,12,（元）首相,PR-win,1,東京１８区,84.6
東京,海江田　万里,かいえだ　ばんり,65,民主党,前,0,党代表,lose,1,東京１区,83.3
東京,末松　義規,すえまつ　よしのり,58,民主党,元,0,（元）復興副大臣,lose,1,東京１９区,81.3
東京,木村　剛司,きむら　たけつか,43,民主党,元,0,（元）墨田区議,lose,1,東京１４区,72.3
東京,山花　郁夫,やまはな　いくお,47,民主党,元,0,（元）法務副大臣,lose,1,東京２２区,68.5
東京,手塚　仁雄,てづか　よしお,48,民主党,元,0,（元）首相補佐官,lose,1,東京５区,64.6
東京,円　より子,まどか　よりこ,67,民主党,新,0,（元）党副代表,lose,1,東京８区,63.1
東京,櫛渕　万里,くしぶち　まり,47,民主党,元,0,（元）党幹事長補佐,lose,1,東京２３区,60.8
東京,阿久津　幸彦,あくつ　ゆきひこ,58,民主党,元,0,（元）内閣府政務官,lose,1,東京２４区,56.5
東京,中山　義活,なかやま　よしかつ,69,民主党,元,0,（元）首相補佐官,lose,1,東京２区,56.1
東京,江端　貴子,えばた　たかこ,54,民主党,元,0,製薬会社取締役,lose,1,東京１０区,47.1
東京,竹田　光明,たけだ　みつあき,59,民主党,元,0,社福法人理事,lose,1,東京２０区,46.5
東京,藤田　憲彦,ふじた　のりひこ,41,民主党,元,0,不動産業,lose,1,東京４区,44.6
東京,長谷川　貴子,はせがわ　たかこ,41,民主党,新,0,（元）足立区議,lose,1,東京１３区,38.0
東京,熊木　美奈子,くまき　みなこ,53,民主党,新,0,（元）都議,lose,1,東京１１区,33.2
東京,山下　容子,やました　ようこ,56,民主党,新,0,（元）都議,lose,1,東京２５区,32.6
東京,長妻　昭,ながつま　あきら,54,民主党,前,6,（元）厚生労働相,SMD-win,1,東京７区,NA
東京,石毛　鍈子,いしげ　えいこ,76,民主党,元,0,（元）党副代表,lose,0,NA,NA
東京,福村　隆,ふくむら　たかし,51,民主党,新,0,（元）融資会社社長,lose,0,NA,NA
東京,早川　周作,はやかわ　しゅうさく,37,民主党,新,0,行政書士,lose,0,NA,NA
東京,落合　貴之,おちあい　たかゆき,35,維新の党,新,1,（元）衆院議員秘書,PR-win,1,東京６区,80.1
東京,初鹿　明博,はつしか　あきひろ,45,維新の党,元,2,（元）都議,PR-win,1,東京１６区,57.5
東京,木内　孝胤,きうち　たかたね,48,維新の党,元,2,（元）衆外務委理事,PR-win,1,東京９区,53.3
東京,伊藤　俊輔,いとう　しゅんすけ,35,維新の党,新,0,航空貨物代理業,lose,1,東京２３区,48.5
東京,大熊　利昭,おおくま　としあき,51,維新の党,前,0,（元）内閣官房職員,lose,1,東京２区,42.8
東京,高橋　美穂,たかはし　みほ,49,維新の党,前,0,党国会副幹事長,lose,1,東京１７区,36.8
東京,柿沢　未途,かきざわ　みと,43,維新の党,前,3,党政調会長,SMD-win,1,東京１５区,NA
東京,高木　陽介,たかぎ　ようすけ,54,公明党,前,7,経済産業副大臣,PR-win,0,NA,NA
東京,高木　美智代,たかぎ　みちよ,62,公明党,前,5,党政調副会長,PR-win,0,NA,NA
東京,村中　克也,むらなか　かつや,43,公明党,新,0,党都局次長,lose,0,NA,NA
東京,荒神　享佑,こうじん　きょうすけ,37,公明党,新,0,党都局次長,lose,0,NA,NA
東京,山田　宏,やまだ　ひろし,56,次世代の党,前,0,党幹事長,lose,1,東京１９区,NA
東京,田母神　俊雄,たもがみ　としお,66,次世代の党,新,0,（元）航空幕僚長,lose,1,東京１２区,44.3
東京,犬伏　秀一,いぬぶし　ひでかず,58,次世代の党,新,0,（元）大田区議,lose,1,東京４区,18.3
東京,吉田　康一郎,よしだ　こういちろう,47,次世代の党,新,0,（元）都議,lose,1,東京７区,17.5
東京,鹿野　晃,かの　あきら,41,次世代の党,新,0,救急科医師,lose,1,東京２２区,17.3
東京,渡辺　徹,わたなべ　とおる,36,次世代の党,新,0,経営指導業,lose,1,東京１区,16.9
東京,石井　義哲,いしい　よしあき,57,次世代の党,新,0,（元）航空自衛官,lose,1,東京１６区,11.6
東京,藤井　義裕,ふじい　よしひろ,39,次世代の党,新,0,（元）衆院議員秘書,lose,1,東京２４区,10.8
東京,石原　慎太郎,いしはら　しんたろう,82,次世代の党,前,0,党最高顧問,lose,0,NA,NA
東京,笠井　亮,かさい　あきら,62,日本共産党,前,4,（元）参院議員　,PR-win,0,NA,NA
東京,宮本　徹,みやもと　とおる,42,日本共産党,新,1,党准中央委員,PR-win,0,NA,NA
東京,池内　沙織,いけうち　さおり,32,日本共産党,新,1,党都委員,PR-win,1,東京１２区,NA
東京,坂井　和歌子,さかい　わかこ,37,日本共産党,新,0,党准都委員,lose,0,NA,NA
東京,大田　朝子,おおた　あさこ,30,日本共産党,新,0,党准都委員,lose,1,東京１６区,NA
東京,吉岡　正史,よしおか　まさふみ,40,日本共産党,新,0,党准中央委員,lose,1,東京２１区,NA
東京,青木　愛,あおき　あい,49,生活の党,前,0,党幹事長代理,lose,1,東京１２区,45.2
東京,多ケ谷　亮,たがや　りょう,46,生活の党,新,0,飲食店経営,lose,1,東京１０区,10.3
東京,川島　智太郎,かわしま　ともたろう,50,生活の党,元,0,党事務総長,lose,0,NA,NA
東京,石川　大我,いしかわ　たいが,40,社会民主党,新,0,（元）豊島区議,lose,0,NA,NA
東京,後藤　昌代,ごとう　まさよ,53,新党改革,新,0,通訳業,lose,0,NA,NA
東京,中川　幸司,なかがわ　こうじ,34,新党改革,新,0,経営戦略研究業,lose,0,NA,NA
東京,藤野　靖,ふじの　せい,51,新党改革,新,0,経営相談業,lose,0,NA,NA
東京,新尉　ジン,あらい　じん,30,新党改革,新,0,俳優,lose,0,NA,NA
東京,釈　量子,しゃく　りょうこ,45,幸福実現党,新,0,党首,lose,0,NA,NA
東京,トクマ,とくま,48,幸福実現党,新,0,党青年局長,lose,0,NA,NA
東京,吉井　利光,よしい　としみつ,32,幸福実現党,新,0,党事務局部長,lose,0,NA,NA
東京,伊藤　希望,いとう　のぞみ,30,幸福実現党,新,0,幸福の科学職員,lose,0,NA,NA
南関東,中谷　真一,なかたに　しんいち,38,自由民主党,前,2,党国防副部会長,PR-win,0,NA,NA
南関東,宮川　典子,みやがわ　のりこ,35,自由民主党,前,2,党文科副部会長,PR-win,1,山梨１区,98.9
南関東,義家　弘介,よしいえ　ひろゆき,43,自由民主党,前,2,党副幹事長,PR-win,1,神奈川１６区,98.5
南関東,中山　展宏,なかやま　のりひろ,46,自由民主党,前,2,党財金副部会長,PR-win,1,神奈川９区,92.9
南関東,門山　宏哲,かどやま　ひろあき,50,自由民主党,前,2,弁護士,PR-win,1,千葉１区,90.7
南関東,堀内　詔子,ほりうち　のりこ,49,自由民主党,前,2,党厚労副部会長,PR-win,1,山梨２区,80.0
南関東,山本　朋広,やまもと　ともひろ,39,自由民主党,前,3,文部科学政務官,PR-win,1,神奈川４区,67.5
南関東,福田　峰之,ふくだ　みねゆき,50,自由民主党,前,3,（元）横浜市議,PR-win,1,神奈川８区,62.8
南関東,木村　哲也,きむら　てつや,45,自由民主党,新,0,（元）県議,lose,1,千葉４区,56.7
南関東,小林　鷹之,こばやし　たかゆき,40,自由民主党,前,2,党青年局次長,SMD-win,1,千葉２区,NA
南関東,松野　博一,まつの　ひろかず,52,自由民主党,前,6,（元）文科副大臣,SMD-win,1,千葉３区,NA
南関東,薗浦　健太郎,そのうら　けんたろう,42,自由民主党,前,3,外務政務官,SMD-win,1,千葉５区,NA
南関東,渡辺　博道,わたなべ　ひろみち,64,自由民主党,前,6,（元）経産副大臣,SMD-win,1,千葉６区,NA
南関東,斎藤　健,さいとう　けん,55,自由民主党,前,3,党農林部会長,SMD-win,1,千葉７区,NA
南関東,桜田　義孝,さくらだ　よしたか,64,自由民主党,前,6,（元）文科副大臣,SMD-win,1,千葉８区,NA
南関東,秋本　真利,あきもと　まさとし,39,自由民主党,前,2,（元）富里市議,SMD-win,1,千葉９区,NA
南関東,林　幹雄,はやし　もとお,67,自由民主党,前,8,（元）国家公安委長,SMD-win,1,千葉１０区,NA
南関東,森　英介,もり　えいすけ,66,自由民主党,前,9,（元）法相,SMD-win,1,千葉１１区,NA
南関東,浜田　靖一,はまだ　やすかず,59,自由民主党,前,8,（元）防衛相,SMD-win,1,千葉１２区,NA
南関東,白須賀　貴樹,しらすか　たかき,39,自由民主党,前,2,歯科医師,SMD-win,1,千葉１３区,NA
南関東,松本　純,まつもと　じゅん,64,自由民主党,前,6,（元）官房副長官,SMD-win,1,神奈川１区,NA
南関東,菅　義偉,すが　よしひで,66,自由民主党,前,7,官房長官,SMD-win,1,神奈川２区,NA
南関東,小此木　八郎,おこのぎ　はちろう,49,自由民主党,前,7,党国対委長代理,SMD-win,1,神奈川３区,NA
南関東,坂井　学,さかい　まなぶ,49,自由民主党,前,3,党国交部会長,SMD-win,1,神奈川５区,NA
南関東,鈴木　馨祐,すずき　けいすけ,37,自由民主党,前,3,党国対副委員長,SMD-win,1,神奈川７区,NA
南関東,田中　和徳,たなか　かずのり,65,自由民主党,前,7,党組織本部長,SMD-win,1,神奈川１０区,NA
南関東,星野　剛士,ほしの　つよし,51,自由民主党,前,2,（元）県議,SMD-win,1,神奈川１２区,NA
南関東,甘利　明,あまり　あきら,65,自由民主党,前,11,経済再生相,SMD-win,1,神奈川１３区,NA
南関東,赤間　二郎,あかま　じろう,46,自由民主党,前,3,総務政務官,SMD-win,1,神奈川１４区,NA
南関東,河野　太郎,こうの　たろう,51,自由民主党,前,7,党行革本部長,SMD-win,1,神奈川１５区,NA
南関東,牧島　かれん,まきしま　かれん,38,自由民主党,前,2,党国際局次長,SMD-win,1,神奈川１７区,NA
南関東,山際　大志郎,やまぎわ　だいしろう,46,自由民主党,前,4,経済産業副大臣,SMD-win,1,神奈川１８区,NA
南関東,金子　真理子,かねこ　まりこ,65,自由民主党,新,0,学校法人理事長,lose,0,NA,NA
南関東,松田　紀子,まつだ　みちこ,59,自由民主党,新,0,（元）国交省審議官,lose,0,NA,NA
南関東,文月　涼,ふづき　りょう,47,自由民主党,新,0,（元）内閣官房職員,lose,0,NA,NA
南関東,三沢　英生,みさわ　ひでお,41,自由民主党,新,0,経営相談会社長,lose,0,NA,NA
南関東,角田　宏子,つのだ　ひろこ,47,自由民主党,新,0,（元）横浜市議,lose,0,NA,NA
南関東,藤田　幹雄,ふじた　みきお,46,自由民主党,元,0,（元）党青年局次長,lose,0,NA,NA
南関東,出畑　実,でばた　みのる,64,自由民主党,新,0,（元）石油会社社員,lose,0,NA,NA
南関東,小林　博次,こばやし　ひろつぐ,44,自由民主党,新,0,党本部職員,lose,0,NA,NA
南関東,阿部　知子,あべ　ともこ,66,民主党,前,6,小児科医師,PR-win,1,神奈川１２区,99.1
南関東,奥野　総一郎,おくの　そういちろう,50,民主党,前,3,党県副代表,PR-win,1,千葉９区,80.5
南関東,本村　賢太郎,もとむら　けんたろう,44,民主党,元,2,（元）党県代表代行,PR-win,1,神奈川１４区,76.3
南関東,神山　洋介,かみやま　ようすけ,39,民主党,元,2,（元）生保会社員,PR-win,1,神奈川１７区,67.3
南関東,谷田川　元,やたがわ　はじめ,51,民主党,元,0,党県副代表,lose,1,千葉１０区,67.3
南関東,若井　康彦,わかい　やすひこ,68,民主党,前,0,（元）国交政務官,lose,1,千葉１３区,67.2
南関東,生方　幸夫,うぶかた　ゆきお,67,民主党,前,0,（元）環境副大臣,lose,1,千葉６区,65.2
南関東,城島　光力,じょうじま　こうりき,67,民主党,元,0,（元）財務相,lose,1,神奈川１０区,58.3
南関東,三村　和也,みむら　かずや,39,民主党,元,0,（元）党幹事長補佐,lose,1,神奈川６区,55.1
南関東,村越　祐民,むらこし　ひろたみ,40,民主党,元,0,（元）外務政務官,lose,1,千葉５区,54.2
南関東,中谷　一馬,なかたに　かずま,31,民主党,新,0,（元）県議,lose,1,神奈川７区,49.9
南関東,勝又　恒一郎,かつまた　こういちろう,52,民主党,元,0,（元）党幹事長補佐,lose,1,神奈川３区,49.0
南関東,青山　明日香,あおやま　あすか,32,民主党,新,0,（元）衆院議員秘書,lose,1,千葉３区,34.7
南関東,田嶋　要,たじま　かなめ,53,民主党,前,5,（元）経産政務官,SMD-win,1,千葉１区,NA
南関東,野田　佳彦,のだ　よしひこ,57,民主党,前,7,（元）首相,SMD-win,1,千葉４区,NA
南関東,笠　浩史,りゅう　ひろふみ,49,民主党,前,5,（元）文科副大臣,SMD-win,1,神奈川９区,NA
南関東,後藤　祐一,ごとう　ゆういち,45,民主党,前,3,党政調副会長,SMD-win,1,神奈川１６区,NA
南関東,中島　克仁,なかじま　かつひと,47,民主党,前,2,診療所院長,SMD-win,1,山梨１区,NA
南関東,前川　忠夫,まえかわ　ただお,76,民主党,新,0,（元）参院議員,lose,0,NA,NA
南関東,山口　繁,やまぐち　しげる,75,民主党,新,0,党神奈川県職員,lose,0,NA,NA
南関東,太田　和美,おおた　かずみ,35,維新の党,元,3,（元）県議,PR-win,1,千葉８区,70.6
南関東,青柳　陽一郎,あおやぎ　よういちろう,45,維新の党,前,2,党副幹事長,PR-win,1,神奈川６区,66.5
南関東,篠原　豪,しのはら　ごう,39,維新の党,新,1,（元）横浜市議,PR-win,1,神奈川１区,59.7
南関東,水戸　将史,みと　まさし,52,維新の党,新,1,（元）参院議員,PR-win,1,神奈川５区,50.1
南関東,藤巻　健太,ふじまき　けんた,31,維新の党,新,0,（元）参院議員秘書,lose,1,千葉２区,47.6
南関東,石塚　貞通,いしづか　さだみち,47,維新の党,新,0,司法書士,lose,1,千葉７区,43.8
南関東,椎名　毅,しいな　つよし,39,維新の党,前,0,党財務副局長,lose,1,神奈川９区,43.0
南関東,伊藤　優太,いとう　ゆうた,29,維新の党,新,0,（元）座間市議,lose,1,神奈川１３区,41.4
南関東,豊田　有希,とよた　ゆうき,39,維新の党,新,0,（元）横浜市議,lose,1,神奈川７区,39.5
南関東,北村　造,きたむら　いたる,31,維新の党,新,0,投資顧問会社員,lose,1,神奈川１８区,30.7
南関東,富田　茂之,とみた　しげゆき,61,公明党,前,7,党幹事長代理,PR-win,0,NA,NA
南関東,古屋　範子,ふるや　のりこ,58,公明党,前,5,党副代表,PR-win,0,NA,NA
南関東,角田　秀穂,つのだ　ひでお,53,公明党,新,1,党総支部長,PR-win,0,NA,NA
南関東,川浪　隆,かわなみ　たかし,53,公明党,新,0,党選挙部長,lose,0,NA,NA
南関東,井川　泰雄,いかわ　やすお,40,公明党,新,0,党山梨県職員,lose,0,NA,NA
南関東,中田　宏,なかだ　ひろし,50,次世代の党,前,0,党国対委員長,lose,1,神奈川１８区,68.0
南関東,田沼　隆志,たぬま　たかし,38,次世代の党,前,0,党政調副会長,lose,1,千葉１区,31.0
南関東,西田　譲,にしだ　ゆずる,39,次世代の党,前,0,党国対委長代理,lose,1,千葉９区,28.2
南関東,遠藤　宣彦,えんどう　のぶひこ,51,次世代の党,元,0,（元）郵政省職員,lose,1,千葉６区,19.9
南関東,横田　光弘,よこた　みつひろ,57,次世代の党,新,0,（元）県議,lose,1,神奈川３区,19.0
南関東,甘粕　和彦,あまかす　かずひこ,31,次世代の党,新,0,（元）設備会社社員,lose,1,神奈川１２区,17.0
南関東,中本　太衛,なかもと　たえい,49,次世代の党,元,0,商社監査役,lose,1,神奈川１４区,14.7
南関東,松田　学,まつだ　まなぶ,57,次世代の党,前,0,党政調会長代理,lose,1,神奈川７区,9.9
南関東,河野　敏久,かわの　としひさ,58,次世代の党,新,0,学習塾代表,lose,1,神奈川５区,6.7
南関東,志位　和夫,しい　かずお,60,日本共産党,前,8,党委員長,PR-win,0,NA,NA
南関東,畑野　君枝,はたの　きみえ,57,日本共産党,新,1,（元）参院議員,PR-win,0,NA,NA
南関東,斉藤　和子,さいとう　かずこ,40,日本共産党,新,1,党県委員,PR-win,1,千葉４区,NA
南関東,遠藤　昭子,えんどう　あきこ,63,日本共産党,新,0,党県委員,lose,1,山梨１区,NA
南関東,岡崎　裕,おかざき　ゆたか,36,日本共産党,新,0,党神奈川県役員,lose,0,NA,NA
南関東,岡島　一正,おかじま　かずまさ,57,生活の党,元,0,（元）ＮＨＫ職員,lose,1,千葉３区,35.4
南関東,金子　健一,かねこ　けんいち,57,生活の党,元,0,（元）一宮町議,lose,1,千葉１１区,34.9
南関東,樋高　剛,ひだか　たけし,49,生活の党,元,0,（元）環境政務官,lose,1,神奈川１８区,23.1
南関東,阿部　治正,あべ　はるまさ,60,社会民主党,新,0,（元）流山市議,lose,1,千葉７区,NA
南関東,木村　栄子,きむら　えいこ,66,社会民主党,新,0,党神奈川副代表,lose,0,NA,NA
南関東,加藤　文康,かとう　ぶんこう,52,幸福実現党,新,0,党幹事長,lose,0,NA,NA
南関東,古川　裕三,ふるかわ　ゆうぞう,32,幸福実現党,新,0,党千葉県副代表,lose,0,NA,NA
南関東,壹岐　愛子,いき　あいこ,29,幸福実現党,新,0,党神奈川副代表,lose,0,NA,NA
南関東,宮松　宏至,みやまつ　ひろゆき,74,幸福実現党,新,0,ジャーナリスト,lose,0,NA,NA
南関東,表　奈就子,おもて　なつこ,31,幸福実現党,新,0,（元）百貨店社員,lose,0,NA,NA
北陸信越,山本　拓,やまもと　たく,62,自由民主党,前,7,（元）農水副大臣,PR-win,0,NA,NA
北陸信越,斎藤　洋明,さいとう　ひろあき,38,自由民主党,前,2,（元）内閣府職員,PR-win,1,新潟３区,89.9
北陸信越,小松　裕,こまつ　ゆたか,53,自由民主党,前,2,内科医師,PR-win,1,長野１区,76.9
北陸信越,木内　均,きうち　ひとし,50,自由民主党,前,2,（元）県議,PR-win,1,長野３区,72.9
北陸信越,石﨑　徹,いしざき　とおる,30,自由民主党,前,2,（元）財務省職員,SMD-win,1,新潟１区,NA
北陸信越,細田　健一,ほそだ　けんいち,50,自由民主党,前,2,（元）経産省職員,SMD-win,1,新潟２区,NA
北陸信越,金子　恵美,かねこ　めぐみ,36,自由民主党,前,2,（元）県議,SMD-win,1,新潟４区,NA
北陸信越,長島　忠美,ながしま　ただよし,63,自由民主党,前,4,復興副大臣,SMD-win,1,新潟５区,NA
北陸信越,高鳥　修一,たかとり　しゅういち,54,自由民主党,前,3,党厚労部会長,SMD-win,1,新潟６区,NA
北陸信越,田畑　裕明,たばた　ひろあき,41,自由民主党,前,2,（元）県議,SMD-win,1,富山１区,NA
北陸信越,宮腰　光寛,みやこし　みつひろ,63,自由民主党,前,7,（元）農水副大臣,SMD-win,1,富山２区,NA
北陸信越,橘　慶一郎,たちばな　けいいちろう,53,自由民主党,前,3,（元）総務政務官,SMD-win,1,富山３区,NA
北陸信越,馳　浩,はせ　ひろし,53,自由民主党,前,6,党広報本部長,SMD-win,1,石川１区,NA
北陸信越,佐々木　紀,ささき　はじめ,40,自由民主党,前,2,党青年局次長,SMD-win,1,石川２区,NA
北陸信越,北村　茂男,きたむら　しげお,69,自由民主党,前,4,環境副大臣,SMD-win,1,石川３区,NA
北陸信越,稲田　朋美,いなだ　ともみ,55,自由民主党,前,4,党政調会長,SMD-win,1,福井１区,NA
北陸信越,高木　毅,たかぎ　つよし,58,自由民主党,前,6,（元）国交副大臣,SMD-win,1,福井２区,NA
北陸信越,務台　俊介,むたい　しゅんすけ,58,自由民主党,前,2,（元）総務省参事官,SMD-win,1,長野２区,NA
北陸信越,後藤　茂之,ごとう　しげゆき,59,自由民主党,前,5,党政調副会長,SMD-win,1,長野４区,NA
北陸信越,宮下　一郎,みやした　いちろう,56,自由民主党,前,4,財務副大臣,SMD-win,1,長野５区,NA
北陸信越,助田　重義,すけだ　しげよし,54,自由民主党,前,2,党福井県役員,PR-win,0,NA,NA
北陸信越,佐藤　俊,さとう　しゅん,33,自由民主党,新,0,弁護士,lose,0,NA,NA
北陸信越,田伏　加南代,たふせ　かなよ,72,自由民主党,新,0,党富山県役員,lose,0,NA,NA
北陸信越,中森　福代,なかもり　ふくよ,65,自由民主党,元,0,（元）埼玉県議,lose,0,NA,NA
北陸信越,轟　好人,とどろき　よしと,65,自由民主党,新,0,党長野県職員,lose,0,NA,NA
北陸信越,鷲尾　英一郎,わしお　えいいちろう,37,民主党,前,4,（元）農水政務官,PR-win,1,新潟２区,99.8
北陸信越,菊田　真紀子,きくた　まきこ,45,民主党,前,5,党幹事長代理,PR-win,1,新潟４区,96.0
北陸信越,西村　智奈美,にしむら　ちなみ,47,民主党,元,4,（元）厚労副大臣,PR-win,1,新潟１区,91.2
北陸信越,近藤　和也,こんどう　かずや,41,民主党,元,0,党県代表,lose,1,石川３区,90.9
北陸信越,下条　みつ,しもじょう　みつ,58,民主党,元,0,（元）防衛政務官,lose,1,長野２区,83.9
北陸信越,矢崎　公二,やざき　こうじ,55,民主党,元,0,（元）毎日新聞記者,lose,1,長野４区,82.0
北陸信越,寺島　義幸,てらしま　よしゆき,61,民主党,前,0,（元）県会議長,lose,1,長野３区,82.0
北陸信越,田中　美絵子,たなか　みえこ,38,民主党,元,0,（元）衆厚労委員,lose,1,石川１区,77.9
北陸信越,梅谷　守,うめたに　まもる,41,民主党,新,0,（元）県議,lose,1,新潟６区,75.0
北陸信越,中嶋　康介,なかじま　こうすけ,37,民主党,新,0,（元）衆院議員秘書,lose,1,長野５区,51.1
北陸信越,辻　一憲,つじ　かずのり,49,民主党,新,0,ＮＰＯ法人代表,lose,1,福井２区,50.5
北陸信越,黒岩　宇洋,くろいわ　たかひろ,48,民主党,元,2,（元）法務政務官,SMD-win,1,新潟３区,NA
北陸信越,篠原　孝,しのはら　たかし,66,民主党,前,5,（元）農水副大臣,SMD-win,1,長野１区,NA
北陸信越,一川　保夫,いちかわ　やすお,72,民主党,元,0,（元）防衛相,lose,0,NA,NA
北陸信越,村田　正示,むらた　ただし,71,民主党,新,0,党富山県顧問,lose,0,NA,NA
北陸信越,吉田　豊史,よしだ　とよふみ,44,維新の党,新,1,（元）県議,PR-win,1,富山１区,56.0
北陸信越,百瀬　智之,ももせ　ともゆき,31,維新の党,前,0,党県共同代表,lose,1,長野２区,54.4
北陸信越,鈴木　宏治,すずき　こうじ,41,維新の党,新,0,（元）県議,lose,1,福井１区,40.9
北陸信越,井出　庸生,いで　ようせい,37,維新の党,前,2,党県共同代表,SMD-win,1,長野３区,NA
北陸信越,近江屋　信広,おうみや　のぶひろ,65,維新の党,元,0,党職員,lose,0,NA,NA
北陸信越,漆原　良夫,うるしばら　よしお,70,公明党,前,7,党中央幹事会長,PR-win,0,NA,NA
北陸信越,田島　公一,たじま　こういち,41,公明党,新,0,党石川県局次長,lose,0,NA,NA
北陸信越,宮沢　隆仁,みやざわ　たかひと,59,次世代の党,前,0,党副幹事長,lose,1,長野１区,NA
北陸信越,藤野　保史,ふじの　やすふみ,44,日本共産党,新,1,党書記局員,PR-win,0,NA,NA
北陸信越,上田　秀昭,うえだ　ひであき,60,日本共産党,新,0,党地区委員長,lose,1,長野４区,NA
北陸信越,森　裕子,もり　ゆうこ,58,生活の党,新,0,（元）参院議員,lose,1,新潟５区,NA
北陸信越,河上　満栄,かわかみ　みつえ,43,生活の党,元,0,（元）客室乗務員,lose,0,NA,NA
北陸信越,東　篤,あずま　あつし,54,社会民主党,新,0,党県常任幹事,lose,1,富山２区,28.1
北陸信越,渡辺　英明,わたなべ　ひであき,64,社会民主党,新,0,党県幹事長,lose,1,新潟２区,16.7
北陸信越,石合　祐太,いしあい　ゆうた,25,社会民主党,新,0,党長野県役員,lose,0,NA,NA
北陸信越,七海　ひろこ,ななみ　ひろこ,30,幸福実現党,新,0,党財務局長,lose,0,NA,NA
北陸信越,吉田　かをる,よしだ　かをる,59,幸福実現党,新,0,党富山県副代表,lose,0,NA,NA
北陸信越,横井　基至,よこい　もとゆき,34,幸福実現党,新,0,党新潟県副代表,lose,0,NA,NA
東海,鈴木　淳司,すずき　じゅんじ,56,自由民主党,前,4,（元）総務政務官,PR-win,1,愛知７区,95.3
東海,勝俣　孝明,かつまた　たかあき,38,自由民主党,前,2,（元）銀行員,PR-win,1,静岡６区,89.9
東海,青山　周平,あおやま　しゅうへい,37,自由民主党,前,2,党青年局次長,PR-win,1,愛知１２区,89.7
東海,池田　佳隆,いけだ　よしたか,48,自由民主党,前,2,党文科副部会長,PR-win,1,愛知３区,87.7
東海,大見　正,おおみ　せい,56,自由民主党,前,2,党文科副部会長,PR-win,1,愛知１３区,86.7
東海,神田　憲次,かんだ　けんじ,51,自由民主党,前,2,税理士,PR-win,1,愛知５区,85.0
東海,八木　哲也,やぎ　てつや,67,自由民主党,前,2,（元）豊田市議,PR-win,1,愛知１１区,76.8
東海,島田　佳和,しまだ　よしかず,44,自由民主党,前,2,党県顧問,PR-win,1,三重２区,68.9
東海,東郷　哲也,とうごう　てつや,43,自由民主党,前,0,党国防副部会長,lose,1,愛知２区,66.3
東海,吉川　赳,よしかわ　たける,32,自由民主党,前,0,（元）参院議員秘書,lose,1,静岡５区,59.1
東海,嶋田　幸司,しまだ　こうじ,40,自由民主党,新,0,弁護士,lose,1,三重３区,44.3
東海,野田　聖子,のだ　せいこ,54,自由民主党,前,8,（元）党総務会長,SMD-win,1,岐阜１区,NA
東海,棚橋　泰文,たなはし　やすふみ,51,自由民主党,前,7,（元）科学技術相,SMD-win,1,岐阜２区,NA
東海,武藤　容治,むとう　ようじ,59,自由民主党,前,3,総務政務官,SMD-win,1,岐阜３区,NA
東海,金子　一義,かねこ　かずよし,71,自由民主党,前,10,（元）国土交通相,SMD-win,1,岐阜４区,NA
東海,古屋　圭司,ふるや　けいじ,62,自由民主党,前,9,（元）国家公安委長,SMD-win,1,岐阜５区,NA
東海,上川　陽子,かみかわ　ようこ,61,自由民主党,前,5,法相,SMD-win,1,静岡１区,NA
東海,井林　辰憲,いばやし　たつのり,38,自由民主党,前,2,（元）国交省職員,SMD-win,1,静岡２区,NA
東海,宮沢　博行,みやざわ　ひろゆき,39,自由民主党,前,2,党国防副部会長,SMD-win,1,静岡３区,NA
東海,望月　義夫,もちづき　よしお,67,自由民主党,前,7,環境相,SMD-win,1,静岡４区,NA
東海,城内　実,きうち　みのる,49,自由民主党,前,4,外務副大臣,SMD-win,1,静岡７区,NA
東海,塩谷　立,しおのや　りゅう,64,自由民主党,前,8,（元）文部科学相,SMD-win,1,静岡８区,NA
東海,熊田　裕通,くまだ　ひろみち,50,自由民主党,前,2,党県常任顧問,SMD-win,1,愛知１区,NA
東海,工藤　彰三,くどう　しょうぞう,50,自由民主党,前,2,党国交副部会長,SMD-win,1,愛知４区,NA
東海,丹羽　秀樹,にわ　ひでき,41,自由民主党,前,4,文部科学副大臣,SMD-win,1,愛知６区,NA
東海,伊藤　忠彦,いとう　ただひこ,50,自由民主党,前,3,党国対副委員長,SMD-win,1,愛知８区,NA
東海,長坂　康正,ながさか　やすまさ,57,自由民主党,前,2,党国交副部会長,SMD-win,1,愛知９区,NA
東海,江崎　鉄磨,えさき　てつま,71,自由民主党,前,6,（元）国交副大臣,SMD-win,1,愛知１０区,NA
東海,今枝　宗一郎,いまえだ　そういちろう,30,自由民主党,前,2,党国交副部会長,SMD-win,1,愛知１４区,NA
東海,根本　幸典,ねもと　ゆきのり,49,自由民主党,前,2,党農林副部会長,SMD-win,1,愛知１５区,NA
東海,川崎　二郎,かわさき　じろう,67,自由民主党,前,11,（元）厚生労働相,SMD-win,1,三重１区,NA
東海,田村　憲久,たむら　のりひさ,49,自由民主党,前,7,（元）厚生労働相,SMD-win,1,三重４区,NA
東海,浅田　恵理,あさだ　えり,33,自由民主党,新,0,翻訳業,lose,0,NA,NA
東海,川田　隆,かわた　たかし,57,自由民主党,前,0,党静岡県職員,lose,0,NA,NA
東海,竹内　公子,たけうち　きみこ,64,自由民主党,新,0,保育園園長,lose,0,NA,NA
東海,桜井　宏,さくらい　ひろし,58,自由民主党,前,0,党三重県顧問,lose,0,NA,NA
東海,佐橋　靖隆,さはし　やすたか,63,自由民主党,新,0,党愛知県職員,lose,0,NA,NA
東海,速水　桂二,はやみ　けいじ,53,自由民主党,新,0,党岐阜県職員,lose,0,NA,NA
東海,中根　康浩,なかね　やすひろ,52,民主党,前,4,（元）経産政務官,PR-win,0,NA,NA
東海,伴野　豊,ばんの　ゆたか,53,民主党,元,5,（元）国交副大臣,PR-win,1,愛知８区,90.2
東海,岡本　充功,おかもと　みつのり,43,民主党,元,4,（元）厚労政務官,PR-win,1,愛知９区,87.1
東海,小山　展弘,こやま　のぶひろ,38,民主党,元,2,（元）金融機関職員,PR-win,1,静岡３区,83.3
東海,鈴木　克昌,すずき　かつまさ,71,民主党,前,5,（元）総務副大臣,PR-win,1,愛知１４区,80.1
東海,田村　謙治,たむら　けんじ,46,民主党,元,0,（元）内閣府政務官,lose,1,静岡４区,72.2
東海,園田　康博,そのだ　やすひろ,47,民主党,元,0,（元）環境副大臣,lose,1,岐阜３区,71.4
東海,藤田　大助,ふじた　だいすけ,38,民主党,元,0,党県副代表,lose,1,三重５区,68.3
東海,吉田　統彦,よしだ　つねひこ,40,民主党,元,0,名大非常勤講師,lose,1,愛知１区,67.4
東海,関　健一郎,せき　けんいちろう,36,民主党,新,0,（元）ＮＨＫ記者,lose,1,愛知１５区,66.3
東海,森本　和義,もりもと　かずよし,48,民主党,元,0,（元）衆院議員秘書,lose,1,愛知６区,61.7
東海,阿知波　吉信,あちは　よしのぶ,51,民主党,元,0,党県副代表,lose,1,岐阜５区,58.9
東海,刀禰　勝之,とね　かつゆき,44,民主党,新,0,（元）県議,lose,1,愛知４区,54.8
東海,牧野　聖修,まきの　せいしゅう,69,民主党,元,0,（元）経産副大臣,lose,1,静岡１区,50.5
東海,松尾　勉,まつお　つとむ,30,民主党,新,0,（元）環境省職員,lose,1,静岡２区,48.7
東海,小林　弘子,こばやし　ひろこ,75,民主党,新,0,（元）江南市議,lose,1,愛知１０区,47.4
東海,吉田　里江,よしだ　りえ,49,民主党,新,0,（元）衆院議員秘書,lose,1,岐阜１区,46.5
東海,松本　泰高,まつもと　たいこう,67,民主党,新,0,（元）読売新聞記者,lose,1,静岡７区,28.3
東海,渡辺　周,わたなべ　しゅう,53,民主党,前,7,（元）防衛副大臣,SMD-win,1,静岡６区,NA
東海,古川　元久,ふるかわ　もとひさ,49,民主党,前,7,（元）国家戦略相,SMD-win,1,愛知２区,NA
東海,近藤　昭一,こんどう　しょういち,56,民主党,前,7,（元）環境副大臣,SMD-win,1,愛知３区,NA
東海,赤松　広隆,あかまつ　ひろたか,66,民主党,前,9,（元）農相,SMD-win,1,愛知５区,NA
東海,山尾　志桜里,やまお　しおり,40,民主党,元,2,（元）検事,SMD-win,1,愛知７区,NA
東海,古本　伸一郎,ふるもと　しんいちろう,49,民主党,前,5,（元）財務政務官,SMD-win,1,愛知１１区,NA
東海,大西　健介,おおにし　けんすけ,43,民主党,前,3,（元）衆院議員秘書,SMD-win,1,愛知１３区,NA
東海,中川　正春,なかがわ　まさはる,64,民主党,前,7,（元）防災相,SMD-win,1,三重２区,NA
東海,岡田　克也,おかだ　かつや,61,民主党,前,9,党代表代行,SMD-win,1,三重３区,NA
東海,金森　正,かなもり　ただし,77,民主党,元,0,党三重県副代表,lose,0,NA,NA
東海,野沢　和彦,のざわ　かずひこ,52,民主党,新,0,党静岡県職員,lose,0,NA,NA
東海,今井　雅人,いまい　まさと,52,維新の党,前,3,党政調会長代理,PR-win,1,岐阜４区,76.8
東海,牧　義夫,まき　よしお,56,維新の党,元,5,（元）厚労副大臣,PR-win,1,愛知４区,71.4
東海,松田　直久,まつだ　なおひさ,60,維新の党,新,1,（元）津市長,PR-win,1,三重１区,64.0
東海,源馬　謙太郎,げんま　けんたろう,41,維新の党,新,0,党県幹事長,lose,1,静岡８区,63.7
東海,小池　政就,こいけ　まさなり,40,維新の党,前,0,党県代表,lose,1,静岡１区,53.5
東海,重徳　和彦,しげとく　かずひこ,43,維新の党,前,2,党県代表,SMD-win,1,愛知１２区,NA
東海,佐藤　暁,さとう　あきら,53,維新の党,新,0,党職員,lose,0,NA,NA
東海,大口　善徳,おおぐち　よしのり,59,公明党,前,7,党国対委員長,PR-win,0,NA,NA
東海,伊藤　渉,いとう　わたる,45,公明党,前,3,（元）厚労政務官,PR-win,0,NA,NA
東海,中川　康洋,なかがわ　やすひろ,46,公明党,新,1,党三重県代表,PR-win,0,NA,NA
東海,五十嵐　雅之,いがらし　まさゆき,31,公明党,新,0,公明新聞記者,lose,0,NA,NA
東海,柳瀬　進一,やなせ　しんいち,47,公明党,新,0,党岐阜県事務長,lose,0,NA,NA
東海,藤井　孝男,ふじい　たかお,71,次世代の党,前,0,（元）運輸相,lose,0,NA,NA
東海,安田　庄一,やすだ　しょういち,47,次世代の党,新,0,玩具商社顧問,lose,1,愛知５区,12.1
東海,身玉山　宗三郎,みたまやま　そうざぶろう,41,次世代の党,新,0,行政書士,lose,1,愛知１区,8.7
東海,深尾　浩紹,ふかお　ひろつぐ,51,次世代の党,新,0,専門大学院教授,lose,0,NA,NA
東海,今井　良博,いまい　よしひろ,64,次世代の党,新,0,（元）白川町長,lose,0,NA,NA
東海,本村　伸子,もとむら　のぶこ,42,日本共産党,新,1,党准中央委員,PR-win,0,NA,NA
東海,島津　幸広,しまづ　ゆきひろ,58,日本共産党,新,1,党静岡県書記長,PR-win,0,NA,NA
東海,大野　宙光,おおの　ひろみつ,51,日本共産党,新,0,党地区委員長,lose,1,愛知１区,NA
東海,高橋　祐介,たかはし　ゆうすけ,36,日本共産党,新,0,党地区委員,lose,1,愛知４区,NA
東海,渡辺　義彦,わたなべ　よしひこ,58,生活の党,元,0,（元）衆安保委理事,lose,0,NA,NA
東海,山　登志浩,やま　としひろ,34,社会民主党,新,0,党幹事長代理,lose,0,NA,NA
東海,伊田　信光,いだ　しんこう,62,幸福実現党,新,0,党研修局長,lose,0,NA,NA
東海,中根　裕美,なかね　ひろみ,40,幸福実現党,新,0,党愛知県副代表,lose,0,NA,NA
東海,江頭　俊満,えがしら　としみつ,51,幸福実現党,新,0,党静岡県副代表,lose,0,NA,NA
東海,野原　典子,のはら　のりこ,58,幸福実現党,新,0,医療法人理事,lose,0,NA,NA
東海,山本　純子,やまもと　じゅんこ,46,幸福実現党,新,0,（元）名古屋市職員,lose,0,NA,NA
近畿,長尾　敬,ながお　たかし,52,自由民主党,元,2,（元）生保会社社員,PR-win,1,大阪１４区,97.7
近畿,大西　宏幸,おおにし　ひろゆき,47,自由民主党,新,1,（元）大阪市議,PR-win,1,大阪１区,95.5
近畿,神谷　昇,かみたに　のぼる,65,自由民主党,新,1,（元）泉大津市長,PR-win,1,大阪１８区,93.0
近畿,安藤　裕,あんどう　ひろし,49,自由民主党,前,2,党府副会長,PR-win,1,京都６区,92.8
近畿,谷川　とむ,たにがわ　とむ,38,自由民主党,新,1,（元）参院議員秘書,PR-win,1,大阪１９区,91.2
近畿,岡下　昌平,おかした　しょうへい,39,自由民主党,新,1,（元）府議,PR-win,1,大阪１７区,90.0
近畿,門　博文,かど　ひろふみ,49,自由民主党,前,2,党県会長代行,PR-win,1,和歌山１区,88.4
近畿,大隈　和英,おおくま　かずひで,45,自由民主党,新,1,外科医師,PR-win,1,大阪１０区,86.1
近畿,盛山　正仁,もりやま　まさひと,61,自由民主党,前,3,党法務部会長,PR-win,1,兵庫１区,85.8
近畿,小林　茂樹,こばやし　しげき,50,自由民主党,前,0,（元）県議,lose,1,奈良１区,85.1
近畿,頭師　暢秀,ずし　のぶひで,44,自由民主党,新,0,（元）大学准教授,lose,1,兵庫１１区,82.6
近畿,上中　康司,うえなか　こうじ,52,自由民主党,新,0,党府常任総務,lose,1,京都２区,56.1
近畿,大岡　敏孝,おおおか　としたか,42,自由民主党,前,2,党県幹事長代行,SMD-win,1,滋賀１区,NA
近畿,上野　賢一郎,うえの　けんいちろう,49,自由民主党,前,3,国土交通政務官,SMD-win,1,滋賀２区,NA
近畿,武村　展英,たけむら　のぶひで,42,自由民主党,前,2,党青年局次長,SMD-win,1,滋賀３区,NA
近畿,武藤　貴也,むとう　たかや,35,自由民主党,前,2,党青年局次長,SMD-win,1,滋賀４区,NA
近畿,宮崎　謙介,みやざき　けんすけ,33,自由民主党,前,2,党府副会長,SMD-win,1,京都３区,NA
近畿,田中　英之,たなか　ひでゆき,44,自由民主党,前,2,（元）京都市議,SMD-win,1,京都４区,NA
近畿,谷垣　禎一,たにがき　さだかず,69,自由民主党,前,12,党幹事長,SMD-win,1,京都５区,NA
近畿,左藤　章,さとう　あきら,63,自由民主党,前,4,防衛副大臣,SMD-win,1,大阪２区,NA
近畿,中山　泰秀,なかやま　やすひで,44,自由民主党,前,4,外務副大臣,SMD-win,1,大阪４区,NA
近畿,渡嘉敷　奈緒美,とかしき　なおみ,52,自由民主党,前,3,（元）厚労政務官,SMD-win,1,大阪７区,NA
近畿,大塚　高司,おおつか　たかし,50,自由民主党,前,3,国土交通政務官,SMD-win,1,大阪８区,NA
近畿,原田　憲治,はらだ　けんじ,66,自由民主党,前,3,防衛政務官,SMD-win,1,大阪９区,NA
近畿,佐藤　ゆかり,さとう　ゆかり,53,自由民主党,元,2,（元）経産政務官,SMD-win,1,大阪１１区,NA
近畿,北川　知克,きたがわ　ともかつ,63,自由民主党,前,5,（元）環境副大臣,SMD-win,1,大阪１２区,NA
近畿,宗清　皇一,むねきよ　こういち,44,自由民主党,新,1,（元）府議,SMD-win,1,大阪１３区,NA
近畿,関　芳弘,せき　よしひろ,49,自由民主党,前,3,経済産業政務官,SMD-win,1,兵庫３区,NA
近畿,藤井　比早之,ふじい　ひさゆき,43,自由民主党,前,2,党経産副部会長,SMD-win,1,兵庫４区,NA
近畿,谷　公一,たに　こういち,62,自由民主党,前,5,復興相補佐官,SMD-win,1,兵庫５区,NA
近畿,大串　正樹,おおぐし　まさき,48,自由民主党,前,2,大学客員教授,SMD-win,1,兵庫６区,NA
近畿,山田　賢司,やまだ　けんじ,48,自由民主党,前,2,党女性局次長,SMD-win,1,兵庫７区,NA
近畿,西村　康稔,にしむら　やすとし,52,自由民主党,前,5,内閣府副大臣,SMD-win,1,兵庫９区,NA
近畿,渡海　紀三朗,とかい　きさぶろう,66,自由民主党,前,8,（元）文部科学相,SMD-win,1,兵庫１０区,NA
近畿,高市　早苗,たかいち　さなえ,53,自由民主党,前,7,総務相,SMD-win,1,奈良２区,NA
近畿,奥野　信亮,おくの　しんすけ,70,自由民主党,前,4,（元）法務副大臣,SMD-win,1,奈良３区,NA
近畿,田野瀬　太道,たのせ　たいどう,40,自由民主党,前,2,党県副会長,SMD-win,1,奈良４区,NA
近畿,石田　真敏,いしだ　まさとし,62,自由民主党,前,6,（元）財務副大臣,SMD-win,1,和歌山２区,NA
近畿,近藤　三津枝,こんどう　みつえ,61,自由民主党,元,0,学校法人理事,lose,0,NA,NA
近畿,坂本　剛二,さかもと　ごうじ,70,自由民主党,前,0,（元）経産副大臣,lose,0,NA,NA
近畿,米田　建三,よねだ　けんぞう,67,自由民主党,元,0,（元）内閣府副大臣,lose,0,NA,NA
近畿,清水　克実,しみず　かつみ,65,自由民主党,新,0,党滋賀県職員,lose,0,NA,NA
近畿,湯峯　理之,ゆみね　ただゆき,54,自由民主党,新,0,党和歌山県職員,lose,0,NA,NA
近畿,伊東　賢一郎,いとう　けんいちろう,61,自由民主党,新,0,党職員,lose,0,NA,NA
近畿,高栖　留美子,たかす　るみこ,43,自由民主党,新,0,党職員,lose,0,NA,NA
近畿,真鍋　麻未,まなべ　まみ,30,自由民主党,新,0,党職員,lose,0,NA,NA
近畿,泉　健太,いずみ　けんた,40,民主党,前,5,党府会長,PR-win,1,京都３区,92.3
近畿,川端　達夫,かわばた　たつお,69,民主党,前,10,党国対委員長,PR-win,1,滋賀１区,88.5
近畿,田島　一成,たじま　いっせい,52,民主党,元,4,（元）環境副大臣,PR-win,1,滋賀２区,83.0
近畿,平野　博文,ひらの　ひろふみ,65,民主党,元,6,（元）官房長官,PR-win,1,大阪１１区,82.8
近畿,北神　圭朗,きたがみ　けいろう,47,民主党,元,0,（元）首相補佐官,lose,1,京都４区,77.4
近畿,徳永　久志,とくなが　ひさし,51,民主党,新,0,（元）参院議員,lose,1,滋賀４区,67.6
近畿,小川　泰江,おがわ　やすえ,51,民主党,新,0,（元）守山市議,lose,1,滋賀３区,65.8
近畿,樽床　伸二,たるとこ　しんじ,55,民主党,元,0,（元）総務相,lose,1,大阪１２区,62.8
近畿,向山　好一,むこやま　こういち,57,民主党,元,0,党県副代表,lose,1,兵庫２区,62.4
近畿,長安　豊,ながやす　たかし,46,民主党,元,0,（元）国交副大臣,lose,1,大阪１９区,58.8
近畿,森山　浩行,もりやま　ひろゆき,43,民主党,元,0,（元）府議,lose,1,大阪１６区,57.4
近畿,辻　泰弘,つじ　やすひろ,58,民主党,新,0,（元）厚労副大臣,lose,1,兵庫６区,53.2
近畿,小原　舞,おはら　まい,40,民主党,元,0,党府副会長,lose,1,京都５区,51.0
近畿,大西　孝典,おおにし　たかのり,58,民主党,元,0,党県副代表,lose,1,奈良４区,48.6
近畿,石井　登志郎,いしい　としろう,43,民主党,元,0,党県副代表,lose,1,兵庫７区,43.8
近畿,横畑　和幸,よこはた　かずゆき,43,民主党,新,0,党県副代表,lose,1,兵庫３区,38.7
近畿,前原　誠司,まえはら　せいじ,52,民主党,前,8,（元）外相,SMD-win,1,京都２区,NA
近畿,山井　和則,やまのい　かずのり,52,民主党,前,6,（元）党国対委員長,SMD-win,1,京都６区,NA
近畿,辻元　清美,つじもと　きよみ,54,民主党,前,6,（元）首相補佐官,SMD-win,1,大阪１０区,NA
近畿,松本　剛明,まつもと　たけあき,55,民主党,前,6,（元）外相,SMD-win,1,兵庫１１区,NA
近畿,馬淵　澄夫,まぶち　すみお,54,民主党,前,5,（元）国土交通相,SMD-win,1,奈良１区,NA
近畿,岸本　周平,きしもと　しゅうへい,58,民主党,前,3,（元）内閣府政務官,SMD-win,1,和歌山１区,NA
近畿,梶原　康弘,かじわら　やすひろ,58,民主党,元,0,（元）農水政務官,lose,0,NA,NA
近畿,佐々木　幹夫,ささき　みきお,65,民主党,新,0,（元）京都府議,lose,0,NA,NA
近畿,羽室　武,はむろ　たけし,72,民主党,新,0,（元）連合京都会長,lose,0,NA,NA
近畿,中藤　弘彦,なかふじ　ひろひこ,50,民主党,新,0,大学研究員,lose,0,NA,NA
近畿,小沢　鋭仁,おざわ　さきひと,60,維新の党,前,8,（元）環境相,PR-win,0,NA,NA
近畿,足立　康史,あだち　やすし,49,維新の党,前,2,（元）経産省職員,PR-win,1,大阪９区,95.5
近畿,木下　智彦,きのした　ともひこ,45,維新の党,前,2,（元）衆内閣委理事,PR-win,1,大阪８区,93.2
近畿,吉村　洋文,よしむら　ひろふみ,39,維新の党,新,1,弁護士,PR-win,1,大阪４区,89.7
近畿,浦野　靖人,うらの　やすと,41,維新の党,前,2,（元）府議,PR-win,1,大阪１５区,86.3
近畿,上西　小百合,うえにし　さゆり,31,維新の党,前,2,党国会副幹事長,PR-win,1,大阪７区,83.4
近畿,松浪　健太,まつなみ　けんた,43,維新の党,前,5,党国対委員長,PR-win,1,大阪１０区,81.8
近畿,伊東　信久,いとう　のぶひさ,50,維新の党,前,2,医療法人理事長,PR-win,1,大阪１１区,78.8
近畿,椎木　保,しいき　たもつ,48,維新の党,前,0,党国対副委員長,lose,1,大阪２区,71.5
近畿,畠中　光成,はたなか　みつなり,42,維新の党,前,0,党国対副委員長,lose,1,兵庫７区,71.0
近畿,岩永　裕貴,いわなが　ひろき,41,維新の党,前,0,党県代表,lose,1,滋賀４区,67.8
近畿,堅田　壮一郎,かただ　そういちろう,28,維新の党,新,0,（元）衆院議員秘書,lose,1,大阪１２区,60.5
近畿,栗原　絵里子,くりはら　えりこ,46,維新の党,新,0,１級建築士,lose,1,奈良３区,58.6
近畿,松井　雅博,まつい　まさひろ,35,維新の党,新,0,（元）衆院議員秘書,lose,1,兵庫１０区,57.1
近畿,永井　寿也,ながい　ひさや,41,維新の党,新,0,会社社長,lose,1,兵庫４区,56.0
近畿,阪口　直人,さかぐち　なおと,51,維新の党,前,0,党国会国際局長,lose,1,和歌山２区,55.9
近畿,三木　圭恵,みき　けえ,48,維新の党,前,0,党女性局長,lose,1,兵庫５区,54.6
近畿,新原　秀人,しんばら　ひでと,52,維新の党,前,0,党国対副委員長,lose,1,兵庫３区,52.4
近畿,田坂　幾太,たさか　いくた,62,維新の党,新,0,党府代表,lose,1,京都１区,49.3
近畿,清水　鴻一郎,しみず　こういちろう,68,維新の党,前,0,党府幹事長,lose,1,京都３区,41.7
近畿,村上　賀厚,むらかみ　のりあつ,55,維新の党,新,0,経営指導業,lose,1,兵庫１２区,35.8
近畿,畑本　久仁枝,はたもと　くにえ,60,維新の党,新,0,党府幹事,lose,1,京都４区,34.5
近畿,井上　英孝,いのうえ　ひでたか,43,維新の党,前,2,（元）大阪市議,SMD-win,1,大阪１区,NA
近畿,谷畑　孝,たにはた　たかし,67,維新の党,前,7,（元）厚労副大臣,SMD-win,1,大阪１４区,NA
近畿,馬場　伸幸,ばば　のぶゆき,49,維新の党,前,2,党組織局長,SMD-win,1,大阪１７区,NA
近畿,遠藤　敬,えんどう　たかし,46,維新の党,前,2,財団法人役員,SMD-win,1,大阪１８区,NA
近畿,丸山　穂高,まるやま　ほだか,30,維新の党,前,2,（元）経産省職員,SMD-win,1,大阪１９区,NA
近畿,井坂　信彦,いさか　のぶひこ,40,維新の党,前,2,行政書士,SMD-win,1,兵庫１区,NA
近畿,竹内　譲,たけうち　ゆずる,56,公明党,前,4,党京都府代表,PR-win,0,NA,NA
近畿,浮島　智子,うきしま　ともこ,51,公明党,前,2,（元）環境政務官,PR-win,0,NA,NA
近畿,樋口　尚也,ひぐち　なおや,43,公明党,前,2,党青年局長,PR-win,0,NA,NA
近畿,浜村　進,はまむら　すすむ,39,公明党,前,2,党青年副委員長,PR-win,0,NA,NA
近畿,田丸　義高,たまる　よしたか,55,公明党,新,0,公明新聞局次長,lose,0,NA,NA
近畿,高橋　雅也,たかはし　まさや,58,公明党,新,0,党大阪府役員,lose,0,NA,NA
近畿,田中　博之,たなか　ひろゆき,56,公明党,新,0,党兵庫県事務長,lose,0,NA,NA
近畿,西野　弘一,にしの　こういち,45,次世代の党,前,0,党幹事長代理,lose,1,大阪１３区,66.5
近畿,西村　真悟,にしむら　しんご,66,次世代の党,前,0,（元）防衛政務次官,lose,1,大阪１６区,39.8
近畿,杉田　水脈,すぎた　みお,47,次世代の党,前,0,党県会長,lose,1,兵庫６区,21.3
近畿,三宅　博,みやけ　ひろし,64,次世代の党,前,0,党総務副会長,lose,1,大阪１４区,15.3
近畿,和田　有一朗,わだ　ゆういちろう,50,次世代の党,新,0,（元）県議,lose,1,兵庫３区,30.6
近畿,上田　孝之,うえだ　たかゆき,56,次世代の党,新,0,（元）厚労省職員,lose,1,大阪８区,6.6
近畿,穀田　恵二,こくた　けいじ,67,日本共産党,前,8,党国対委員長,PR-win,1,京都１区,NA
近畿,宮本　岳志,みやもと　たけし,54,日本共産党,前,3,党中央委員,PR-win,0,NA,NA
近畿,清水　忠史,しみず　ただし,46,日本共産党,新,1,（元）大阪市議,PR-win,1,大阪４区,NA
近畿,堀内　照文,ほりうち　てるふみ,42,日本共産党,新,1,党兵庫県役員,PR-win,0,NA,NA
近畿,石村　和子,いしむら　かずこ,64,日本共産党,新,0,党府委員,lose,1,京都３区,44.8
近畿,原　矢寸久,はら　やすひさ,63,日本共産党,新,0,党県書記長,lose,1,和歌山３区,30.7
近畿,谷川　和広,たにがわ　かずひろ,36,日本共産党,新,0,党県書記長,lose,1,奈良１区,21.4
近畿,坪田　五久男,つぼた　いくお,55,日本共産党,新,0,党滋賀県役員,lose,0,NA,NA
近畿,中村　哲治,なかむら　てつじ,43,生活の党,元,0,（元）参院議員,lose,1,奈良２区,40.3
近畿,村上　史好,むらかみ　ふみよし,62,生活の党,前,0,党幹事長代理,lose,1,大阪６区,32.6
近畿,豊田　潤多郎,とよだ　じゅんたろう,65,生活の党,元,0,医療法人理事長,lose,0,NA,NA
近畿,服部　良一,はっとり　りょういち,64,社会民主党,元,0,党幹事長代理,lose,1,大阪８区,NA
近畿,藤田　高景,ふじた　たかかげ,66,社会民主党,新,0,（元）党職員,lose,0,NA,NA
近畿,及川　幸久,おいかわ　ゆきひさ,54,幸福実現党,新,0,党外務局長,lose,0,NA,NA
近畿,数森　圭吾,かずもり　けいご,35,幸福実現党,新,0,党大阪府副代表,lose,0,NA,NA
近畿,湊　侑子,みなと　ゆうこ,31,幸福実現党,新,0,党兵庫県副代表,lose,0,NA,NA
近畿,植松　満雄,うえまつ　みつお,56,幸福実現党,新,0,党京都府副代表,lose,0,NA,NA
近畿,荒川　雅司,あらかわ　まさし,39,幸福実現党,新,0,党滋賀県副代表,lose,0,NA,NA
近畿,田中　孝子,たなか　たかこ,59,幸福実現党,新,0,党奈良県副代表,lose,0,NA,NA
中国,阿部　俊子,あべ　としこ,55,自由民主党,前,4,農林水産副大臣,PR-win,1,岡山３区,78.0
中国,小島　敏文,こじま　としふみ,64,自由民主党,前,2,党農林副部会長,PR-win,1,広島６区,72.9
中国,石破　茂,いしば　しげる,57,自由民主党,前,10,地方創生相,SMD-win,1,鳥取１区,NA
中国,赤沢　亮正,あかざわ　りょうせい,53,自由民主党,前,4,内閣府副大臣,SMD-win,1,鳥取２区,NA
中国,細田　博之,ほそだ　ひろゆき,70,自由民主党,前,9,党幹事長代行,SMD-win,1,島根１区,NA
中国,竹下　亘,たけした　わたる,68,自由民主党,前,6,復興相,SMD-win,1,島根２区,NA
中国,逢沢　一郎,あいさわ　いちろう,60,自由民主党,前,10,（元）外務副大臣,SMD-win,1,岡山１区,NA
中国,山下　貴司,やました　たかし,49,自由民主党,前,2,弁護士,SMD-win,1,岡山２区,NA
中国,橋本　岳,はしもと　がく,40,自由民主党,前,3,厚生労働政務官,SMD-win,1,岡山４区,NA
中国,加藤　勝信,かとう　かつのぶ,59,自由民主党,前,5,官房副長官,SMD-win,1,岡山５区,NA
中国,岸田　文雄,きしだ　ふみお,57,自由民主党,前,8,外相,SMD-win,1,広島１区,NA
中国,平口　洋,ひらぐち　ひろし,66,自由民主党,前,3,（元）法務政務官,SMD-win,1,広島２区,NA
中国,河井　克行,かわい　かつゆき,51,自由民主党,前,6,（元）法務副大臣,SMD-win,1,広島３区,NA
中国,中川　俊直,なかがわ　としなお,44,自由民主党,前,2,党国際局次長,SMD-win,1,広島４区,NA
中国,寺田　稔,てらだ　みのる,56,自由民主党,前,4,（元）内閣府副大臣,SMD-win,1,広島５区,NA
中国,小林　史明,こばやし　ふみあき,31,自由民主党,前,2,党青年局次長,SMD-win,1,広島７区,NA
中国,高村　正彦,こうむら　まさひこ,72,自由民主党,前,12,党副総裁,SMD-win,1,山口１区,NA
中国,岸　信夫,きし　のぶお,55,自由民主党,前,2,（元）外務副大臣,SMD-win,1,山口２区,NA
中国,河村　建夫,かわむら　たけお,72,自由民主党,前,9,（元）官房長官,SMD-win,1,山口３区,NA
中国,新谷　正義,しんたに　まさよし,39,自由民主党,前,2,医療法人理事長,PR-win,0,NA,NA
中国,池田　道孝,いけだ　みちたか,67,自由民主党,前,2,（元）岡山県議,PR-win,0,NA,NA
中国,古田　圭一,ふるた　けいいち,57,自由民主党,新,1,学校法人理事長,PR-win,0,NA,NA
中国,木村　光寿,きむら　みつとし,41,自由民主党,新,0,旅行会社社長,lose,0,NA,NA
中国,秋田　博紀,あきた　ひろのり,52,自由民主党,新,0,党島根県職員,lose,0,NA,NA
中国,古賀　直子,こが　なおこ,45,自由民主党,新,0,助産師,lose,0,NA,NA
中国,笹尾　憲司,ささお　けんじ,65,自由民主党,新,0,党職員,lose,0,NA,NA
中国,柚木　道義,ゆのき　みちよし,42,民主党,前,4,（元）財務政務官,PR-win,1,岡山４区,82.6
中国,津村　啓介,つむら　けいすけ,43,民主党,前,5,（元）内閣府政務官,PR-win,1,岡山２区,79.7
中国,橋本　博明,はしもと　ひろあき,44,民主党,元,0,（元）党幹事長補佐,lose,1,広島３区,78.0
中国,松本　大輔,まつもと　だいすけ,43,民主党,元,0,（元）文科副大臣,lose,1,広島２区,75.1
中国,湯原　俊二,ゆはら　しゅんじ,52,民主党,元,0,党県副代表,lose,1,鳥取２区,64.3
中国,平岡　秀夫,ひらおか　ひでお,60,民主党,元,0,（元）法相,lose,1,山口２区,59.7
中国,村田　享子,むらた　きょうこ,31,民主党,新,0,（元）参院議員秘書,lose,1,広島７区,39.2
中国,和田　章一郎,わだ　しょういちろう,67,民主党,新,0,党県代表,lose,1,島根１区,38.2
中国,三浦　昇,みうら　のぼる,44,民主党,元,0,（元）県議,lose,1,山口３区,31.4
中国,炭村　信義,すみむら　のぶよし,67,民主党,新,0,（元）周南市議,lose,0,NA,NA
中国,高井　崇志,たかい　たかし,45,維新の党,元,2,ＩＴ研究会社長,PR-win,1,岡山１区,62.3
中国,高邑　勉,たかむら　つとむ,40,維新の党,元,0,（元）参院議員秘書,lose,1,山口１区,32.7
中国,白坂　理香,しらさか　りか,48,維新の党,新,0,造園会社社長,lose,1,広島１区,26.4
中国,斉藤　鉄夫,さいとう　てつお,62,公明党,前,8,（元）環境相,PR-win,0,NA,NA
中国,桝屋　敬悟,ますや　けいご,63,公明党,前,7,（元）厚労副大臣,PR-win,0,NA,NA
中国,日下　正喜,くさか　まさき,49,公明党,新,0,党岡山県役員,lose,0,NA,NA
中国,中丸　啓,なかまる　ひろむ,51,次世代の党,前,0,党総務会長代理,lose,1,広島４区,30.0
中国,坂元　大輔,さかもと　だいすけ,32,次世代の党,前,0,党副幹事長,lose,1,広島７区,17.8
中国,伊藤　真二,いとう　しんじ,47,次世代の党,新,0,（元）海上自衛官,lose,1,広島１区,6.2
中国,平沼　赳夫,ひらぬま　たけお,75,次世代の党,前,12,党首,SMD-win,1,岡山３区,NA
中国,大平　喜信,おおひら　よしのぶ,36,日本共産党,新,1,党広島県役員,PR-win,0,NA,NA
中国,矢引　亮介,やびき　りょうすけ,44,日本共産党,新,0,党岡山県役員,lose,0,NA,NA
中国,山本　誉,やまもと　ほまる,57,社会民主党,新,0,党県副代表,lose,1,島根２区,NA
中国,国領　豊太,こくりょう　ぶんた,33,幸福実現党,新,0,党事務局長,lose,0,NA,NA
中国,河井　美和子,かわい　みわこ,52,幸福実現党,新,0,党山口県副代表,lose,0,NA,NA
中国,佐伯　知子,さえき　ともこ,35,幸福実現党,新,0,党広島県副代表,lose,0,NA,NA
四国,福井　照,ふくい　てる,61,自由民主党,前,6,（元）文科副大臣,PR-win,0,NA,NA
四国,福山　守,ふくやま　まもる,61,自由民主党,前,2,（元）徳島県議,PR-win,0,NA,NA
四国,瀬戸　隆一,せと　たかかず,49,自由民主党,前,2,党総務副部会長,PR-win,1,香川２区,72.7
四国,後藤田　正純,ごとうだ　まさずみ,45,自由民主党,前,6,（元）内閣府副大臣,SMD-win,1,徳島１区,NA
四国,山口　俊一,やまぐち　しゅんいち,64,自由民主党,前,9,沖縄・北方相,SMD-win,1,徳島２区,NA
四国,平井　卓也,ひらい　たくや,56,自由民主党,前,6,（元）国交副大臣,SMD-win,1,香川１区,NA
四国,大野　敬太郎,おおの　けいたろう,46,自由民主党,前,2,党国際局次長,SMD-win,1,香川３区,NA
四国,塩崎　恭久,しおざき　やすひさ,64,自由民主党,前,7,厚生労働相,SMD-win,1,愛媛１区,NA
四国,村上　誠一郎,むらかみ　せいいちろう,62,自由民主党,前,10,（元）行政改革相,SMD-win,1,愛媛２区,NA
四国,白石　徹,しらいし　とおる,58,自由民主党,前,2,（元）県議,SMD-win,1,愛媛３区,NA
四国,山本　公一,やまもと　こういち,67,自由民主党,前,8,（元）総務副大臣,SMD-win,1,愛媛４区,NA
四国,中谷　元,なかたに　げん,57,自由民主党,前,9,（元）防衛長官,SMD-win,1,高知１区,NA
四国,山本　有二,やまもと　ゆうじ,62,自由民主党,前,9,（元）金融相,SMD-win,1,高知２区,NA
四国,永井　一郎,ながい　いちろう,59,自由民主党,新,0,党愛媛県職員,lose,0,NA,NA
四国,泉　栄恵,いずみ　まさえ,43,自由民主党,新,0,（元）衆院議員秘書,lose,0,NA,NA
四国,湯浅　満,ゆあさ　みつる,60,自由民主党,新,0,党香川県職員,lose,0,NA,NA
四国,小川　淳也,おがわ　じゅんや,43,民主党,前,4,（元）総務政務官,PR-win,1,香川１区,88.7
四国,白石　洋一,しらいし　よういち,51,民主党,元,0,党県副代表,lose,1,愛媛３区,81.0
四国,仁木　博文,にき　ひろぶみ,48,民主党,元,0,党県副代表,lose,1,徳島１区,75.0
四国,永江　孝子,ながえ　たかこ,54,民主党,元,0,党県代表,lose,1,愛媛１区,74.5
四国,武内　則男,たけうち　のりお,56,民主党,新,0,（元）参院議員,lose,1,高知２区,50.8
四国,大石　宗,おおいし　しゅう,34,民主党,新,0,党県幹事長,lose,1,高知１区,48.8
四国,玉木　雄一郎,たまき　ゆういちろう,45,民主党,前,3,党政調副会長,SMD-win,1,香川２区,NA
四国,都築　且,つづき　はじめ,68,民主党,新,0,党愛媛県副代表,lose,0,NA,NA
四国,横山　博幸,よこやま　ひろゆき,64,維新の党,新,1,（元）県議,PR-win,1,愛媛２区,39.6
四国,森　夏枝,もり　なつえ,33,維新の党,新,0,党県代表代行,lose,1,愛媛４区,30.2
四国,喜多　義典,きた　よしのり,48,維新の党,新,0,党大阪府職員,lose,0,NA,NA
四国,石田　祝稔,いしだ　のりとし,63,公明党,前,7,（元）農水副大臣,PR-win,0,NA,NA
四国,中野　英雄,なかの　ひでお,57,公明党,新,0,党徳島県事務長,lose,0,NA,NA
四国,桜内　文城,さくらうち　ふみき,49,次世代の党,前,0,党政策調査会長,lose,1,愛媛４区,NA
四国,椙山　三也,すぎやま　みつや,55,次世代の党,新,0,（元）衆院議員秘書,lose,0,NA,NA
四国,浜川　百合子,はまかわ　ゆりこ,35,日本共産党,新,0,党高知県役員,lose,0,NA,NA
四国,春名　直章,はるな　なおあき,55,日本共産党,元,0,党中央委員,lose,1,高知１区,NA
四国,高田　良徳,たかた　よしのり,54,社会民主党,新,0,（元）県議,lose,1,香川３区,NA
四国,小松　由佳,こまつ　ゆか,32,幸福実現党,新,0,党徳島県副代表,lose,0,NA,NA
四国,森田　浩二,もりた　こうじ,55,幸福実現党,新,0,党愛媛県副代表,lose,0,NA,NA
九州,岩田　和親,いわた　かずちか,41,自由民主党,前,2,党青年局次長,PR-win,1,佐賀１区,97.1
九州,穴見　陽一,あなみ　よういち,45,自由民主党,前,2,党労政局次長,PR-win,1,大分１区,93.2
九州,西銘　恒三郎,にしめ　こうさぶろう,60,自由民主党,前,4,総務副大臣,PR-win,1,沖縄４区,92.4
九州,国場　幸之助,こくば　こうのすけ,41,自由民主党,前,2,党青年局次長,PR-win,1,沖縄１区,91.8
九州,宮路　拓馬,みやじ　たくま,35,自由民主党,新,1,（元）総務省職員,PR-win,1,鹿児島３区,71.8
九州,比嘉　奈津美,ひが　なつみ,56,自由民主党,前,2,党女性局次長,PR-win,1,沖縄３区,66.7
九州,宮崎　政久,みやざき　まさひさ,49,自由民主党,前,2,党法務副部会長,PR-win,1,沖縄２区,60.8
九州,鬼木　誠,おにき　まこと,42,自由民主党,前,2,（元）県議,SMD-win,1,福岡２区,NA
九州,古賀　篤,こが　あつし,42,自由民主党,前,2,（元）財務省職員,SMD-win,1,福岡３区,NA
九州,宮内　秀樹,みやうち　ひでき,52,自由民主党,前,2,党国交副部会長,SMD-win,1,福岡４区,NA
九州,原田　義昭,はらだ　よしあき,70,自由民主党,前,7,（元）文科副大臣,SMD-win,1,福岡５区,NA
九州,鳩山　邦夫,はとやま　くにお,66,自由民主党,前,13,（元）総務相,SMD-win,1,福岡６区,NA
九州,藤丸　敏,ふじまる　さとし,54,自由民主党,前,2,党国交副部会長,SMD-win,1,福岡７区,NA
九州,三原　朝彦,みはら　あさひこ,67,自由民主党,前,7,（元）防衛政務次官,SMD-win,1,福岡９区,NA
九州,山本　幸三,やまもと　こうぞう,66,自由民主党,前,7,（元）経産副大臣,SMD-win,1,福岡１０区,NA
九州,武田　良太,たけだ　りょうた,46,自由民主党,前,5,（元）防衛副大臣,SMD-win,1,福岡１１区,NA
九州,古川　康,ふるかわ　やすし,56,自由民主党,新,1,（元）知事,SMD-win,1,佐賀２区,NA
九州,冨岡　勉,とみおか　つとむ,66,自由民主党,前,3,（元）文科政務官,SMD-win,1,長崎１区,NA
九州,加藤　寛治,かとう　かんじ,68,自由民主党,前,2,党農林副部会長,SMD-win,1,長崎２区,NA
九州,北村　誠吾,きたむら　せいご,67,自由民主党,前,6,（元）防衛副大臣,SMD-win,1,長崎４区,NA
九州,木原　稔,きはら　みのる,45,自由民主党,前,3,党青年局長,SMD-win,1,熊本１区,NA
九州,坂本　哲志,さかもと　てつし,64,自由民主党,前,5,（元）総務副大臣,SMD-win,1,熊本３区,NA
九州,金子　恭之,かねこ　やすし,53,自由民主党,前,6,（元）国交副大臣,SMD-win,1,熊本５区,NA
九州,岩屋　毅,いわや　たけし,57,自由民主党,前,7,（元）外務副大臣,SMD-win,1,大分３区,NA
九州,武井　俊輔,たけい　しゅんすけ,39,自由民主党,前,2,（元）県議,SMD-win,1,宮崎１区,NA
九州,江藤　拓,えとう　たく,54,自由民主党,前,5,（元）農水副大臣,SMD-win,1,宮崎２区,NA
九州,古川　禎久,ふるかわ　よしひさ,49,自由民主党,前,5,（元）財務副大臣,SMD-win,1,宮崎３区,NA
九州,金子　万寿夫,かねこ　ますお,67,自由民主党,前,2,（元）県会議長,SMD-win,1,鹿児島２区,NA
九州,小里　泰弘,おざと　やすひろ,56,自由民主党,前,4,環境副大臣,SMD-win,1,鹿児島４区,NA
九州,森山　裕,もりやま　ひろし,69,自由民主党,前,5,党県会長,SMD-win,1,鹿児島５区,NA
九州,今村　雅弘,いまむら　まさひろ,67,自由民主党,前,7,（元）農水副大臣,PR-win,0,NA,NA
九州,西川　京子,にしかわ　きょうこ,69,自由民主党,前,0,（元）厚労副大臣,lose,0,NA,NA
九州,林田　彪,はやしだ　たけし,70,自由民主党,前,0,（元）内閣府副大臣,lose,0,NA,NA
九州,上杉　光弘,うえすぎ　みつひろ,72,自由民主党,前,0,（元）自治相,lose,0,NA,NA
九州,安里　政晃,あさと　まさあき,46,自由民主党,新,0,社福法人理事長,lose,0,NA,NA
九州,湯川　一行,ゆかわ　かずゆき,65,自由民主党,前,0,（元）党鹿児島職員,lose,0,NA,NA
九州,末吉　光徳,すえよし　みつのり,68,自由民主党,前,0,（元）長崎県会議長,lose,0,NA,NA
九州,泉　幸親,いずみ　ゆきちか,62,自由民主党,新,0,党大分県職員,lose,0,NA,NA
九州,大串　博志,おおぐし　ひろし,49,民主党,前,4,党県代表,PR-win,1,佐賀２区,NA
九州,高木　義明,たかき　よしあき,68,民主党,前,9,（元）文部科学相,PR-win,1,長崎１区,97.3
九州,緒方　林太郎,おがた　りんたろう,41,民主党,元,2,党県副代表,PR-win,1,福岡９区,81.7
九州,稲富　修二,いなとみ　しゅうじ,44,民主党,元,0,（元）商社社員,lose,1,福岡２区,81.7
九州,大久保　潔重,おおくぼ　ゆきしげ,48,民主党,新,0,党県代表代行,lose,1,長崎２区,76.3
九州,山本　剛正,やまもと　ごうせい,42,民主党,元,0,党県副代表,lose,1,福岡１区,71.9
九州,城井　崇,きい　たかし,41,民主党,元,0,（元）文科政務官,lose,1,福岡１０区,71.8
九州,川内　博史,かわうち　ひろし,53,民主党,元,0,（元）党県代表,lose,1,鹿児島１区,70.2
九州,宮島　大典,みやじま　だいすけ,51,民主党,元,0,（元）防衛政務官,lose,1,長崎４区,69.3
九州,楠田　大蔵,くすだ　だいぞう,39,民主党,元,0,（元）防衛政務官,lose,1,福岡５区,64.8
九州,藤田　一枝,ふじた　かずえ,65,民主党,元,0,（元）厚労政務官,lose,1,福岡３区,57.3
九州,浦野　英樹,うらの　ひでき,45,民主党,新,0,社会保険労務士,lose,1,大分３区,45.5
九州,村尾　英俊,むらお　ひでとし,51,民主党,新,0,専門学校講師,lose,1,宮崎１区,25.9
九州,原口　一博,はらぐち　かずひろ,55,民主党,前,7,（元）総務相,SMD-win,1,佐賀１区,NA
九州,吉良　州司,きら　しゅうじ,56,民主党,元,4,（元）外務副大臣,SMD-win,1,大分１区,NA
九州,安藤　幽明,あんどう　ゆうめい,67,民主党,新,0,（元）島原市会議長,lose,0,NA,NA
九州,松野　頼久,まつの　よりひさ,54,維新の党,前,6,党国会会長,PR-win,1,熊本１区,84.1
九州,河野　正美,かわの　まさみ,53,維新の党,前,2,医療法人理事長,PR-win,1,福岡４区,59.9
九州,下地　幹郎,しもじ　みきお,53,維新の党,元,5,（元）郵政改革相,PR-win,1,沖縄１区,59.2
九州,山之内　毅,やまのうち　つよし,32,維新の党,前,0,党県代表,lose,1,鹿児島１区,44.7
九州,外山　斎,とやま　いつき,38,維新の党,新,0,（元）参院議員,lose,1,宮崎１区,44.1
九州,鈴木　望,すずき　のぞむ,65,維新の党,前,0,党国対副委員長,lose,0,NA,NA
九州,江田　康幸,えだ　やすゆき,58,公明党,前,6,（元）環境副大臣,PR-win,0,NA,NA
九州,遠山　清彦,とおやま　きよひこ,45,公明党,前,3,党国際局長,PR-win,0,NA,NA
九州,浜地　雅一,はまち　まさかず,44,公明党,前,2,党青年委副委長,PR-win,0,NA,NA
九州,吉田　宣弘,よしだ　のぶひろ,47,公明党,新,1,（元）参院議員秘書,PR-win,0,NA,NA
九州,窪田　哲也,くぼた　てつや,49,公明党,新,0,公明新聞支局長,lose,0,NA,NA
九州,中山　英一,なかやま　えいいち,38,公明党,新,0,公明新聞記者,lose,0,NA,NA
九州,中山　成彬,なかやま　なりあき,71,次世代の党,前,0,（元）文部科学相,lose,0,NA,NA
九州,園田　博之,そのだ　ひろゆき,72,次世代の党,前,10,（元）官房副長官,SMD-win,1,熊本４区,NA
九州,頭山　晋太郎,とうやま　しんたろう,37,次世代の党,新,0,（元）太陽の党職員,lose,0,NA,NA
九州,赤嶺　政賢,あかみね　せいけん,66,日本共産党,前,6,党幹部会委員,SMD-win,1,沖縄１区,NA
九州,田村　貴昭,たむら　たかあき,53,日本共産党,新,1,（元）北九州市議,PR-win,0,NA,NA
九州,真島　省三,まじま　しょうぞう,51,日本共産党,新,1,（元）県議,PR-win,1,福岡９区,NA
九州,伊勢田　良子,いせだ　りょうこ,40,日本共産党,新,0,党准中央委員,lose,0,NA,NA
九州,伊礼　一美,いれい　かずみ,67,日本共産党,新,0,党地区委員,lose,0,NA,NA
九州,末次　精一,すえつぐ　せいいち,52,生活の党,新,0,（元）県議,lose,1,長崎４区,15.1
九州,玉城　デニー,たまき　でにー,55,生活の党,前,3,党幹事長代理,SMD-win,1,沖縄３区,NA
九州,太田　真平,おおた　しんぺい,28,生活の党,新,0,（元）衆院議員秘書,lose,0,NA,NA
九州,吉川　元,よしかわ　はじめ,48,社会民主党,前,2,党副幹事長,PR-win,1,大分２区,69.2
九州,野呂　正和,のろ　まさかず,63,社会民主党,新,0,市民団体役員,lose,1,鹿児島４区,30.2
九州,今泉　克己,いまいずみ　かつみ,64,社会民主党,新,0,党県幹事長,lose,1,熊本５区,29.8
九州,藤中　寛之,ふじなか　ひろゆき,40,社会民主党,新,0,党県副代表,lose,1,福岡１１区,28.2
九州,照屋　寛徳,てるや　かんとく,69,社会民主党,前,5,党国対委員長,SMD-win,1,沖縄２区,NA
九州,江夏　正敏,えなつ　まさとし,47,幸福実現党,新,0,党政調会長,lose,0,NA,NA
九州,吉冨　和枝,よしとみ　かずえ,55,幸福実現党,新,0,党福岡県副代表,lose,0,NA,NA
九州,河野　一郎,こうの　いちろう,55,幸福実現党,新,0,党宮崎県副代表,lose,0,NA,NA
九州,下地　玲子,しもじ　れいこ,56,幸福実現党,新,0,党沖縄県副代表,lose,0,NA,NA
九州,木下　順子,きのした　じゅんこ,55,幸福実現党,新,0,党熊本県副代表,lose,0,NA,NA
