prefecture,dist_no,district,name,yomi,lastname,firstname,last_kana,first_kana,age,party,recommended,status,previous,duplicate,win_smd,win_pr,votes,vshare
北海道,1,北海道1区,小林 悟,こばやし さとる,小林,悟,こばやし,さとる,57,維新,NA,新,0,1,0,0,35652,13.66
北海道,1,北海道1区,道下 大樹,みちした だいき,道下,大樹,みちした,だいき,45,立憲,NA,前,1,1,1,0,118286,45.33
北海道,1,北海道1区,船橋 利実,ふなはし としみつ,船橋,利実,ふなはし,としみつ,60,自民,公明,前,2,1,0,0,106985,41
北海道,2,北海道2区,高橋 祐介,たかはし ゆうすけ,高橋,祐介,たかはし,ゆうすけ,41,自民,公明,新,0,1,0,0,89745,37.93
北海道,2,北海道2区,松木 謙公,まつき けんこう,松木,謙公,まつき,けんこう,62,立憲,れいわ,前,5,1,1,0,105807,44.71
北海道,2,北海道2区,山崎 泉,やまざき いずみ,山崎,泉,やまざき,いずみ,48,維新,NA,新,0,1,0,0,41076,17.36
北海道,3,北海道3区,高木 宏寿,たかぎ ひろひさ,高木,宏寿,たかぎ,ひろひさ,61,自民,公明,元,2,1,1,0,116917,44.66
北海道,3,北海道3区,荒井 優,あらい ゆたか,荒井,優,あらい,ゆたか,46,立憲,NA,新,0,1,0,1,112535,42.99
北海道,3,北海道3区,小和田 康文,こわだ やすふみ,小和田,康文,こわだ,やすふみ,51,維新,NA,新,0,1,0,0,32340,12.35
北海道,4,北海道4区,大築 紅葉,おおつき くれは,大築,紅葉,おおつき,くれは,38,立憲,NA,新,0,1,0,1,108630,49.84
北海道,4,北海道4区,中村 裕之,なかむら ひろゆき,中村,裕之,なかむら,ひろゆき,60,自民,公明,前,3,1,1,0,109326,50.16
北海道,5,北海道5区,大津 伸太郎,おおつ しんたろう,大津,伸太郎,おおつ,しんたろう,56,無所,NA,新,0,0,0,0,8520,3.08
北海道,5,北海道5区,和田 義明,わだ よしあき,和田,義明,わだ,よしあき,50,自民,公明,前,2,1,1,0,139950,50.6
北海道,5,北海道5区,橋本 美香,はしもと みか,橋本,美香,はしもと,みか,51,共産,NA,新,0,0,0,0,16758,6.06
北海道,5,北海道5区,池田 真紀,いけだ まき,池田,真紀,いけだ,まき,49,立憲,NA,前,1,1,0,0,111366,40.26
北海道,6,北海道6区,斉藤 忠行,さいとう ただゆき,斉藤,忠行,さいとう,ただゆき,30,Ｎ党,NA,新,0,1,0,0,9776,4.22
北海道,6,北海道6区,西川 将人,にしかわ まさひと,西川,将人,にしかわ,まさひと,52,立憲,NA,新,0,1,0,0,93403,40.29
北海道,6,北海道6区,東 国幹,あずま くによし,東,国幹,あずま,くによし,53,自民,公明,新,0,1,1,0,128670,55.5
北海道,7,北海道7区,伊東 良孝,いとう よしたか,伊東,良孝,いとう,よしたか,72,自民,公明,前,4,1,1,0,80797,58.01
北海道,7,北海道7区,篠田 奈保子,しのだ なおこ,篠田,奈保子,しのだ,なおこ,49,立憲,NA,新,0,1,0,0,45563,32.71
北海道,7,北海道7区,石川 明美,いしかわ あけみ,石川,明美,いしかわ,あけみ,70,共産,NA,新,0,0,0,0,12913,9.27
北海道,8,北海道8区,逢坂 誠二,おおさか せいじ,逢坂,誠二,おおさか,せいじ,62,立憲,NA,前,4,1,1,0,112857,52.68
北海道,8,北海道8区,前田 一男,まえだ かずお,前田,一男,まえだ,かずお,55,自民,公明,元,2,1,0,0,101379,47.32
北海道,9,北海道9区,山岡 達丸,やまおか たつまる,山岡,達丸,やまおか,たつまる,42,立憲,NA,前,2,1,1,0,113512,51.51
北海道,9,北海道9区,堀井 学,ほりい まなぶ,堀井,学,ほりい,まなぶ,49,自民,公明,前,3,1,0,1,106842,48.49
北海道,10,北海道10区,神谷 裕,かみや ひろし,神谷,裕,かみや,ひろし,53,立憲,NA,前,1,1,0,1,82718,46.07
北海道,10,北海道10区,稲津 久,いなつ ひさし,稲津,久,いなつ,ひさし,63,公明,自民,前,4,0,1,0,96843,53.93
北海道,11,北海道11区,石川 香織,いしかわ かおり,石川,香織,いしかわ,かおり,37,立憲,NA,前,1,1,1,0,91538,51.75
北海道,11,北海道11区,中川 郁子,なかがわ ゆうこ,中川,郁子,なかがわ,ゆうこ,62,自民,公明,元,2,1,0,1,85336,48.25
北海道,12,北海道12区,川原田 英世,かわはらだ えいせい,川原田,英世,かわはらだ,えいせい,38,立憲,NA,新,0,1,0,0,55321,33.11
北海道,12,北海道12区,武部 新,たけべ あらた,武部,新,たけべ,あらた,51,自民,公明,前,3,1,1,0,97634,58.43
北海道,12,北海道12区,菅原 誠,すがわら まこと,菅原,誠,すがわら,まこと,48,共産,NA,新,0,0,0,0,14140,8.46
青森,1,青森1区,江渡 聡徳,えと あきのり,江渡,聡徳,えと,あきのり,66,自民,公明,前,7,1,1,0,91011,52.41
青森,1,青森1区,升田 世喜男,ますた せきお,升田,世喜男,ますた,せきお,64,立憲,NA,元,1,1,0,0,64870,37.35
青森,1,青森1区,斎藤 美緒,さいとう みお,斎藤,美緒,さいとう,みお,41,共産,NA,新,0,0,0,0,17783,10.24
青森,2,青森2区,神田 潤一,かんだ じゅんいち,神田,潤一,かんだ,じゅんいち,51,自民,公明,新,0,1,1,0,126137,61.53
青森,2,青森2区,高畑 紀子,たかはた のりこ,高畑,紀子,たかはた,のりこ,58,立憲,NA,新,0,1,0,0,65909,32.15
青森,2,青森2区,田端 深雪,たばた みゆき,田端,深雪,たばた,みゆき,64,共産,NA,新,0,0,0,0,12966,6.32
青森,3,青森3区,山内 崇,やまうち たかし,山内,崇,やまうち,たかし,66,立憲,NA,新,0,1,0,0,63796,35.05
青森,3,青森3区,木村 次郎,きむら じろう,木村,次郎,きむら,じろう,53,自民,公明,前,1,1,1,0,118230,64.95
岩手,1,岩手1区,吉田 恭子,よしだ きょうこ,吉田,恭子,よしだ,きょうこ,40,共産,NA,新,0,0,0,0,20300,11.94
岩手,1,岩手1区,階 猛,しな たけし,階,猛,しな,たけし,55,立憲,NA,前,5,1,1,0,87017,51.19
岩手,1,岩手1区,高橋 比奈子,たかはし ひなこ,高橋,比奈子,たかはし,ひなこ,63,自民,公明,前,3,1,0,0,62666,36.87
岩手,2,岩手2区,大林 正英,おおばやし まさひで,大林,正英,おおばやし,まさひで,57,立憲,NA,新,0,1,0,0,66689,30.4
岩手,2,岩手2区,荒川 順子,あらかわ じゅんこ,荒川,順子,あらかわ,じゅんこ,68,Ｎ党,NA,新,0,0,0,0,3548,1.62
岩手,2,岩手2区,鈴木 俊一,すずき しゅんいち,鈴木,俊一,すずき,しゅんいち,68,自民,公明,前,9,1,1,0,149168,67.99
岩手,3,岩手3区,藤原 崇,ふじわら たかし,藤原,崇,ふじわら,たかし,38,自民,公明,前,3,1,1,0,118734,52.05
岩手,3,岩手3区,小沢 一郎,おざわ いちろう,小沢,一郎,おざわ,いちろう,79,立憲,NA,前,17,1,0,1,109362,47.95
宮城,1,宮城1区,岡本 章子,おかもと あきこ,岡本,章子,おかもと,あきこ,57,立憲,NA,前,1,1,0,1,96649,41.16
宮城,1,宮城1区,春藤 沙弥香,しゅんどう さやか,春藤,沙弥香,しゅんどう,さやか,40,維新,NA,新,0,1,0,0,23033,9.81
宮城,1,宮城1区,土井 亨,どい とおる,土井,亨,どい,とおる,63,自民,公明,前,4,1,1,0,101964,43.42
宮城,1,宮城1区,大草 芳江,おおくさ よしえ,大草,芳江,おおくさ,よしえ,39,無所,NA,新,0,0,0,0,13174,5.61
宮城,2,宮城2区,鎌田 さゆり,かまた さゆり,鎌田,さゆり,かまた,さゆり,56,立憲,NA,元,2,1,1,0,116320,48.96
宮城,2,宮城2区,秋葉 賢也,あきば けんや,秋葉,賢也,あきば,けんや,59,自民,公明,前,6,1,0,1,115749,48.72
宮城,2,宮城2区,林 マリアゆき,はやし まりあゆき,林,マリアゆき,はやし,まりあゆき,47,Ｎ党,NA,新,0,1,0,0,5521,2.32
宮城,3,宮城3区,大野 園子,おおの そのこ,大野,園子,おおの,そのこ,33,立憲,NA,新,0,1,0,0,60237,37.11
宮城,3,宮城3区,西村 明宏,にしむら あきひろ,西村,明宏,にしむら,あきひろ,61,自民,公明,前,5,1,1,0,96210,59.27
宮城,3,宮城3区,浅田 晃司,あさだ こうじ,浅田,晃司,あさだ,こうじ,74,無所,NA,新,0,0,0,0,5890,3.63
宮城,4,宮城4区,伊藤 信太郎,いとう しんたろう,伊藤,信太郎,いとう,しんたろう,68,自民,公明,前,6,1,1,0,74721,56.51
宮城,4,宮城4区,舩山 由美,ふなやま ゆみ,舩山,由美,ふなやま,ゆみ,53,共産,NA,新,0,1,0,0,30047,22.73
宮城,4,宮城4区,早坂 敦,はやさか あつし,早坂,敦,はやさか,あつし,50,維新,NA,新,0,1,0,1,27451,20.76
宮城,5,宮城5区,安住 淳,あずみ じゅん,安住,淳,あずみ,じゅん,59,立憲,NA,前,8,1,1,0,81033,56.89
宮城,5,宮城5区,森下 千里,もりした ちさと,森下,千里,もりした,ちさと,40,自民,公明,新,0,1,0,0,61410,43.11
宮城,6,宮城6区,小野寺 五典,おのでら いつのり,小野寺,五典,おのでら,いつのり,61,自民,公明,前,7,1,1,0,119555,83.24
宮城,6,宮城6区,内藤 隆司,ないとう たかじ,内藤,隆司,ないとう,たかじ,63,共産,NA,新,0,0,0,0,24072,16.76
秋田,1,秋田1区,冨樫 博之,とがし ひろゆき,冨樫,博之,とがし,ひろゆき,66,自民,公明,前,3,1,1,0,77960,51.86
秋田,1,秋田1区,寺田 学,てらた まなぶ,寺田,学,てらた,まなぶ,45,立憲,NA,前,5,1,0,1,72366,48.14
秋田,2,秋田2区,金田 勝年,かねだ かつとし,金田,勝年,かねだ,かつとし,72,自民,公明,前,4,1,0,1,73945,47.46
秋田,2,秋田2区,緑川 貴士,みどりかわ たかし,緑川,貴士,みどりかわ,たかし,36,立憲,NA,前,1,1,1,0,81845,52.54
秋田,3,秋田3区,杉山 彰,すぎやま あきら,杉山,彰,すぎやま,あきら,55,共産,NA,新,0,0,0,0,38118,22.05
秋田,3,秋田3区,御法川 信英,みのりかわ のぶひで,御法川,信英,みのりかわ,のぶひで,57,自民,公明,前,5,1,1,0,134734,77.95
山形,1,山形1区,原田 和広,はらだ まさひろ,原田,和広,はらだ,まさひろ,48,立憲,NA,新,0,1,0,0,73872,40.03
山形,1,山形1区,遠藤 利明,えんどう としあき,遠藤,利明,えんどう,としあき,71,自民,公明,前,8,1,1,0,110688,59.97
山形,2,山形2区,鈴木 憲和,すずき のりかず,鈴木,憲和,すずき,のりかず,39,自民,公明,前,3,1,1,0,125992,61.84
山形,2,山形2区,加藤 健一,かとう けんいち,加藤,健一,かとう,けんいち,40,国民,NA,新,0,1,0,0,77742,38.16
山形,3,山形3区,梅木 威,うめき たけし,梅木,威,うめき,たけし,62,共産,NA,新,0,0,0,0,12100,6.47
山形,3,山形3区,阿部 ひとみ,あべ ひとみ,阿部,ひとみ,あべ,ひとみ,60,無所,NA,新,0,0,0,0,66320,35.47
山形,3,山形3区,加藤 鮎子,かとう あゆこ,加藤,鮎子,かとう,あゆこ,42,自民,公明,前,2,1,1,0,108558,58.06
福島,1,福島1区,金子 恵美,かねこ えみ,金子,恵美,かねこ,えみ,56,立憲,NA,前,2,1,1,0,123620,51.15
福島,1,福島1区,亀岡 偉民,かめおか よしたみ,亀岡,偉民,かめおか,よしたみ,66,自民,公明,前,4,1,0,1,118074,48.85
福島,2,福島2区,馬場 雄基,ばば ゆうき,馬場,雄基,ばば,ゆうき,29,立憲,NA,新,0,1,0,1,85501,45.45
福島,2,福島2区,根本 匠,ねもと たくみ,根本,匠,ねもと,たくみ,70,自民,公明,前,8,1,1,0,102638,54.55
福島,3,福島3区,上杉 謙太郎,うえすぎ けんたろう,上杉,謙太郎,うえすぎ,けんたろう,46,自民,公明,前,1,1,0,1,76302,45.76
福島,3,福島3区,玄葉 光一郎,げんば こういちろう,玄葉,光一郎,げんば,こういちろう,57,立憲,NA,前,9,1,1,0,90457,54.24
福島,4,福島4区,小熊 慎司,おぐま しんじ,小熊,慎司,おぐま,しんじ,53,立憲,NA,前,3,1,1,0,76683,50.96
福島,4,福島4区,菅家 一郎,かんけ いちろう,菅家,一郎,かんけ,いちろう,66,自民,公明,前,3,1,0,1,73784,49.04
福島,5,福島5区,熊谷 智,くまがい とも,熊谷,智,くまがい,とも,42,共産,NA,新,0,0,0,0,55619,37.34
福島,5,福島5区,吉野 正芳,よしの まさよし,吉野,正芳,よしの,まさよし,73,自民,公明,前,7,0,1,0,93325,62.66
茨城,1,茨城1区,福島 伸享,ふくしま のぶゆき,福島,伸享,ふくしま,のぶゆき,51,無所,NA,元,2,0,1,0,105072,52.05
茨城,1,茨城1区,田所 嘉徳,たどころ よしのり,田所,嘉徳,たどころ,よしのり,67,自民,公明,前,3,1,0,1,96791,47.95
茨城,2,茨城2区,額賀 福志郎,ぬかが ふくしろう,額賀,福志郎,ぬかが,ふくしろう,77,自民,公明,前,12,0,1,0,110831,64.46
茨城,2,茨城2区,藤田 幸久,ふじた ゆきひさ,藤田,幸久,ふじた,ゆきひさ,71,立憲,NA,元,2,1,0,0,61103,35.54
茨城,3,茨城3区,葉梨 康弘,はなし やすひろ,葉梨,康弘,はなし,やすひろ,62,自民,公明,前,5,1,1,0,109448,53.59
茨城,3,茨城3区,梶岡 博樹,かじおか ひろき,梶岡,博樹,かじおか,ひろき,44,立憲,NA,新,0,1,0,0,63674,31.18
茨城,3,茨城3区,岸野 智康,きしの ともやす,岸野,智康,きしの,ともやす,27,維新,NA,新,0,1,0,0,31100,15.23
茨城,4,茨城4区,梶山 弘志,かじやま ひろし,梶山,弘志,かじやま,ひろし,66,自民,公明,前,7,1,1,0,98254,70.47
茨城,4,茨城4区,武藤 優子,むとう ゆうこ,武藤,優子,むとう,ゆうこ,57,維新,NA,新,0,1,0,0,25162,18.05
茨城,4,茨城4区,大内 久美子,おおうち くみこ,大内,久美子,おおうち,くみこ,72,共産,NA,新,0,1,0,0,16018,11.49
茨城,5,茨城5区,飯田 美弥子,いいだ みやこ,飯田,美弥子,いいだ,みやこ,61,共産,NA,新,0,0,0,0,8061,6.37
茨城,5,茨城5区,石川 昭政,いしかわ あきまさ,石川,昭政,いしかわ,あきまさ,49,自民,NA,前,3,1,0,1,53878,42.57
茨城,5,茨城5区,浅野 哲,あさの さとし,浅野,哲,あさの,さとし,39,国民,NA,前,1,1,1,0,61373,48.49
茨城,5,茨城5区,田村 弘,たむら ひろし,田村,弘,たむら,ひろし,49,無所,NA,新,0,0,0,0,3248,2.57
茨城,6,茨城6区,青山 大人,あおやま やまと,青山,大人,あおやま,やまと,42,立憲,NA,前,1,1,0,1,113570,47.46
茨城,6,茨城6区,国光 文乃,くにみつ あやの,国光,文乃,くにみつ,あやの,42,自民,公明,前,1,1,1,0,125703,52.54
茨城,7,茨城7区,永岡 桂子,ながおか けいこ,永岡,桂子,ながおか,けいこ,67,自民,公明,前,5,1,1,0,74362,46.51
茨城,7,茨城7区,水梨 伸晃,みずなし のぶあき,水梨,伸晃,みずなし,のぶあき,42,維新,NA,新,0,1,0,0,14683,9.18
茨城,7,茨城7区,中村 喜四郎,なかむら きしろう,中村,喜四郎,なかむら,きしろう,72,立憲,NA,前,14,1,0,1,70843,44.31
栃木,1,栃木1区,青木 弘,あおき ひろし,青木,弘,あおき,ひろし,60,共産,NA,新,0,0,0,0,9393,4.21
栃木,1,栃木1区,柏倉 祐司,かしわくら ゆうじ,柏倉,祐司,かしわくら,ゆうじ,52,維新,NA,元,1,1,0,0,43935,19.71
栃木,1,栃木1区,船田 元,ふなだ はじめ,船田,元,ふなだ,はじめ,67,自民,公明,前,12,1,1,0,102870,46.15
栃木,1,栃木1区,渡辺 典喜,わたなべ のりよし,渡辺,典喜,わたなべ,のりよし,38,立憲,NA,新,0,1,0,0,66700,29.92
栃木,2,栃木2区,五十嵐 清,いがらし きよし,五十嵐,清,いがらし,きよし,51,自民,公明,新,0,1,0,1,64253,46.61
栃木,2,栃木2区,福田 昭夫,ふくだ あきお,福田,昭夫,ふくだ,あきお,73,立憲,NA,前,5,1,1,0,73593,53.39
栃木,3,栃木3区,伊賀 央,いが ひろし,伊賀,央,いが,ひろし,57,立憲,NA,新,0,1,0,0,39826,32.58
栃木,3,栃木3区,簗 和生,やな かずお,簗,和生,やな,かずお,42,自民,公明,前,3,1,1,0,82398,67.42
栃木,4,栃木4区,佐藤 勉,さとう つとむ,佐藤,勉,さとう,つとむ,69,自民,公明,前,8,1,1,0,111863,51.1
栃木,4,栃木4区,藤岡 隆雄,ふじおか たかお,藤岡,隆雄,ふじおか,たかお,44,立憲,NA,新,0,1,0,1,107043,48.9
栃木,5,栃木5区,岡村 恵子,おかむら けいこ,岡村,恵子,おかむら,けいこ,68,共産,NA,新,0,0,0,0,31713,22.64
栃木,5,栃木5区,茂木 敏充,もてぎ としみつ,茂木,敏充,もてぎ,としみつ,66,自民,公明,前,9,1,1,0,108380,77.36
群馬,1,群馬1区,中曽根 康隆,なかそね やすたか,中曽根,康隆,なかそね,やすたか,39,自民,公明,前,1,1,1,0,110244,56.32
群馬,1,群馬1区,斉藤 敦子,さいとう あつこ,斉藤,敦子,さいとう,あつこ,53,無所,NA,新,0,0,0,0,24072,12.3
群馬,1,群馬1区,宮崎 岳志,みやざき たけし,宮崎,岳志,みやざき,たけし,51,維新,NA,元,2,1,0,0,42529,21.72
群馬,1,群馬1区,店橋 世津子,たなはし せつこ,店橋,世津子,たなはし,せつこ,60,共産,NA,新,0,0,0,0,18917,9.66
群馬,2,群馬2区,堀越 啓仁,ほりこし けいにん,堀越,啓仁,ほりこし,けいにん,41,立憲,NA,前,1,1,0,0,50325,30.62
群馬,2,群馬2区,石関 貴史,いしぜき たかし,石関,貴史,いしぜき,たかし,49,無所,NA,元,4,0,0,0,25216,15.34
群馬,2,群馬2区,井野 俊郎,いの としろう,井野,俊郎,いの,としろう,41,自民,公明,前,3,1,1,0,88799,54.03
群馬,3,群馬3区,説田 健二,せった けんじ,説田,健二,せった,けんじ,50,Ｎ党,NA,新,0,0,0,0,3737,2.37
群馬,3,群馬3区,笹川 博義,ささがわ ひろよし,笹川,博義,ささがわ,ひろよし,55,自民,公明,前,3,1,1,0,86021,54.63
群馬,3,群馬3区,長谷川 嘉一,はせがわ かいち,長谷川,嘉一,はせがわ,かいち,68,立憲,NA,前,1,1,0,0,67689,42.99
群馬,4,群馬4区,角倉 邦良,かどくら くによし,角倉,邦良,かどくら,くによし,61,立憲,NA,新,0,1,0,0,56682,34.98
群馬,4,群馬4区,福田 達夫,ふくだ たつお,福田,達夫,ふくだ,たつお,54,自民,公明,前,3,1,1,0,105359,65.02
群馬,5,群馬5区,伊藤 達也,いとう たつや,伊藤,達也,いとう,たつや,38,共産,NA,新,0,0,0,0,38428,23.41
群馬,5,群馬5区,小渕 優子,おぶち ゆうこ,小渕,優子,おぶち,ゆうこ,47,自民,公明,前,7,1,1,0,125702,76.59
埼玉,1,埼玉1区,吉村 豪介,よしむら ごうすけ,吉村,豪介,よしむら,ごうすけ,40,維新,NA,新,0,1,0,0,23670,9.32
埼玉,1,埼玉1区,中島 徳二,なかじま とくじ,中島,徳二,なかじま,とくじ,62,無所,NA,新,0,0,0,0,1234,0.49
埼玉,1,埼玉1区,武正 公一,たけまさ こういち,武正,公一,たけまさ,こういち,60,立憲,NA,元,6,1,0,0,96690,38.07
埼玉,1,埼玉1区,佐藤 真実,さとう まなみ,佐藤,真実,さとう,まなみ,37,無所,NA,新,0,0,0,0,11540,4.54
埼玉,1,埼玉1区,村井 英樹,むらい ひでき,村井,英樹,むらい,ひでき,41,自民,公明,前,3,1,1,0,120856,47.58
埼玉,2,埼玉2区,新藤 義孝,しんどう よしたか,新藤,義孝,しんどう,よしたか,63,自民,公明,前,7,1,1,0,121543,52.78
埼玉,2,埼玉2区,高橋 英明,たかはし ひであき,高橋,英明,たかはし,ひであき,58,維新,NA,新,0,1,0,1,57327,24.89
埼玉,2,埼玉2区,奥田 智子,おくだ ともこ,奥田,智子,おくだ,ともこ,52,共産,NA,新,0,0,0,0,51420,22.33
埼玉,3,埼玉3区,黄川田 仁志,きかわだ ひとし,黄川田,仁志,きかわだ,ひとし,51,自民,公明,前,3,1,1,0,125500,53.63
埼玉,3,埼玉3区,山川 百合子,やまかわ ゆりこ,山川,百合子,やまかわ,ゆりこ,52,立憲,NA,前,1,1,0,0,100963,43.15
埼玉,3,埼玉3区,河合 悠祐,かわい ゆうすけ,河合,悠祐,かわい,ゆうすけ,40,Ｎ党,NA,新,0,0,0,0,7534,3.22
埼玉,4,埼玉4区,遠藤 宣彦,えんどう のぶひこ,遠藤,宣彦,えんどう,のぶひこ,58,無所,NA,元,1,0,0,0,11733,5.72
埼玉,4,埼玉4区,工藤 薫,くどう かおる,工藤,薫,くどう,かおる,71,共産,NA,新,0,0,0,0,34897,17.02
埼玉,4,埼玉4区,穂坂 泰,ほさか やすし,穂坂,泰,ほさか,やすし,47,自民,公明,前,1,1,1,0,107135,52.26
埼玉,4,埼玉4区,浅野 克彦,あさの かつひこ,浅野,克彦,あさの,かつひこ,47,国民,NA,新,0,1,0,0,47863,23.35
埼玉,4,埼玉4区,小笠原 洋輝,おがさわら ひろき,小笠原,洋輝,おがさわら,ひろき,37,無所,NA,新,0,0,0,0,3358,1.64
埼玉,5,埼玉5区,枝野 幸男,えだの ゆきお,枝野,幸男,えだの,ゆきお,57,立憲,NA,前,9,1,1,0,113615,51.38
埼玉,5,埼玉5区,牧原 秀樹,まきはら ひでき,牧原,秀樹,まきはら,ひでき,50,自民,公明,前,4,1,0,1,107532,48.62
埼玉,6,埼玉6区,大島 敦,おおしま あつし,大島,敦,おおしま,あつし,64,立憲,NA,前,7,1,1,0,134281,56.02
埼玉,6,埼玉6区,中根 一幸,なかね かずゆき,中根,一幸,なかね,かずゆき,52,自民,公明,前,4,1,0,1,105433,43.98
埼玉,7,埼玉7区,小宮山 泰子,こみやま やすこ,小宮山,泰子,こみやま,やすこ,56,立憲,NA,前,6,1,0,1,93419,41.73
埼玉,7,埼玉7区,伊勢田 享子,いせだ みちこ,伊勢田,享子,いせだ,みちこ,44,維新,NA,新,0,1,0,0,31475,14.06
埼玉,7,埼玉7区,中野 英幸,なかの ひでゆき,中野,英幸,なかの,ひでゆき,60,自民,公明,新,0,1,1,0,98958,44.21
埼玉,8,埼玉8区,柴山 昌彦,しばやま まさひこ,柴山,昌彦,しばやま,まさひこ,55,自民,公明,前,6,1,1,0,104650,51.61
埼玉,8,埼玉8区,小野塚 勝俊,おのづか まさとし,小野塚,勝俊,おのづか,まさとし,49,無所,NA,元,1,0,0,0,98102,48.39
埼玉,9,埼玉9区,神田 三春,かんだ みはる,神田,三春,かんだ,みはる,67,共産,NA,新,0,0,0,0,21464,9.79
埼玉,9,埼玉9区,大塚 拓,おおつか たく,大塚,拓,おおつか,たく,48,自民,公明,前,4,1,1,0,117002,53.37
埼玉,9,埼玉9区,杉村 慎治,すぎむら しんじ,杉村,慎治,すぎむら,しんじ,45,立憲,NA,新,0,1,0,0,80756,36.84
埼玉,10,埼玉10区,坂本 祐之輔,さかもと ゆうのすけ,坂本,祐之輔,さかもと,ゆうのすけ,66,立憲,NA,元,2,1,0,1,90214,48.41
埼玉,10,埼玉10区,山口 晋,やまぐち すすむ,山口,晋,やまぐち,すすむ,38,自民,公明,新,0,1,1,0,96153,51.59
埼玉,11,埼玉11区,小泉 龍司,こいずみ りゅうじ,小泉,龍司,こいずみ,りゅうじ,69,自民,公明,前,6,1,1,0,111810,61.94
埼玉,11,埼玉11区,島田 誠,しまだ まこと,島田,誠,しまだ,まこと,63,立憲,NA,新,0,1,0,0,49094,27.2
埼玉,11,埼玉11区,小山 森也,こやま しんや,小山,森也,こやま,しんや,30,共産,NA,新,0,0,0,0,19619,10.87
埼玉,12,埼玉12区,森田 俊和,もりた としかず,森田,俊和,もりた,としかず,47,立憲,NA,前,1,1,1,0,102627,51.03
埼玉,12,埼玉12区,野中 厚,のなか あつし,野中,厚,のなか,あつし,44,自民,公明,前,3,1,0,1,98493,48.97
埼玉,13,埼玉13区,赤岸 雅治,あかぎし まさはる,赤岸,雅治,あかぎし,まさはる,60,共産,NA,新,0,0,0,0,16622,8.12
埼玉,13,埼玉13区,土屋 品子,つちや しなこ,土屋,品子,つちや,しなこ,69,自民,公明,前,7,1,1,0,101149,49.41
埼玉,13,埼玉13区,三角 創太,みすみ そうた,三角,創太,みすみ,そうた,33,立憲,NA,新,0,1,0,0,86923,42.46
埼玉,14,埼玉14区,三ツ林 裕巳,みつばやし ひろみ,三ツ林,裕巳,みつばやし,ひろみ,66,自民,公明,前,3,1,1,0,111262,51.56
埼玉,14,埼玉14区,鈴木 義弘,すずき よしひろ,鈴木,義弘,すずき,よしひろ,58,国民,NA,元,2,1,0,1,71460,33.12
埼玉,14,埼玉14区,田村 勉,たむら つとむ,田村,勉,たむら,つとむ,73,共産,NA,新,0,0,0,0,33062,15.32
埼玉,15,埼玉15区,田中 良生,たなか りょうせい,田中,良生,たなか,りょうせい,57,自民,公明,前,4,1,1,0,102023,45.87
埼玉,15,埼玉15区,高木 錬太郎,たかぎ れんたろう,高木,錬太郎,たかぎ,れんたろう,49,立憲,NA,前,1,1,0,0,71958,32.35
埼玉,15,埼玉15区,沢田 良,さわだ りょう,沢田,良,さわだ,りょう,42,維新,NA,新,0,1,0,1,48434,21.78
千葉,1,千葉1区,田嶋 要,たじま かなめ,田嶋,要,たじま,かなめ,60,立憲,NA,前,6,1,1,0,128556,56.27
千葉,1,千葉1区,門山 宏哲,かどやま ひろあき,門山,宏哲,かどやま,ひろあき,57,自民,公明,前,3,1,0,1,99895,43.73
千葉,2,千葉2区,寺尾 賢,てらお さとし,寺尾,賢,てらお,さとし,45,共産,NA,新,0,1,0,0,24052,9.75
千葉,2,千葉2区,小林 鷹之,こばやし たかゆき,小林,鷹之,こばやし,たかゆき,46,自民,公明,前,3,1,1,0,153017,62.04
千葉,2,千葉2区,黒田 雄,くろだ ゆう,黒田,雄,くろだ,ゆう,62,立憲,NA,元,1,1,0,0,69583,28.21
千葉,3,千葉3区,松野 博一,まつの ひろかず,松野,博一,まつの,ひろかず,59,自民,公明,前,7,1,1,0,106500,61.87
千葉,3,千葉3区,岡島 一正,おかじま かずまさ,岡島,一正,おかじま,かずまさ,63,立憲,NA,前,3,1,0,0,65627,38.13
千葉,4,千葉4区,木村 哲也,きむら てつや,木村,哲也,きむら,てつや,52,自民,公明,前,1,1,0,0,84813,35.45
千葉,4,千葉4区,野田 佳彦,のだ よしひこ,野田,佳彦,のだ,よしひこ,64,立憲,NA,前,8,1,1,0,154412,64.55
千葉,5,千葉5区,矢崎 堅太郎,やざき けんたろう,矢崎,堅太郎,やざき,けんたろう,54,立憲,NA,新,0,1,0,0,69887,29.31
千葉,5,千葉5区,鴇田 敦,ときた あつし,鴇田,敦,ときた,あつし,55,国民,NA,新,0,1,0,0,24307,10.19
千葉,5,千葉5区,椎木 保,しいき たもつ,椎木,保,しいき,たもつ,55,維新,NA,元,2,1,0,0,32241,13.52
千葉,5,千葉5区,薗浦 健太郎,そのうら けんたろう,薗浦,健太郎,そのうら,けんたろう,49,自民,公明,前,4,1,1,0,111985,46.97
千葉,6,千葉6区,藤巻 健太,ふじまき けんた,藤巻,健太,ふじまき,けんた,38,維新,NA,新,0,1,0,1,48829,25.68
千葉,6,千葉6区,渡辺 博道,わたなべ ひろみち,渡辺,博道,わたなべ,ひろみち,71,自民,公明,前,7,1,1,0,80764,42.48
千葉,6,千葉6区,浅野 史子,あさの ふみこ,浅野,史子,あさの,ふみこ,51,共産,NA,新,0,0,0,0,32444,17.07
千葉,6,千葉6区,生方 幸夫,うぶかた ゆきお,生方,幸夫,うぶかた,ゆきお,74,無所,NA,前,6,0,0,0,28083,14.77
千葉,7,千葉7区,内山 晃,うちやま あきら,内山,晃,うちやま,あきら,67,維新,NA,元,3,1,0,0,28594,12.33
千葉,7,千葉7区,斎藤 健,さいとう けん,斎藤,健,さいとう,けん,62,自民,公明,前,4,1,1,0,127548,54.99
千葉,7,千葉7区,竹内 千春,たけうち ちはる,竹内,千春,たけうち,ちはる,53,立憲,NA,新,0,1,0,0,71048,30.63
千葉,7,千葉7区,渡辺 晋宏,わたなべ くにひろ,渡辺,晋宏,わたなべ,くにひろ,36,Ｎ党,NA,新,0,0,0,0,4749,2.05
千葉,8,千葉8区,本庄 知史,ほんじょう さとし,本庄,知史,ほんじょう,さとし,47,立憲,NA,新,0,1,1,0,135125,59.65
千葉,8,千葉8区,桜田 義孝,さくらだ よしたか,桜田,義孝,さくらだ,よしたか,71,自民,公明,前,7,1,0,1,81556,36
千葉,8,千葉8区,宮岡 進一郎,みやおか しんいちろう,宮岡,進一郎,みやおか,しんいちろう,80,無所,NA,新,0,0,0,0,9845,4.35
千葉,9,千葉9区,奥野 総一郎,おくの そういちろう,奥野,総一郎,おくの,そういちろう,57,立憲,NA,前,4,1,1,0,107322,51.09
千葉,9,千葉9区,秋本 真利,あきもと まさとし,秋本,真利,あきもと,まさとし,46,自民,公明,前,3,1,0,1,102741,48.91
千葉,10,千葉10区,今留 尚人,いまどめ なおと,今留,尚人,いまどめ,なおと,56,無所,NA,新,0,0,0,0,2173,1.23
千葉,10,千葉10区,梓 まり,あずさ まり,梓,まり,あずさ,まり,50,諸派,NA,新,0,0,0,0,10272,5.8
千葉,10,千葉10区,谷田川 元,やたがわ はじめ,谷田川,元,やたがわ,はじめ,58,立憲,NA,前,2,1,0,1,80971,45.68
千葉,10,千葉10区,林 幹雄,はやし もとお,林,幹雄,はやし,もとお,74,自民,公明,前,9,0,1,0,83822,47.29
千葉,11,千葉11区,多ケ谷 亮,たがや りょう,多ケ谷,亮,たがや,りょう,52,れい,NA,新,0,1,0,1,30432,17.74
千葉,11,千葉11区,森 英介,もり えいすけ,森,英介,もり,えいすけ,73,自民,公明,前,10,0,1,0,110538,64.44
千葉,11,千葉11区,椎名 史明,しいな ふみあき,椎名,史明,しいな,ふみあき,64,共産,NA,新,0,0,0,0,30557,17.81
千葉,12,千葉12区,葛原 茂,くずはら しげる,葛原,茂,くずはら,しげる,70,共産,NA,新,0,0,0,0,12530,6.51
千葉,12,千葉12区,浜田 靖一,はまだ やすかず,浜田,靖一,はまだ,やすかず,66,自民,公明,前,9,1,1,0,123210,64.01
千葉,12,千葉12区,樋高 剛,ひだか たけし,樋高,剛,ひだか,たけし,55,立憲,NA,元,3,1,0,0,56747,29.48
千葉,13,千葉13区,宮川 伸,みやかわ しん,宮川,伸,みやかわ,しん,51,立憲,NA,前,1,1,0,0,79687,35.83
千葉,13,千葉13区,松本 尚,まつもと ひさし,松本,尚,まつもと,ひさし,59,自民,公明,新,0,1,1,0,100227,45.07
千葉,13,千葉13区,清水 聖士,しみず きよし,清水,聖士,しみず,きよし,60,維新,NA,新,0,1,0,0,42473,19.1
東京,1,東京1区,海江田 万里,かいえだ ばんり,海江田,万里,かいえだ,ばんり,72,立憲,NA,前,7,1,0,1,90043,35.43
東京,1,東京1区,小野 泰輔,おの たいすけ,小野,泰輔,おの,たいすけ,47,維新,NA,新,0,1,0,1,60230,23.7
東京,1,東京1区,山田 美樹,やまだ みき,山田,美樹,やまだ,みき,47,自民,公明,前,3,1,1,0,99133,39.01
東京,1,東京1区,内藤 久遠,ないとう ひさお,内藤,久遠,ないとう,ひさお,64,無所,NA,新,0,0,0,0,4715,1.86
東京,2,東京2区,木内 孝胤,きうち たかたね,木内,孝胤,きうち,たかたね,55,維新,NA,元,2,1,0,0,45754,16.66
東京,2,東京2区,松尾 明弘,まつお あきひろ,松尾,明弘,まつお,あきひろ,46,立憲,NA,前,1,1,0,0,90422,32.93
東京,2,東京2区,辻 清人,つじ きよと,辻,清人,つじ,きよと,42,自民,公明,前,3,1,1,0,119281,43.44
東京,2,東京2区,北村 造,きたむら いたる,北村,造,きたむら,いたる,38,れい,NA,新,0,1,0,0,14487,5.28
東京,2,東京2区,出口 紳一郎,でぐち しんいちろう,出口,紳一郎,でぐち,しんいちろう,48,無所,NA,新,0,0,0,0,4659,1.7
東京,3,東京3区,香西 克介,こうざい かつすけ,香西,克介,こうざい,かつすけ,45,共産,NA,新,0,0,0,0,30648,11.25
東京,3,東京3区,松原 仁,まつばら じん,松原,仁,まつばら,じん,65,立憲,NA,前,7,1,1,0,124961,45.88
東京,3,東京3区,石原 宏高,いしはら ひろたか,石原,宏高,いしはら,ひろたか,57,自民,公明,前,4,1,0,1,116753,42.87
東京,4,東京4区,林 智興,はやし ともおき,林,智興,はやし,ともおき,45,維新,NA,新,0,1,0,0,58891,23.57
東京,4,東京4区,平 将明,たいら まさあき,平,将明,たいら,まさあき,54,自民,公明,前,5,1,1,0,128708,51.51
東京,4,東京4区,谷川 智行,たにがわ ともゆき,谷川,智行,たにがわ,ともゆき,50,共産,NA,新,0,1,0,0,62286,24.93
東京,5,東京5区,手塚 仁雄,てづか よしお,手塚,仁雄,てづか,よしお,55,立憲,れいわ,前,4,1,1,0,111246,40.98
東京,5,東京5区,若宮 健嗣,わかみや けんじ,若宮,健嗣,わかみや,けんじ,60,自民,公明,前,4,1,0,1,105842,38.99
東京,5,東京5区,田淵 正文,たぶち まさふみ,田淵,正文,たぶち,まさふみ,63,維新,NA,新,0,1,0,0,54363,20.03
東京,6,東京6区,越智 隆雄,おち たかお,越智,隆雄,おち,たかお,57,自民,公明,前,4,1,0,1,105186,38.27
東京,6,東京6区,碓井 梨恵,うすい りえ,碓井,梨恵,うすい,りえ,36,維新,NA,新,0,1,0,0,59490,21.64
東京,6,東京6区,落合 貴之,おちあい たかゆき,落合,貴之,おちあい,たかゆき,42,立憲,れいわ,前,2,1,1,0,110169,40.08
東京,7,東京7区,辻 健太郎,つじ けんたろう,辻,健太郎,つじ,けんたろう,35,維新,NA,新,0,1,0,0,37781,14.94
東京,7,東京7区,松本 文明,まつもと ふみあき,松本,文明,まつもと,ふみあき,72,自民,公明,前,4,1,0,0,81087,32.06
東京,7,東京7区,長妻 昭,ながつま あきら,長妻,昭,ながつま,あきら,61,立憲,NA,前,7,1,1,0,124541,49.25
東京,7,東京7区,猪野 恵司,いの けいじ,猪野,恵司,いの,けいじ,38,Ｎ党,NA,新,0,0,0,0,3822,1.51
東京,7,東京7区,込山 洋,こみやま ひろし,込山,洋,こみやま,ひろし,47,無所,NA,新,0,0,0,0,5665,2.24
東京,8,東京8区,石原 伸晃,いしはら のぶてる,石原,伸晃,いしはら,のぶてる,64,自民,NA,前,10,1,0,0,105381,37.17
東京,8,東京8区,吉田 晴美,よしだ はるみ,吉田,晴美,よしだ,はるみ,49,立憲,れいわ,新,0,1,1,0,137341,48.45
東京,8,東京8区,笠谷 圭司,かさたに けいじ,笠谷,圭司,かさたに,けいじ,41,維新,NA,新,0,1,0,0,40763,14.38
東京,9,東京9区,山岸 一生,やまぎし いっせい,山岸,一生,やまぎし,いっせい,40,立憲,NA,新,0,1,1,0,109489,40.9
東京,9,東京9区,安藤 高夫,あんどう たかお,安藤,高夫,あんどう,たかお,62,自民,公明,前,1,1,0,0,95284,35.59
東京,9,東京9区,小林 興起,こばやし こうき,小林,興起,こばやし,こうき,77,諸派,NA,元,5,0,0,0,15091,5.64
東京,9,東京9区,南 純,みなみ じゅん,南,純,みなみ,じゅん,38,維新,NA,新,0,1,0,0,47842,17.87
東京,10,東京10区,鈴木 庸介,すずき ようすけ,鈴木,庸介,すずき,ようすけ,45,立憲,れいわ,新,0,1,0,1,107920,41.06
東京,10,東京10区,鈴木 隼人,すずき はやと,鈴木,隼人,すずき,はやと,44,自民,公明,前,2,1,1,0,115122,43.8
東京,10,東京10区,小山 徹,こやま とおる,小山,徹,こやま,とおる,46,無所,NA,新,0,0,0,0,4684,1.78
東京,10,東京10区,藤川 隆史,ふじかわ たかし,藤川,隆史,ふじかわ,たかし,65,維新,NA,新,0,1,0,0,30574,11.63
東京,10,東京10区,沢口 祐司,さわぐち ゆうじ,沢口,祐司,さわぐち,ゆうじ,67,諸派,NA,新,0,0,0,0,4552,1.73
東京,11,東京11区,下村 博文,しもむら はくぶん,下村,博文,しもむら,はくぶん,67,自民,公明,前,8,1,1,0,122465,49.98
東京,11,東京11区,桑島 康文,くわじま やすふみ,桑島,康文,くわじま,やすふみ,60,無所,NA,新,0,0,0,0,5639,2.3
東京,11,東京11区,西之原 修斗,にしのはら しゅうと,西之原,修斗,にしのはら,しゅうと,27,共産,NA,新,0,0,0,0,29304,11.96
東京,11,東京11区,阿久津 幸彦,あくつ ゆきひこ,阿久津,幸彦,あくつ,ゆきひこ,65,立憲,NA,前,4,1,0,0,87635,35.76
東京,12,東京12区,岡本 三成,おかもと みつなり,岡本,三成,おかもと,みつなり,56,公明,自民,前,3,0,1,0,101020,39.88
東京,12,東京12区,阿部 司,あべ つかさ,阿部,司,あべ,つかさ,39,維新,NA,新,0,1,0,1,80323,31.71
東京,12,東京12区,池内 沙織,いけうち さおり,池内,沙織,いけうち,さおり,39,共産,れいわ,元,1,1,0,0,71948,28.41
東京,13,東京13区,土田 慎,つちだ しん,土田,慎,つちだ,しん,31,自民,公明,新,0,1,1,0,115669,49.31
東京,13,東京13区,沢田 真吾,さわだ しんご,沢田,真吾,さわだ,しんご,36,共産,NA,新,0,0,0,0,30204,12.88
東京,13,東京13区,渡辺 秀高,わたなべ ひでたか,渡辺,秀高,わたなべ,ひでたか,50,無所,NA,新,0,0,0,0,5985,2.55
東京,13,東京13区,北條 智彦,きたじょう ともひこ,北條,智彦,きたじょう,ともひこ,38,立憲,NA,新,0,1,0,0,78665,33.54
東京,13,東京13区,橋本 孫美,はしもと まごみ,橋本,孫美,はしもと,まごみ,44,無所,NA,新,0,0,0,0,4039,1.72
東京,14,東京14区,大塚 紀久雄,おおつか きくお,大塚,紀久雄,おおつか,きくお,80,無所,NA,新,0,0,0,0,2772,1.1
東京,14,東京14区,松島 みどり,まつしま みどり,松島,みどり,まつしま,みどり,65,自民,公明,前,6,1,1,0,108681,43.28
東京,14,東京14区,竹本 秀之,たけもと ひでゆき,竹本,秀之,たけもと,ひでゆき,65,無所,NA,新,0,0,0,0,3364,1.34
東京,14,東京14区,西村 恵美,にしむら えみ,西村,恵美,にしむら,えみ,58,維新,NA,新,0,1,0,0,49517,19.72
東京,14,東京14区,木村 剛司,きむら たけつか,木村,剛司,きむら,たけつか,50,立憲,NA,元,1,1,0,0,80932,32.23
東京,14,東京14区,梁本 和則,やなもと かずのり,梁本,和則,やなもと,かずのり,58,無所,NA,新,0,0,0,0,5845,2.33
東京,15,東京15区,桜井 誠,さくらい まこと,桜井,誠,さくらい,まこと,49,諸派,NA,新,0,0,0,0,9449,3.96
東京,15,東京15区,井戸 まさえ,いど まさえ,井戸,まさえ,いど,まさえ,55,立憲,NA,元,1,1,0,0,58978,24.75
東京,15,東京15区,柿沢 未途,かきざわ みと,柿沢,未途,かきざわ,みと,50,無所,自民,前,4,0,1,0,76261,32
東京,15,東京15区,猪野 隆,いの たかし,猪野,隆,いの,たかし,56,無所,NA,新,0,0,0,0,17514,7.35
東京,15,東京15区,今村 洋史,いまむら ひろふみ,今村,洋史,いまむら,ひろふみ,59,無所,自民,元,1,0,0,0,26628,11.17
東京,15,東京15区,金沢 結衣,かなざわ ゆい,金沢,結衣,かなざわ,ゆい,31,維新,NA,新,0,1,0,0,44882,18.83
東京,15,東京15区,吉田 浩司,よしだ こうじ,吉田,浩司,よしだ,こうじ,61,無所,NA,新,0,0,0,0,4608,1.93
東京,16,東京16区,水野 素子,みずの もとこ,水野,素子,みずの,もとこ,51,立憲,NA,新,0,1,0,0,68397,29.8
東京,16,東京16区,中津川 博郷,なかつがわ ひろさと,中津川,博郷,なかつがわ,ひろさと,72,維新,NA,元,3,1,0,0,39290,17.12
東京,16,東京16区,太田 彩花,おおた あやか,太田,彩花,おおた,あやか,26,共産,NA,新,0,0,0,0,26819,11.68
東京,16,東京16区,大西 英男,おおにし ひでお,大西,英男,おおにし,ひでお,75,自民,公明,前,3,0,1,0,88758,38.67
東京,16,東京16区,田中 健,たなか けん,田中,健,たなか,けん,55,Ｎ党,NA,新,0,1,0,0,6264,2.73
東京,17,東京17区,猪口 幸子,いのくち さちこ,猪口,幸子,いのくち,さちこ,65,維新,NA,新,0,1,0,0,52260,21.95
東京,17,東京17区,新井 杉生,あらい すぎお,新井,杉生,あらい,すぎお,62,共産,NA,新,0,0,0,0,36309,15.25
東京,17,東京17区,平沢 勝栄,ひらさわ かつえい,平沢,勝栄,ひらさわ,かつえい,76,自民,NA,前,8,0,1,0,119384,50.15
東京,17,東京17区,円 より子,まどか よりこ,円,より子,まどか,よりこ,74,国民,NA,新,0,1,0,0,30103,12.65
東京,18,東京18区,長島 昭久,ながしま あきひさ,長島,昭久,ながしま,あきひさ,59,自民,公明,前,6,1,0,1,115881,44.72
東京,18,東京18区,子安 正美,こやす まさみ,子安,正美,こやす,まさみ,71,無所,NA,新,0,0,0,0,21151,8.16
東京,18,東京18区,菅 直人,かん なおと,菅,直人,かん,なおと,75,立憲,NA,前,13,1,1,0,122091,47.12
東京,19,東京19区,末松 義規,すえまつ よしのり,末松,義規,すえまつ,よしのり,64,立憲,NA,前,6,1,1,0,111267,43.03
東京,19,東京19区,松本 洋平,まつもと ようへい,松本,洋平,まつもと,ようへい,48,自民,公明,前,4,1,0,1,109131,42.2
東京,19,東京19区,山崎 英昭,やまざき ひであき,山崎,英昭,やまざき,ひであき,48,維新,NA,新,0,1,0,0,38182,14.77
東京,20,東京20区,前田 順一郎,まえだ じゅんいちろう,前田,順一郎,まえだ,じゅんいちろう,46,維新,NA,新,0,1,0,0,43089,18.64
東京,20,東京20区,宮本 徹,みやもと とおる,宮本,徹,みやもと,とおる,49,共産,NA,前,2,1,0,1,66516,28.77
東京,20,東京20区,木原 誠二,きはら せいじ,木原,誠二,きはら,せいじ,51,自民,公明,前,4,1,1,0,121621,52.6
東京,21,東京21区,竹田 光明,たけだ みつあき,竹田,光明,たけだ,みつあき,66,維新,NA,元,1,1,0,0,35527,14.38
東京,21,東京21区,大河原 雅子,おおかわら まさこ,大河原,雅子,おおかわら,まさこ,68,立憲,NA,前,1,1,0,1,99090,40.11
東京,21,東京21区,小田原 潔,おだわら きよし,小田原,潔,おだわら,きよし,57,自民,公明,前,3,1,1,0,112433,45.51
東京,22,東京22区,伊藤 達也,いとう たつや,伊藤,達也,いとう,たつや,60,自民,公明,前,8,1,1,0,131351,46.87
東京,22,東京22区,長谷川 洋平,はせがわ ようへい,長谷川,洋平,はせがわ,ようへい,44,Ｎ党,NA,新,0,0,0,0,4535,1.62
東京,22,東京22区,櫛渕 万里,くしぶち まり,櫛渕,万里,くしぶち,まり,54,れい,NA,元,1,1,0,0,31981,11.41
東京,22,東京22区,山花 郁夫,やまはな いくお,山花,郁夫,やまはな,いくお,54,立憲,NA,前,4,1,0,0,112393,40.1
東京,23,東京23区,小倉 将信,おぐら まさのぶ,小倉,将信,おぐら,まさのぶ,40,自民,公明,前,3,1,1,0,133206,51.25
東京,23,東京23区,伊藤 俊輔,いとう しゅんすけ,伊藤,俊輔,いとう,しゅんすけ,42,立憲,れいわ,前,1,1,0,1,126732,48.75
東京,24,東京24区,佐藤 由美,さとう ゆみ,佐藤,由美,さとう,ゆみ,49,国民,NA,新,0,1,0,0,44546,17.49
東京,24,東京24区,吉川 穂香,よしかわ ほのか,吉川,穂香,よしかわ,ほのか,26,共産,NA,新,0,0,0,0,44474,17.46
東京,24,東京24区,朝倉 玲子,あさくら れいこ,朝倉,玲子,あさくら,れいこ,62,社民,NA,新,0,1,0,0,16590,6.51
東京,24,東京24区,萩生田 光一,はぎうだ こういち,萩生田,光一,はぎうだ,こういち,58,自民,公明,前,5,1,1,0,149152,58.55
東京,25,東京25区,島田 幸成,しまだ ゆきなり,島田,幸成,しまだ,ゆきなり,53,立憲,NA,新,0,1,0,0,89991,40.64
東京,25,東京25区,井上 信治,いのうえ しんじ,井上,信治,いのうえ,しんじ,52,自民,公明,前,6,1,1,0,131430,59.36
神奈川,1,神奈川1区,浅川 義治,あさかわ よしはる,浅川,義治,あさかわ,よしはる,53,維新,NA,新,0,1,0,1,46271,20.8
神奈川,1,神奈川1区,松本 純,まつもと じゅん,松本,純,まつもと,じゅん,71,無所,NA,前,7,0,0,0,76064,34.19
神奈川,1,神奈川1区,篠原 豪,しのはら ごう,篠原,豪,しのはら,ごう,46,立憲,NA,前,2,1,1,0,100118,45.01
神奈川,2,神奈川2区,岡本 英子,おかもと えいこ,岡本,英子,おかもと,えいこ,57,立憲,NA,元,1,1,0,0,92880,38.85
神奈川,2,神奈川2区,菅 義偉,すが よしひで,菅,義偉,すが,よしひで,72,自民,公明,前,8,1,1,0,146166,61.15
神奈川,3,神奈川3区,中西 健治,なかにし けんじ,中西,健治,なかにし,けんじ,57,自民,公明,新,0,1,1,0,119199,52.54
神奈川,3,神奈川3区,小林 丈人,こばやし たけと,小林,丈人,こばやし,たけと,50,立憲,NA,新,0,1,0,0,68457,30.17
神奈川,3,神奈川3区,藤村 晃子,ふじむら あきこ,藤村,晃子,ふじむら,あきこ,48,無所,NA,新,0,0,0,0,15908,7.01
神奈川,3,神奈川3区,木佐木 忠晶,きさき ただまさ,木佐木,忠晶,きさき,ただまさ,37,共産,NA,新,0,0,0,0,23310,10.27
神奈川,4,神奈川4区,山本 朋広,やまもと ともひろ,山本,朋広,やまもと,ともひろ,46,自民,公明,前,4,1,0,1,47511,23.48
神奈川,4,神奈川4区,浅尾 慶一郎,あさお けいいちろう,浅尾,慶一郎,あさお,けいいちろう,57,無所,NA,元,3,0,0,0,63687,31.47
神奈川,4,神奈川4区,早稲田 夕季,わせだ ゆき,早稲田,夕季,わせだ,ゆき,62,立憲,NA,前,1,1,1,0,66841,33.03
神奈川,4,神奈川4区,大西 恒樹,おおにし つねき,大西,恒樹,おおにし,つねき,57,無所,NA,新,0,0,0,0,7790,3.85
神奈川,4,神奈川4区,高谷 清彦,たかや あきひこ,高谷,清彦,たかや,あきひこ,42,維新,NA,新,0,1,0,0,16559,8.18
神奈川,5,神奈川5区,山崎 誠,やまざき まこと,山崎,誠,やまざき,まこと,58,立憲,NA,前,2,1,0,1,118619,46.53
神奈川,5,神奈川5区,坂井 学,さかい まなぶ,坂井,学,さかい,まなぶ,56,自民,公明,前,4,1,1,0,136288,53.47
神奈川,6,神奈川6区,串田 誠一,くしだ せいいち,串田,誠一,くしだ,せいいち,63,維新,NA,前,1,1,0,0,28214,13.53
神奈川,6,神奈川6区,青柳 陽一郎,あおやぎ よういちろう,青柳,陽一郎,あおやぎ,よういちろう,52,立憲,れいわ,前,3,1,0,1,87880,42.15
神奈川,6,神奈川6区,古川 直季,ふるかわ なおき,古川,直季,ふるかわ,なおき,53,自民,公明,新,0,1,1,0,92405,44.32
神奈川,7,神奈川7区,中谷 一馬,なかたに かずま,中谷,一馬,なかたに,かずま,38,立憲,れいわ,前,1,1,0,1,124524,49.14
神奈川,7,神奈川7区,鈴木 馨祐,すずき けいすけ,鈴木,馨祐,すずき,けいすけ,44,自民,公明,前,4,1,1,0,128870,50.86
神奈川,8,神奈川8区,三谷 英弘,みたに ひでひろ,三谷,英弘,みたに,ひでひろ,45,自民,公明,前,2,1,0,1,117963,47.4
神奈川,8,神奈川8区,江田 憲司,えだ けんじ,江田,憲司,えだ,けんじ,65,立憲,NA,前,6,1,1,0,130925,52.6
神奈川,9,神奈川9区,斉藤 温,さいとう のどか,斉藤,温,さいとう,のどか,30,共産,NA,新,0,0,0,0,20432,10.33
神奈川,9,神奈川9区,中山 展宏,なかやま のりひろ,中山,展宏,なかやま,のりひろ,53,自民,公明,前,3,1,0,1,68918,34.85
神奈川,9,神奈川9区,笠 浩史,りゅう ひろふみ,笠,浩史,りゅう,ひろふみ,56,立憲,NA,前,6,1,1,0,83847,42.4
神奈川,9,神奈川9区,吉田 大成,よしだ たいせい,吉田,大成,よしだ,たいせい,51,維新,NA,新,0,1,0,0,24547,12.41
神奈川,10,神奈川10区,鈴木 敦,すずき あつし,鈴木,敦,すずき,あつし,32,国民,NA,新,0,1,0,1,30013,11.85
神奈川,10,神奈川10区,田中 和徳,たなか かずのり,田中,和徳,たなか,かずのり,72,自民,公明,前,8,1,1,0,104832,41.39
神奈川,10,神奈川10区,畑野 君枝,はたの きみえ,畑野,君枝,はたの,きみえ,64,共産,NA,前,2,1,0,0,48839,19.28
神奈川,10,神奈川10区,金村 龍那,かねむら りゅうな,金村,龍那,かねむら,りゅうな,42,維新,NA,新,0,1,0,1,69594,27.48
神奈川,11,神奈川11区,林 伸明,はやし のぶあき,林,伸明,はやし,のぶあき,55,共産,NA,新,0,0,0,0,38843,20.83
神奈川,11,神奈川11区,小泉 進次郎,こいずみ しんじろう,小泉,進次郎,こいずみ,しんじろう,40,自民,NA,前,4,0,1,0,147634,79.17
神奈川,12,神奈川12区,星野 剛士,ほしの つよし,星野,剛士,ほしの,つよし,58,自民,公明,前,3,1,0,1,91159,40.71
神奈川,12,神奈川12区,阿部 知子,あべ ともこ,阿部,知子,あべ,ともこ,73,立憲,NA,前,7,1,1,0,95013,42.43
神奈川,12,神奈川12区,水戸 将史,みと まさし,水戸,将史,みと,まさし,59,維新,NA,元,1,1,0,0,37753,16.86
神奈川,13,神奈川13区,太 栄志,ふとり ひでし,太,栄志,ふとり,ひでし,44,立憲,NA,新,0,1,1,0,130124,51.09
神奈川,13,神奈川13区,甘利 明,あまり あきら,甘利,明,あまり,あきら,72,自民,公明,前,12,1,0,1,124595,48.91
神奈川,14,神奈川14区,長友 克洋,ながとも よしひろ,長友,克洋,ながとも,よしひろ,50,立憲,NA,新,0,1,0,0,116273,46.24
神奈川,14,神奈川14区,赤間 二郎,あかま じろう,赤間,二郎,あかま,じろう,53,自民,公明,前,4,1,1,0,135197,53.76
神奈川,15,神奈川15区,佐々木 克己,ささき かつみ,佐々木,克己,ささき,かつみ,66,社民,NA,新,0,1,0,0,46312,17.45
神奈川,15,神奈川15区,河野 太郎,こうの たろう,河野,太郎,こうの,たろう,58,自民,公明,前,8,1,1,0,210515,79.32
神奈川,15,神奈川15区,渡辺 麻里子,わたなべ まりこ,渡辺,麻里子,わたなべ,まりこ,45,Ｎ党,NA,新,0,0,0,0,8565,3.23
神奈川,16,神奈川16区,義家 弘介,よしいえ ひろゆき,義家,弘介,よしいえ,ひろゆき,50,自民,公明,前,3,1,0,1,114396,45.4
神奈川,16,神奈川16区,後藤 祐一,ごとう ゆういち,後藤,祐一,ごとう,ゆういち,52,立憲,NA,前,4,1,1,0,137558,54.6
神奈川,17,神奈川17区,牧島 かれん,まきしま かれん,牧島,かれん,まきしま,かれん,45,自民,公明,前,3,1,1,0,131284,55.32
神奈川,17,神奈川17区,神山 洋介,かみやま ようすけ,神山,洋介,かみやま,ようすけ,46,立憲,NA,元,2,1,0,0,89837,37.85
神奈川,17,神奈川17区,山田 正,やまだ ただし,山田,正,やまだ,ただし,70,共産,NA,新,0,0,0,0,16202,6.83
神奈川,18,神奈川18区,三村 和也,みむら かずや,三村,和也,みむら,かずや,46,立憲,NA,元,1,1,0,0,90390,35.82
神奈川,18,神奈川18区,横田 光弘,よこた みつひろ,横田,光弘,よこた,みつひろ,63,維新,NA,新,0,1,0,0,41562,16.47
神奈川,18,神奈川18区,山際 大志郎,やまぎわ だいしろう,山際,大志郎,やまぎわ,だいしろう,53,自民,公明,前,5,1,1,0,120365,47.7
新潟,1,新潟1区,石崎 徹,いしざき とおる,石崎,徹,いしざき,とおる,37,維新,NA,元,3,1,0,0,18333,7.57
新潟,1,新潟1区,塚田 一郎,つかだ いちろう,塚田,一郎,つかだ,いちろう,57,自民,公明,新,0,1,0,1,96591,39.87
新潟,1,新潟1区,西村 智奈美,にしむら ちなみ,西村,智奈美,にしむら,ちなみ,54,立憲,NA,前,5,1,1,0,127365,52.57
新潟,2,新潟2区,高倉 栄,たかくら さかえ,高倉,栄,たかくら,さかえ,50,国民,NA,新,0,1,0,0,37157,21.11
新潟,2,新潟2区,細田 健一,ほそだ けんいち,細田,健一,ほそだ,けんいち,57,自民,公明,前,3,1,1,0,105426,59.91
新潟,2,新潟2区,平 あや子,たいら あやこ,平,あや子,たいら,あやこ,41,共産,NA,新,0,1,0,0,33399,18.98
新潟,3,新潟3区,黒岩 宇洋,くろいわ たかひろ,黒岩,宇洋,くろいわ,たかひろ,55,立憲,NA,前,3,1,0,0,88744,46.39
新潟,3,新潟3区,斎藤 洋明,さいとう ひろあき,斎藤,洋明,さいとう,ひろあき,44,自民,公明,前,3,1,1,0,102564,53.61
新潟,4,新潟4区,菊田 真紀子,きくた まきこ,菊田,真紀子,きくた,まきこ,52,立憲,NA,前,6,1,1,0,97494,50.06
新潟,4,新潟4区,国定 勇人,くにさだ いさと,国定,勇人,くにさだ,いさと,49,自民,公明,新,0,1,0,1,97256,49.94
新潟,5,新潟5区,米山 隆一,よねやま りゅういち,米山,隆一,よねやま,りゅういち,54,無所,社民,新,0,0,1,0,79447,44.96
新潟,5,新潟5区,森 民夫,もり たみお,森,民夫,もり,たみお,72,無所,NA,新,0,0,0,0,36422,20.61
新潟,5,新潟5区,泉田 裕彦,いずみだ ひろひこ,泉田,裕彦,いずみだ,ひろひこ,59,自民,公明,前,1,1,0,1,60837,34.43
新潟,6,新潟6区,梅谷 守,うめたに まもる,梅谷,守,うめたに,まもる,47,立憲,NA,新,0,1,1,0,90679,49.57
新潟,6,新潟6区,高鳥 修一,たかとり しゅういち,高鳥,修一,たかとり,しゅういち,61,自民,公明,前,4,1,0,1,90549,49.5
新潟,6,新潟6区,神鳥 古賛,かんどり こさん,神鳥,古賛,かんどり,こさん,53,無所,NA,新,0,0,0,0,1711,0.94
富山,1,富山1区,青山 了介,あおやま りょうすけ,青山,了介,あおやま,りょうすけ,46,共産,NA,新,0,0,0,0,6800,4.91
富山,1,富山1区,西尾 政英,にしお まさえい,西尾,政英,にしお,まさえい,60,立憲,NA,新,0,1,0,0,14563,10.52
富山,1,富山1区,田畑 裕明,たばた ひろあき,田畑,裕明,たばた,ひろあき,48,自民,公明,前,3,1,1,0,71696,51.78
富山,1,富山1区,吉田 豊史,よしだ とよふみ,吉田,豊史,よしだ,とよふみ,51,維新,NA,元,1,1,0,1,45411,32.79
富山,2,富山2区,上田 英俊,うえだ えいしゅん,上田,英俊,うえだ,えいしゅん,56,自民,公明,新,0,1,1,0,89341,68.41
富山,2,富山2区,越川 康晴,こしかわ やすはる,越川,康晴,こしかわ,やすはる,57,立憲,NA,新,0,1,0,0,41252,31.59
富山,3,富山3区,橘 慶一郎,たちばな けいいちろう,橘,慶一郎,たちばな,けいいちろう,60,自民,公明,前,4,1,1,0,161818,78.54
富山,3,富山3区,坂本 洋史,さかもと ひろし,坂本,洋史,さかもと,ひろし,51,共産,NA,新,0,0,0,0,44214,21.46
石川,1,石川1区,小林 誠,こばやし まこと,小林,誠,こばやし,まこと,44,維新,NA,新,0,1,0,0,45663,23.86
石川,1,石川1区,荒井 淳志,あらい あつし,荒井,淳志,あらい,あつし,27,立憲,NA,新,0,1,0,0,48491,25.33
石川,1,石川1区,小森 卓郎,こもり たくお,小森,卓郎,こもり,たくお,51,自民,公明,新,0,1,1,0,88321,46.14
石川,1,石川1区,亀田 良典,かめだ りょうすけ,亀田,良典,かめだ,りょうすけ,72,共産,NA,新,0,0,0,0,8930,4.67
石川,2,石川2区,坂本 浩,さかもと ひろし,坂本,浩,さかもと,ひろし,57,共産,NA,新,0,0,0,0,27049,15.48
石川,2,石川2区,佐々木 紀,ささき はじめ,佐々木,紀,ささき,はじめ,47,自民,公明,前,3,1,1,0,137032,78.43
石川,2,石川2区,山本 保彦,やまもと やすひこ,山本,保彦,やまもと,やすひこ,68,無所,NA,新,0,0,0,0,10632,6.09
石川,3,石川3区,倉知 昭一,くらち しょういち,倉知,昭一,くらち,しょういち,85,無所,NA,新,0,0,0,0,1588,1
石川,3,石川3区,西田 昭二,にしだ しょうじ,西田,昭二,にしだ,しょうじ,52,自民,公明,前,1,1,1,0,80692,50.74
石川,3,石川3区,近藤 和也,こんどう かずや,近藤,和也,こんどう,かずや,47,立憲,NA,前,2,1,0,1,76747,48.26
福井,1,福井1区,野田 富久,のだ とみひさ,野田,富久,のだ,とみひさ,74,立憲,NA,新,0,1,0,0,71845,34.54
福井,1,福井1区,稲田 朋美,いなだ ともみ,稲田,朋美,いなだ,ともみ,62,自民,公明,前,5,1,1,0,136171,65.46
福井,2,福井2区,高木 毅,たかぎ つよし,高木,毅,たかぎ,つよし,65,自民,公明,前,7,1,1,0,81705,53.86
福井,2,福井2区,斉木 武志,さいき たけし,斉木,武志,さいき,たけし,47,立憲,NA,前,2,1,0,0,69984,46.14
山梨,1,山梨1区,中谷 真一,なかたに しんいち,中谷,真一,なかたに,しんいち,45,自民,公明,前,3,1,1,0,125325,50.46
山梨,1,山梨1区,中島 克仁,なかじま かつひと,中島,克仁,なかじま,かつひと,54,立憲,NA,前,3,1,0,1,118223,47.6
山梨,1,山梨1区,辺見 信介,へんみ のぶゆき,辺見,信介,へんみ,のぶゆき,57,Ｎ党,NA,新,0,0,0,0,4826,1.94
山梨,2,山梨2区,市来 伴子,いちき ともこ,市来,伴子,いちき,ともこ,44,立憲,NA,新,0,1,0,0,44441,27.69
山梨,2,山梨2区,大久保 令子,おおくぼ れいこ,大久保,令子,おおくぼ,れいこ,71,共産,NA,新,0,0,0,0,7027,4.38
山梨,2,山梨2区,堀内 詔子,ほりうち のりこ,堀内,詔子,ほりうち,のりこ,56,自民,公明,前,3,1,1,0,109036,67.93
長野,1,長野1区,篠原 孝,しのはら たかし,篠原,孝,しのはら,たかし,73,立憲,NA,前,6,1,0,1,121962,48.71
長野,1,長野1区,若林 健太,わかばやし けんた,若林,健太,わかばやし,けんた,57,自民,公明,新,0,1,1,0,128423,51.29
長野,2,長野2区,手塚 大輔,てづか だいすけ,手塚,大輔,てづか,だいすけ,38,維新,NA,新,0,1,0,0,43026,20.16
長野,2,長野2区,下条 みつ,しもじょう みつ,下条,みつ,しもじょう,みつ,65,立憲,NA,前,4,1,1,0,101391,47.52
長野,2,長野2区,務台 俊介,むたい しゅんすけ,務台,俊介,むたい,しゅんすけ,65,自民,公明,前,3,1,0,1,68958,32.32
長野,3,長野3区,神津 健,こうづ たけし,神津,健,こうづ,たけし,44,立憲,NA,新,0,1,0,1,109179,46.87
長野,3,長野3区,井出 庸生,いで ようせい,井出,庸生,いで,ようせい,43,自民,公明,前,3,1,1,0,120023,51.53
長野,3,長野3区,池 高生,いけ たかお,池,高生,いけ,たかお,53,Ｎ党,NA,新,0,1,0,0,3722,1.6
長野,4,長野4区,長瀬 由希子,ながせ ゆきこ,長瀬,由希子,ながせ,ゆきこ,53,共産,NA,新,0,0,0,0,51922,37.39
長野,4,長野4区,後藤 茂之,ごとう しげゆき,後藤,茂之,ごとう,しげゆき,65,自民,公明,前,6,1,1,0,86962,62.61
長野,5,長野5区,宮下 一郎,みやした いちろう,宮下,一郎,みやした,いちろう,63,自民,公明,前,5,1,1,0,97730,54.86
長野,5,長野5区,曽我 逸郎,そが いつろう,曽我,逸郎,そが,いつろう,65,立憲,れいわ,新,0,1,0,0,80408,45.14
岐阜,1,岐阜1区,土田 正光,つちだ まさみつ,土田,正光,つちだ,まさみつ,77,諸派,NA,新,0,0,0,0,3698,2.23
岐阜,1,岐阜1区,川本 慧佑,かわもと けいすけ,川本,慧佑,かわもと,けいすけ,30,立憲,NA,新,0,1,0,0,48629,29.3
岐阜,1,岐阜1区,野田 聖子,のだ せいこ,野田,聖子,のだ,せいこ,61,自民,公明,前,9,1,1,0,103805,62.54
岐阜,1,岐阜1区,山越 徹,やまこし とおる,山越,徹,やまこし,とおる,51,共産,NA,新,0,0,0,0,9846,5.93
岐阜,2,岐阜2区,三尾 圭司,みお けいじ,三尾,圭司,みお,けいじ,45,共産,NA,新,0,0,0,0,16374,9.91
岐阜,2,岐阜2区,大谷 由里子,おおたに ゆりこ,大谷,由里子,おおたに,ゆりこ,58,国民,NA,新,0,1,0,0,40179,24.31
岐阜,2,岐阜2区,棚橋 泰文,たなはし やすふみ,棚橋,泰文,たなはし,やすふみ,58,自民,公明,前,8,1,1,0,108755,65.79
岐阜,3,岐阜3区,阪口 直人,さかぐち なおと,阪口,直人,さかぐち,なおと,58,立憲,NA,元,2,1,0,0,93616,41.43
岐阜,3,岐阜3区,武藤 容治,むとう ようじ,武藤,容治,むとう,ようじ,66,自民,公明,前,4,1,1,0,132357,58.57
岐阜,4,岐阜4区,金子 俊平,かねこ しゅんぺい,金子,俊平,かねこ,しゅんぺい,43,自民,公明,前,1,1,1,0,110844,51.23
岐阜,4,岐阜4区,今井 雅人,いまい まさと,今井,雅人,いまい,まさと,59,立憲,NA,前,4,1,0,0,91354,42.22
岐阜,4,岐阜4区,佐伯 哲也,さえき てつや,佐伯,哲也,さえき,てつや,51,維新,NA,新,0,1,0,0,14171,6.55
岐阜,5,岐阜5区,古屋 圭司,ふるや けいじ,古屋,圭司,ふるや,けいじ,69,自民,公明,前,10,1,1,0,82140,48.49
岐阜,5,岐阜5区,今井 瑠々,いまい るる,今井,瑠々,いまい,るる,25,立憲,NA,新,0,1,0,0,68615,40.5
岐阜,5,岐阜5区,山田 良司,やまだ りょうじ,山田,良司,やまだ,りょうじ,61,維新,NA,元,1,1,0,0,9921,5.86
岐阜,5,岐阜5区,小関 祥子,おぜき しょうこ,小関,祥子,おぜき,しょうこ,68,共産,NA,新,0,0,0,0,8736,5.16
静岡,1,静岡1区,高橋 美穂,たかはし みほ,高橋,美穂,たかはし,みほ,56,国民,NA,元,1,1,0,0,21074,10.83
静岡,1,静岡1区,青山 雅幸,あおやま まさゆき,青山,雅幸,あおやま,まさゆき,59,維新,NA,前,1,1,0,0,17667,9.08
静岡,1,静岡1区,上川 陽子,かみかわ ようこ,上川,陽子,かみかわ,ようこ,68,自民,公明,前,6,1,1,0,101868,52.35
静岡,1,静岡1区,遠藤 行洋,えんどう ゆきひろ,遠藤,行洋,えんどう,ゆきひろ,59,立憲,NA,新,0,1,0,0,53974,27.74
静岡,2,静岡2区,山口 祐樹,やまぐち ゆうき,山口,祐樹,やまぐち,ゆうき,31,共産,NA,新,0,0,0,0,12396,5.78
静岡,2,静岡2区,井林 辰憲,いばやし たつのり,井林,辰憲,いばやし,たつのり,45,自民,公明,前,3,1,1,0,131082,61.11
静岡,2,静岡2区,福村 隆,ふくむら たかし,福村,隆,ふくむら,たかし,58,立憲,NA,新,0,1,0,0,71032,33.11
静岡,3,静岡3区,小山 展弘,こやま のぶひろ,小山,展弘,こやま,のぶひろ,45,立憲,NA,元,2,1,1,0,112464,52.74
静岡,3,静岡3区,宮沢 博行,みやざわ ひろゆき,宮沢,博行,みやざわ,ひろゆき,46,自民,公明,前,3,1,0,1,100775,47.26
静岡,4,静岡4区,深沢 陽一,ふかざわ よういち,深沢,陽一,ふかざわ,よういち,45,自民,公明,前,1,1,1,0,84154,53.3
静岡,4,静岡4区,田中 健,たなか けん,田中,健,たなか,けん,44,国民,NA,新,0,1,0,1,49305,31.23
静岡,4,静岡4区,中村 憲一,なかむら けんいち,中村,憲一,なかむら,けんいち,47,維新,NA,新,0,1,0,0,24441,15.48
静岡,5,静岡5区,細野 豪志,ほその ごうし,細野,豪志,ほその,ごうし,50,無所,NA,前,7,0,1,0,127580,51.81
静岡,5,静岡5区,小野 範和,おの のりかず,小野,範和,おの,のりかず,48,立憲,NA,新,0,1,0,0,51965,21.1
静岡,5,静岡5区,吉川 赳,よしかわ たける,吉川,赳,よしかわ,たける,39,自民,NA,前,2,1,0,1,61337,24.91
静岡,5,静岡5区,千田 光,ちだ ひかる,千田,光,ちだ,ひかる,43,諸派,NA,新,0,0,0,0,5350,2.17
静岡,6,静岡6区,勝俣 孝明,かつまた たかあき,勝俣,孝明,かつまた,たかあき,45,自民,公明,前,3,1,1,0,104178,46.09
静岡,6,静岡6区,山下 洸棋,やました こうき,山下,洸棋,やました,こうき,30,維新,NA,新,0,1,0,0,22086,9.77
静岡,6,静岡6区,渡辺 周,わたなべ しゅう,渡辺,周,わたなべ,しゅう,59,立憲,NA,前,8,1,0,1,99758,44.14
静岡,7,静岡7区,日吉 雄太,ひよし ゆうた,日吉,雄太,ひよし,ゆうた,53,立憲,NA,前,1,1,0,0,60726,31.84
静岡,7,静岡7区,城内 実,きうち みのる,城内,実,きうち,みのる,56,自民,公明,前,5,1,1,0,130024,68.16
静岡,8,静岡8区,源馬 謙太郎,げんま けんたろう,源馬,謙太郎,げんま,けんたろう,48,立憲,NA,前,1,1,1,0,114210,55.82
静岡,8,静岡8区,塩谷 立,しおのや りゅう,塩谷,立,しおのや,りゅう,71,自民,公明,前,9,1,0,1,90408,44.18
愛知,1,愛知1区,熊田 裕通,くまだ ひろみち,熊田,裕通,くまだ,ひろみち,57,自民,公明,前,3,1,1,0,94107,48.81
愛知,1,愛知1区,門田 節代,かどた せつよ,門田,節代,かどた,せつよ,54,Ｎ党,NA,新,0,0,0,0,6988,3.62
愛知,1,愛知1区,吉田 統彦,よしだ つねひこ,吉田,統彦,よしだ,つねひこ,46,立憲,NA,前,2,1,0,1,91707,47.57
愛知,2,愛知2区,古川 元久,ふるかわ もとひさ,古川,元久,ふるかわ,もとひさ,55,国民,NA,前,8,1,1,0,131397,62.33
愛知,2,愛知2区,中川 貴元,なかがわ たかもと,中川,貴元,なかがわ,たかもと,54,自民,公明,新,0,1,0,1,79418,37.67
愛知,3,愛知3区,池田 佳隆,いけだ よしたか,池田,佳隆,いけだ,よしたか,55,自民,公明,前,3,1,0,1,99489,45.04
愛知,3,愛知3区,近藤 昭一,こんどう しょういち,近藤,昭一,こんどう,しょういち,63,立憲,NA,前,8,1,1,0,121400,54.96
愛知,4,愛知4区,工藤 彰三,くどう しょうぞう,工藤,彰三,くどう,しょうぞう,56,自民,公明,前,3,1,1,0,78004,43.72
愛知,4,愛知4区,中田 千代,なかた ちよ,中田,千代,なかた,ちよ,54,維新,NA,新,0,1,0,0,27640,15.49
愛知,4,愛知4区,牧 義夫,まき よしお,牧,義夫,まき,よしお,63,立憲,NA,前,6,1,0,1,72786,40.79
愛知,5,愛知5区,岬 麻紀,みさき まき,岬,麻紀,みさき,まき,52,維新,NA,新,0,1,0,1,45540,22.23
愛知,5,愛知5区,西川 厚志,にしかわ あつし,西川,厚志,にしかわ,あつし,52,立憲,NA,新,0,1,0,0,74995,36.61
愛知,5,愛知5区,神田 憲次,かんだ けんじ,神田,憲次,かんだ,けんじ,58,自民,公明,前,3,1,1,0,84320,41.16
愛知,6,愛知6区,内田 謙,うちだ けん,内田,謙,うちだ,けん,71,共産,NA,新,0,0,0,0,20299,8.7
愛知,6,愛知6区,松田 功,まつだ いさお,松田,功,まつだ,いさお,53,立憲,NA,前,1,1,0,0,76912,32.96
愛知,6,愛知6区,丹羽 秀樹,にわ ひでき,丹羽,秀樹,にわ,ひでき,48,自民,公明,前,5,1,1,0,136168,58.35
愛知,7,愛知7区,須山 初美,すやま はつみ,須山,初美,すやま,はつみ,43,共産,NA,新,0,0,0,0,30956,11.7
愛知,7,愛知7区,森本 和義,もりもと かずよし,森本,和義,もりもと,かずよし,55,立憲,NA,元,1,1,0,0,88914,33.6
愛知,7,愛知7区,鈴木 淳司,すずき じゅんじ,鈴木,淳司,すずき,じゅんじ,63,自民,公明,前,5,1,1,0,144725,54.7
愛知,8,愛知8区,伴野 豊,ばんの ゆたか,伴野,豊,ばんの,ゆたか,60,立憲,NA,元,5,1,0,1,120649,49.78
愛知,8,愛知8区,伊藤 忠彦,いとう ただひこ,伊藤,忠彦,いとう,ただひこ,57,自民,公明,前,4,1,1,0,121714,50.22
愛知,9,愛知9区,長坂 康正,ながさか やすまさ,長坂,康正,ながさか,やすまさ,64,自民,公明,前,3,1,1,0,120213,52.74
愛知,9,愛知9区,岡本 充功,おかもと みつのり,岡本,充功,おかもと,みつのり,50,立憲,NA,前,5,1,0,0,107722,47.26
愛知,10,愛知10区,江崎 鉄磨,えさき てつま,江崎,鉄磨,えさき,てつま,78,自民,公明,前,7,0,1,0,81107,35.01
愛知,10,愛知10区,安井 美沙子,やすい みさこ,安井,美沙子,やすい,みさこ,56,れい,NA,新,0,1,0,0,20989,9.06
愛知,10,愛知10区,藤原 規真,ふじわら のりまさ,藤原,規真,ふじわら,のりまさ,43,立憲,NA,新,0,1,0,0,53375,23.04
愛知,10,愛知10区,板倉 正文,いたくら まさふみ,板倉,正文,いたくら,まさふみ,63,共産,NA,新,0,0,0,0,13605,5.87
愛知,10,愛知10区,杉本 和巳,すぎもと かずみ,杉本,和巳,すぎもと,かずみ,61,維新,NA,前,3,1,0,1,62601,27.02
愛知,11,愛知11区,八木 哲也,やぎ てつや,八木,哲也,やぎ,てつや,74,自民,NA,前,3,0,1,0,158018,69.07
愛知,11,愛知11区,本多 信弘,ほんだ のぶひろ,本多,信弘,ほんだ,のぶひろ,45,共産,NA,新,0,0,0,0,36788,16.08
愛知,11,愛知11区,梅村 忠司,うめむら ただし,梅村,忠司,うめむら,ただし,65,無所,NA,新,0,0,0,0,33990,14.86
愛知,12,愛知12区,重徳 和彦,しげとく かずひこ,重徳,和彦,しげとく,かずひこ,50,立憲,NA,前,3,1,1,0,142536,52.67
愛知,12,愛知12区,青山 周平,あおやま しゅうへい,青山,周平,あおやま,しゅうへい,44,自民,公明,前,3,1,0,1,128083,47.33
愛知,13,愛知13区,石井 拓,いしい たく,石井,拓,いしい,たく,56,自民,公明,新,0,1,0,1,120203,47.28
愛知,13,愛知13区,大西 健介,おおにし けんすけ,大西,健介,おおにし,けんすけ,50,立憲,NA,前,4,1,1,0,134033,52.72
愛知,14,愛知14区,田中 克典,たなか かつのり,田中,克典,たなか,かつのり,47,立憲,NA,新,0,1,0,0,59462,32.8
愛知,14,愛知14区,今枝 宗一郎,いまえだ そういちろう,今枝,宗一郎,いまえだ,そういちろう,37,自民,公明,前,3,1,1,0,114160,62.96
愛知,14,愛知14区,野沢 康幸,のざわ やすゆき,野沢,康幸,のざわ,やすゆき,33,共産,NA,新,0,0,0,0,7689,4.24
愛知,15,愛知15区,菅谷 竜,すがや りゅう,菅谷,竜,すがや,りゅう,40,れい,NA,新,0,1,0,0,13832,6.96
愛知,15,愛知15区,関 健一郎,せき けんいちろう,関,健一郎,せき,けんいちろう,43,立憲,NA,前,1,1,0,0,80776,40.63
愛知,15,愛知15区,根本 幸典,ねもと ゆきのり,根本,幸典,ねもと,ゆきのり,56,自民,公明,前,3,1,1,0,104204,52.41
三重,1,三重1区,松田 直久,まつだ なおひさ,松田,直久,まつだ,なおひさ,67,立憲,NA,元,1,1,0,0,64507,33.15
三重,1,三重1区,田村 憲久,たむら のりひさ,田村,憲久,たむら,のりひさ,56,自民,公明,前,8,1,1,0,122772,63.09
三重,1,三重1区,山田 いずみ,やまだ いずみ,山田,いずみ,やまだ,いずみ,35,Ｎ党,NA,新,0,1,0,0,7329,3.77
三重,2,三重2区,中川 正春,なかがわ まさはる,中川,正春,なかがわ,まさはる,71,立憲,NA,前,8,1,0,1,109165,49.77
三重,2,三重2区,川崎 秀人,かわさき ひでと,川崎,秀人,かわさき,ひでと,39,自民,公明,新,0,1,1,0,110155,50.23
三重,3,三重3区,岡田 克也,おかだ かつや,岡田,克也,おかだ,かつや,68,立憲,NA,前,10,0,1,0,144688,64.05
三重,3,三重3区,石原 正敬,いしはら まさたか,石原,正敬,いしはら,まさたか,49,自民,公明,新,0,1,0,1,81209,35.95
三重,4,三重4区,中川 民英,なかがわ たみひで,中川,民英,なかがわ,たみひで,54,共産,NA,新,0,0,0,0,7882,4.43
三重,4,三重4区,坊農 秀治,ぼうの しゅうじ,坊農,秀治,ぼうの,しゅうじ,49,立憲,NA,新,0,1,0,0,41311,23.22
三重,4,三重4区,鈴木 英敬,すずき えいけい,鈴木,英敬,すずき,えいけい,47,自民,公明,新,0,1,1,0,128753,72.36
滋賀,1,滋賀1区,斎藤 アレックス,さいとう あれっくす,斎藤,アレックス,さいとう,あれっくす,36,国民,NA,新,0,1,0,1,84106,45.05
滋賀,1,滋賀1区,大岡 敏孝,おおおか としたか,大岡,敏孝,おおおか,としたか,49,自民,公明,前,3,1,1,0,97482,52.22
滋賀,1,滋賀1区,日高 千穂,ひだか ちほ,日高,千穂,ひだか,ちほ,42,Ｎ党,NA,新,0,1,0,0,5092,2.73
滋賀,2,滋賀2区,上野 賢一郎,うえの けんいちろう,上野,賢一郎,うえの,けんいちろう,56,自民,公明,前,4,1,1,0,83502,56.57
滋賀,2,滋賀2区,田島 一成,たじま いっせい,田島,一成,たじま,いっせい,59,立憲,NA,元,4,1,0,0,64119,43.43
滋賀,3,滋賀3区,高井 崇志,たかい たかし,高井,崇志,たかい,たかし,52,れい,NA,前,3,1,0,0,11227,7.24
滋賀,3,滋賀3区,佐藤 耕平,さとう こうへい,佐藤,耕平,さとう,こうへい,39,共産,NA,新,0,0,0,0,20423,13.17
滋賀,3,滋賀3区,武村 展英,たけむら のぶひで,武村,展英,たけむら,のぶひで,49,自民,公明,前,3,1,1,0,81888,52.79
滋賀,3,滋賀3区,直山 仁,なおやま ひとし,直山,仁,なおやま,ひとし,49,維新,NA,新,0,1,0,0,41593,26.81
滋賀,4,滋賀4区,徳永 久志,とくなが ひさし,徳永,久志,とくなが,ひさし,58,立憲,NA,新,0,1,0,1,72116,45.39
滋賀,4,滋賀4区,小寺 裕雄,こてら ひろお,小寺,裕雄,こてら,ひろお,61,自民,公明,前,1,1,1,0,86762,54.61
京都,1,京都1区,穀田 恵二,こくた けいじ,穀田,恵二,こくた,けいじ,74,共産,NA,前,9,1,0,1,65201,30.55
京都,1,京都1区,堀場 幸子,ほりば さちこ,堀場,幸子,ほりば,さちこ,42,維新,NA,新,0,1,0,1,62007,29.05
京都,1,京都1区,勝目 康,かつめ やすし,勝目,康,かつめ,やすし,47,自民,公明,新,0,1,1,0,86238,40.4
京都,2,京都2区,繁本 護,しげもと まもる,繁本,護,しげもと,まもる,48,自民,公明,前,1,1,0,0,43291,29.19
京都,2,京都2区,前原 誠司,まえはら せいじ,前原,誠司,まえはら,せいじ,59,国民,NA,前,9,1,1,0,72516,48.89
京都,2,京都2区,地坂 拓晃,ちさか たくあき,地坂,拓晃,ちさか,たくあき,48,共産,NA,新,0,0,0,0,25260,17.03
京都,2,京都2区,中 辰哉,なか たつや,中,辰哉,なか,たつや,45,れい,NA,新,0,1,0,0,7263,4.9
京都,3,京都3区,井上 博明,いのうえ ひろあき,井上,博明,いのうえ,ひろあき,64,維新,NA,新,0,1,0,0,34288,18.51
京都,3,京都3区,木村 弥生,きむら やよい,木村,弥生,きむら,やよい,56,自民,公明,前,2,1,0,0,61674,33.3
京都,3,京都3区,泉 健太,いずみ けんた,泉,健太,いずみ,けんた,47,立憲,NA,前,7,1,1,0,89259,48.19
京都,4,京都4区,吉田 幸一,よしだ こういち,吉田,幸一,よしだ,こういち,47,共産,NA,新,0,0,0,0,40603,18.66
京都,4,京都4区,北神 圭朗,きたがみ けいろう,北神,圭朗,きたがみ,けいろう,54,無所,NA,元,3,0,1,0,96172,44.21
京都,4,京都4区,田中 英之,たなか ひでゆき,田中,英之,たなか,ひでゆき,51,自民,公明,前,3,1,0,1,80775,37.13
京都,5,京都5区,山本 和嘉子,やまもと わかこ,山本,和嘉子,やまもと,わかこ,53,立憲,NA,前,1,1,0,0,32108,23.09
京都,5,京都5区,山内 健,やまうち けん,山内,健,やまうち,けん,53,共産,NA,新,0,0,0,0,16375,11.77
京都,5,京都5区,井上 一徳,いのうえ かずのり,井上,一徳,いのうえ,かずのり,59,無所,NA,前,1,0,0,0,21904,15.75
京都,5,京都5区,本田 太郎,ほんだ たろう,本田,太郎,ほんだ,たろう,47,自民,公明,前,1,1,1,0,68693,49.39
京都,6,京都6区,中嶋 秀樹,なかじま ひでき,中嶋,秀樹,なかじま,ひでき,50,維新,NA,新,0,1,0,0,58487,22.79
京都,6,京都6区,山井 和則,やまのい かずのり,山井,和則,やまのい,かずのり,59,立憲,NA,前,7,1,1,0,116111,45.25
京都,6,京都6区,清水 鴻一郎,しみず こういちろう,清水,鴻一郎,しみず,こういちろう,75,自民,公明,元,2,0,0,0,82004,31.96
大阪,1,大阪1区,大西 宏幸,おおにし ひろゆき,大西,宏幸,おおにし,ひろゆき,54,自民,公明,前,2,1,0,0,67145,30.12
大阪,1,大阪1区,井上 英孝,いのうえ ひでたか,井上,英孝,いのうえ,ひでたか,50,維新,NA,前,3,1,1,0,110120,49.4
大阪,1,大阪1区,村上 賀厚,むらかみ のりあつ,村上,賀厚,むらかみ,のりあつ,62,立憲,NA,新,0,1,0,0,28477,12.77
大阪,1,大阪1区,竹内 祥倫,たけうち よしのり,竹内,祥倫,たけうち,よしのり,39,共産,NA,新,0,0,0,0,17194,7.71
大阪,2,大阪2区,尾辻 かな子,おつじ かなこ,尾辻,かな子,おつじ,かなこ,46,立憲,NA,前,1,1,0,0,47487,19.05
大阪,2,大阪2区,左藤 章,さとう あきら,左藤,章,さとう,あきら,70,自民,公明,前,5,1,0,0,80937,32.46
大阪,2,大阪2区,守島 正,もりしま ただし,守島,正,もりしま,ただし,40,維新,NA,新,0,1,1,0,120913,48.49
大阪,3,大阪3区,萩原 仁,はぎはら ひとし,萩原,仁,はぎはら,ひとし,54,立憲,NA,元,1,1,0,0,41737,23.44
大阪,3,大阪3区,中条 栄太郎,ちゅうじょう えいたろう,中条,栄太郎,ちゅうじょう,えいたろう,52,無所,NA,新,0,0,0,0,18637,10.47
大阪,3,大阪3区,佐藤 茂樹,さとう しげき,佐藤,茂樹,さとう,しげき,62,公明,自民,前,9,0,1,0,79507,44.65
大阪,3,大阪3区,渡部 結,わたなべ ゆい,渡部,結,わたなべ,ゆい,40,共産,NA,新,0,0,0,0,38170,21.44
大阪,4,大阪4区,清水 忠史,しみず ただし,清水,忠史,しみず,ただし,53,共産,NA,前,2,1,0,0,24469,10.5
大阪,4,大阪4区,美延 映夫,みのべ てるお,美延,映夫,みのべ,てるお,60,維新,NA,前,1,1,1,0,107585,46.15
大阪,4,大阪4区,吉田 治,よしだ おさむ,吉田,治,よしだ,おさむ,59,立憲,NA,元,4,1,0,0,28254,12.12
大阪,4,大阪4区,中山 泰秀,なかやま やすひで,中山,泰秀,なかやま,やすひで,51,自民,公明,前,5,1,0,0,72835,31.24
大阪,5,大阪5区,籠池 諄子,かごいけ じゅんこ,籠池,諄子,かごいけ,じゅんこ,64,無所,NA,新,0,0,0,0,11458,5.72
大阪,5,大阪5区,大石 晃子,おおいし あきこ,大石,晃子,おおいし,あきこ,44,れい,NA,新,0,1,0,1,34202,17.07
大阪,5,大阪5区,宮本 岳志,みやもと たけし,宮本,岳志,みやもと,たけし,61,共産,NA,元,4,1,0,1,48248,24.07
大阪,5,大阪5区,国重 徹,くにしげ とおる,国重,徹,くにしげ,とおる,46,公明,自民,前,3,0,1,0,106508,53.14
大阪,6,大阪6区,伊佐 進一,いさ しんいち,伊佐,進一,いさ,しんいち,46,公明,自民,前,3,0,1,0,106878,54.82
大阪,6,大阪6区,村上 史好,むらかみ ふみよし,村上,史好,むらかみ,ふみよし,69,立憲,れいわ,前,3,1,0,0,59191,30.36
大阪,6,大阪6区,星 健太郎,ほし けんたろう,星,健太郎,ほし,けんたろう,41,無所,NA,新,0,0,0,0,28895,14.82
大阪,7,大阪7区,奥下 剛光,おくした たけみつ,奥下,剛光,おくした,たけみつ,46,維新,NA,新,0,1,1,0,102486,45.34
大阪,7,大阪7区,渡嘉敷 奈緒美,とかしき なおみ,渡嘉敷,奈緒美,とかしき,なおみ,59,自民,公明,前,4,1,0,0,71592,31.67
大阪,7,大阪7区,川添 健真,かわそえ たつま,川添,健真,かわそえ,たつま,39,共産,NA,新,0,0,0,0,20083,8.88
大阪,7,大阪7区,乃木 涼介,のぎ りょうすけ,乃木,涼介,のぎ,りょうすけ,57,立憲,NA,新,0,1,0,0,24952,11.04
大阪,7,大阪7区,西川 弘城,にしかわ ひろき,西川,弘城,にしかわ,ひろき,56,れい,NA,新,0,1,0,0,6927,3.06
大阪,8,大阪8区,高麗 啓一郎,こうらい けいいちろう,高麗,啓一郎,こうらい,けいいちろう,41,自民,公明,新,0,1,0,0,53877,27.29
大阪,8,大阪8区,漆間 譲司,うるま じょうじ,漆間,譲司,うるま,じょうじ,47,維新,NA,新,0,1,1,0,105073,53.23
大阪,8,大阪8区,松井 博史,まつい ひろふみ,松井,博史,まつい,ひろふみ,53,立憲,NA,新,0,1,0,0,38458,19.48
大阪,9,大阪9区,原田 憲治,はらだ けんじ,原田,憲治,はらだ,けんじ,73,自民,公明,前,4,0,0,0,83776,31.68
大阪,9,大阪9区,大椿 裕子,おおつばき ゆうこ,大椿,裕子,おおつばき,ゆうこ,48,社民,れいわ,新,0,1,0,0,42165,15.94
大阪,9,大阪9区,足立 康史,あだち やすし,足立,康史,あだち,やすし,56,維新,NA,前,3,1,1,0,133146,50.35
大阪,9,大阪9区,磯部 和哉,いそべ かずや,磯部,和哉,いそべ,かずや,49,無所,NA,新,0,0,0,0,5369,2.03
大阪,10,大阪10区,辻元 清美,つじもと きよみ,辻元,清美,つじもと,きよみ,61,立憲,NA,前,7,1,0,0,66943,33.35
大阪,10,大阪10区,池下 卓,いけした たく,池下,卓,いけした,たく,46,維新,NA,新,0,1,1,0,80932,40.32
大阪,10,大阪10区,大隈 和英,おおくま かずひで,大隈,和英,おおくま,かずひで,52,自民,公明,前,2,1,0,0,52843,26.33
大阪,11,大阪11区,中司 宏,なかつか ひろし,中司,宏,なかつか,ひろし,65,維新,NA,新,0,1,1,0,105746,44.69
大阪,11,大阪11区,佐藤 ゆかり,さとう ゆかり,佐藤,ゆかり,さとう,ゆかり,60,自民,公明,前,3,1,0,0,70568,29.83
大阪,11,大阪11区,平野 博文,ひらの ひろふみ,平野,博文,ひらの,ひろふみ,72,立憲,NA,前,7,1,0,0,60281,25.48
大阪,12,大阪12区,北川 晋平,きたかわ しんぺい,北川,晋平,きたかわ,しんぺい,34,自民,公明,新,0,1,0,0,59304,32.29
大阪,12,大阪12区,藤田 文武,ふじた ふみたけ,藤田,文武,ふじた,ふみたけ,40,維新,NA,前,1,1,1,0,94003,51.19
大阪,12,大阪12区,松尾 正利,まつお まさのり,松尾,正利,まつお,まさのり,62,共産,NA,新,0,0,0,0,12614,6.87
大阪,12,大阪12区,宇都宮 優子,うつのみや ゆうこ,宇都宮,優子,うつのみや,ゆうこ,45,立憲,NA,新,0,1,0,0,17730,9.65
大阪,13,大阪13区,宗清 皇一,むねきよ こういち,宗清,皇一,むねきよ,こういち,51,自民,公明,前,2,1,0,1,85321,40.6
大阪,13,大阪13区,神野 淳一,かみの じゅんいち,神野,淳一,かみの,じゅんいち,45,共産,NA,新,0,0,0,0,22982,10.94
大阪,13,大阪13区,岩谷 良平,いわたに りょうへい,岩谷,良平,いわたに,りょうへい,41,維新,NA,新,0,1,1,0,101857,48.47
大阪,14,大阪14区,青柳 仁士,あおやぎ ひとし,青柳,仁士,あおやぎ,ひとし,42,維新,NA,新,0,1,1,0,126307,55.67
大阪,14,大阪14区,長尾 敬,ながお たかし,長尾,敬,ながお,たかし,58,自民,NA,前,3,1,0,0,70029,30.87
大阪,14,大阪14区,小松 久,こまつ ひさし,小松,久,こまつ,ひさし,64,共産,NA,新,0,0,0,0,30547,13.46
大阪,15,大阪15区,加納 陽之助,かのう ようのすけ,加納,陽之助,かのう,ようのすけ,41,自民,公明,新,0,1,0,0,67887,31.97
大阪,15,大阪15区,浦野 靖人,うらの やすと,浦野,靖人,うらの,やすと,48,維新,NA,前,3,1,1,0,114861,54.1
大阪,15,大阪15区,為 仁史,ため きみひと,為,仁史,ため,きみひと,72,共産,NA,新,0,0,0,0,29570,13.93
大阪,16,大阪16区,森山 浩行,もりやま ひろゆき,森山,浩行,もりやま,ひろゆき,50,立憲,NA,前,2,1,0,1,72571,43.61
大阪,16,大阪16区,北側 一雄,きたがわ かずお,北側,一雄,きたがわ,かずお,68,公明,自民,前,9,0,1,0,84563,50.81
大阪,16,大阪16区,西脇 京子,にしわき きょうこ,西脇,京子,にしわき,きょうこ,49,Ｎ党,NA,新,0,0,0,0,9288,5.58
大阪,17,大阪17区,森 流星,もり りゅうせい,森,流星,もり,りゅうせい,38,共産,NA,新,0,0,0,0,25660,14.57
大阪,17,大阪17区,馬場 伸幸,ばば のぶゆき,馬場,伸幸,ばば,のぶゆき,56,維新,NA,前,3,1,1,0,94398,53.6
大阪,17,大阪17区,岡下 昌平,おかした しょうへい,岡下,昌平,おかした,しょうへい,46,自民,公明,前,2,1,0,0,56061,31.83
大阪,18,大阪18区,遠藤 敬,えんどう たかし,遠藤,敬,えんどう,たかし,53,維新,NA,前,3,1,1,0,118421,52.97
大阪,18,大阪18区,神谷 昇,かみたに のぼる,神谷,昇,かみたに,のぼる,72,自民,公明,前,2,1,0,0,61597,27.55
大阪,18,大阪18区,川戸 康嗣,かわと やすし,川戸,康嗣,かわと,やすし,46,立憲,NA,新,0,1,0,0,24490,10.95
大阪,18,大阪18区,望月 亮佑,もちづき りょうすけ,望月,亮佑,もちづき,りょうすけ,29,共産,NA,新,0,0,0,0,19075,8.53
大阪,19,大阪19区,北村 みき,きたむら みき,北村,みき,きたむら,みき,55,共産,NA,新,0,0,0,0,9258,5.72
大阪,19,大阪19区,谷川 とむ,たにがわ とむ,谷川,とむ,たにがわ,とむ,45,自民,公明,前,2,1,0,1,52052,32.19
大阪,19,大阪19区,伊東 信久,いとう のぶひさ,伊東,信久,いとう,のぶひさ,57,維新,NA,元,2,1,1,0,68209,42.18
大阪,19,大阪19区,長安 豊,ながやす たかし,長安,豊,ながやす,たかし,53,立憲,NA,元,3,1,0,0,32193,19.91
兵庫,1,兵庫1区,木原 功仁哉,きはら くにや,木原,功仁哉,きはら,くにや,37,無所,NA,新,0,0,0,0,7174,3.37
兵庫,1,兵庫1区,高橋 進吾,たかはし しんご,高橋,進吾,たかはし,しんご,53,無所,NA,新,0,0,0,0,9922,4.65
兵庫,1,兵庫1区,井坂 信彦,いさか のぶひこ,井坂,信彦,いさか,のぶひこ,47,立憲,NA,元,2,1,1,0,78657,36.9
兵庫,1,兵庫1区,一谷 勇一郎,いちたに ゆういちろう,一谷,勇一郎,いちたに,ゆういちろう,46,維新,NA,新,0,1,0,1,53211,24.96
兵庫,1,兵庫1区,盛山 正仁,もりやま まさひと,盛山,正仁,もりやま,まさひと,67,自民,公明,前,4,1,0,1,64202,30.12
兵庫,2,兵庫2区,舩川 治郎,ふなかわ じろう,舩川,治郎,ふなかわ,じろう,54,立憲,NA,新,0,1,0,0,61884,33.73
兵庫,2,兵庫2区,赤羽 一嘉,あかば かずよし,赤羽,一嘉,あかば,かずよし,63,公明,自民,前,8,0,1,0,99455,54.21
兵庫,2,兵庫2区,宮野 鶴生,みやの つるお,宮野,鶴生,みやの,つるお,64,共産,NA,新,0,0,0,0,22124,12.06
兵庫,3,兵庫3区,和田 有一朗,わだ ゆういちろう,和田,有一朗,わだ,ゆういちろう,57,維新,NA,新,0,1,0,1,59537,35.35
兵庫,3,兵庫3区,佐藤 泰樹,さとう やすき,佐藤,泰樹,さとう,やすき,50,国民,NA,新,0,1,0,0,22765,13.52
兵庫,3,兵庫3区,関 芳弘,せき よしひろ,関,芳弘,せき,よしひろ,56,自民,公明,前,4,1,1,0,68957,40.94
兵庫,3,兵庫3区,赤田 勝紀,あかだ かつのり,赤田,勝紀,あかだ,かつのり,54,共産,NA,新,0,0,0,0,17155,10.19
兵庫,4,兵庫4区,今泉 真緒,いまいずみ まお,今泉,真緒,いまいずみ,まお,42,立憲,NA,新,0,1,0,0,53476,23.72
兵庫,4,兵庫4区,赤木 正幸,あかぎ まさゆき,赤木,正幸,あかぎ,まさゆき,46,維新,NA,新,0,1,0,1,59143,26.24
兵庫,4,兵庫4区,藤井 比早之,ふじい ひさゆき,藤井,比早之,ふじい,ひさゆき,50,自民,公明,前,3,1,1,0,112810,50.04
兵庫,5,兵庫5区,遠藤 良太,えんどう りょうた,遠藤,良太,えんどう,りょうた,36,維新,NA,新,0,1,0,1,65714,29.5
兵庫,5,兵庫5区,梶原 康弘,かじわら やすひろ,梶原,康弘,かじわら,やすひろ,65,立憲,NA,元,2,1,0,0,62414,28.02
兵庫,5,兵庫5区,谷 公一,たに こういち,谷,公一,たに,こういち,69,自民,公明,前,6,1,1,0,94656,42.49
兵庫,6,兵庫6区,桜井 周,さくらい しゅう,桜井,周,さくらい,しゅう,51,立憲,NA,前,1,1,0,1,77347,30.4
兵庫,6,兵庫6区,大串 正樹,おおぐし まさき,大串,正樹,おおぐし,まさき,55,自民,公明,前,3,1,0,1,87502,34.39
兵庫,6,兵庫6区,市村 浩一郎,いちむら こういちろう,市村,浩一郎,いちむら,こういちろう,57,維新,NA,元,3,1,1,0,89571,35.21
兵庫,7,兵庫7区,安田 真理,やすだ まり,安田,真理,やすだ,まり,43,立憲,NA,新,0,1,0,0,64817,25.56
兵庫,7,兵庫7区,山田 賢司,やまだ けんじ,山田,賢司,やまだ,けんじ,55,自民,NA,前,3,1,1,0,95140,37.52
兵庫,7,兵庫7区,三木 圭恵,みき けえ,三木,圭恵,みき,けえ,55,維新,NA,元,1,1,0,1,93610,36.92
兵庫,8,兵庫8区,辻 恵,つじ めぐむ,辻,恵,つじ,めぐむ,73,れい,NA,元,2,1,0,0,24880,14.58
兵庫,8,兵庫8区,小村 潤,こむら じゅん,小村,潤,こむら,じゅん,46,共産,NA,新,0,1,0,0,45403,26.61
兵庫,8,兵庫8区,中野 洋昌,なかの ひろまさ,中野,洋昌,なかの,ひろまさ,43,公明,自民,前,3,0,1,0,100313,58.8
兵庫,9,兵庫9区,西村 康稔,にしむら やすとし,西村,康稔,にしむら,やすとし,59,自民,公明,前,6,1,1,0,141973,76.27
兵庫,9,兵庫9区,福原 由加利,ふくはら ゆかり,福原,由加利,ふくはら,ゆかり,34,共産,NA,新,0,0,0,0,44172,23.73
兵庫,10,兵庫10区,掘井 健智,ほりい けんじ,掘井,健智,ほりい,けんじ,54,維新,NA,新,0,1,0,1,57874,32.94
兵庫,10,兵庫10区,隠樹 圭子,おき けいこ,隠樹,圭子,おき,けいこ,50,立憲,NA,新,0,1,0,0,38786,22.07
兵庫,10,兵庫10区,渡海 紀三朗,とかい きさぶろう,渡海,紀三朗,とかい,きさぶろう,73,自民,公明,前,9,0,1,0,79061,44.99
兵庫,11,兵庫11区,住吉 寛紀,すみよし ひろき,住吉,寛紀,すみよし,ひろき,36,維新,NA,新,0,1,0,1,78082,41.27
兵庫,11,兵庫11区,松本 剛明,まつもと たけあき,松本,剛明,まつもと,たけあき,62,自民,公明,前,7,1,1,0,92761,49.03
兵庫,11,兵庫11区,太田 清幸,おおた きよゆき,太田,清幸,おおた,きよゆき,66,共産,NA,新,0,0,0,0,18363,9.71
兵庫,12,兵庫12区,池畑 浩太朗,いけはた こうたろう,池畑,浩太朗,いけはた,こうたろう,47,維新,NA,新,0,1,0,1,49736,30.33
兵庫,12,兵庫12区,山口 壮,やまぐち つよし,山口,壮,やまぐち,つよし,67,自民,公明,前,6,1,1,0,91099,55.56
兵庫,12,兵庫12区,酒井 孝典,さかい たかのり,酒井,孝典,さかい,たかのり,61,立憲,NA,新,0,1,0,0,23137,14.11
奈良,1,奈良1区,馬淵 澄夫,まぶち すみお,馬淵,澄夫,まぶち,すみお,61,立憲,NA,前,6,1,1,0,93050,38.97
奈良,1,奈良1区,小林 茂樹,こばやし しげき,小林,茂樹,こばやし,しげき,57,自民,公明,前,2,1,0,1,83718,35.06
奈良,1,奈良1区,前川 清成,まえかわ きよしげ,前川,清成,まえかわ,きよしげ,58,維新,NA,新,0,1,0,1,62000,25.97
奈良,2,奈良2区,高市 早苗,たかいち さなえ,高市,早苗,たかいち,さなえ,60,自民,公明,前,8,1,1,0,141858,64.64
奈良,2,奈良2区,猪奥 美里,いおく みさと,猪奥,美里,いおく,みさと,41,立憲,NA,新,0,1,0,0,54326,24.75
奈良,2,奈良2区,宮本 次郎,みやもと じろう,宮本,次郎,みやもと,じろう,46,共産,NA,新,0,0,0,0,23285,10.61
奈良,3,奈良3区,西川 正克,にしかわ まさかつ,西川,正克,にしかわ,まさかつ,63,共産,NA,新,0,0,0,0,34334,18.23
奈良,3,奈良3区,田野瀬 太道,たのせ たいどう,田野瀬,太道,たのせ,たいどう,47,無所,NA,前,3,0,1,0,114553,60.81
奈良,3,奈良3区,高見 省次,たかみ しょうじ,高見,省次,たかみ,しょうじ,61,無所,NA,新,0,0,0,0,32669,17.34
奈良,3,奈良3区,加藤 孝,かとう たかし,加藤,孝,かとう,たかし,43,Ｎ党,NA,新,0,0,0,0,6824,3.62
和歌山,1,和歌山1区,岸本 周平,きしもと しゅうへい,岸本,周平,きしもと,しゅうへい,65,国民,NA,前,4,1,1,0,103676,62.73
和歌山,1,和歌山1区,門 博文,かど ひろふみ,門,博文,かど,ひろふみ,56,自民,公明,前,3,1,0,0,61608,37.27
和歌山,2,和歌山2区,遠西 愛美,とおにし まなみ,遠西,愛美,とおにし,まなみ,37,Ｎ党,NA,新,0,0,0,0,2700,1.96
和歌山,2,和歌山2区,石田 真敏,いしだ まさとし,石田,真敏,いしだ,まさとし,69,自民,公明,前,7,1,1,0,79365,57.74
和歌山,2,和歌山2区,藤井 幹雄,ふじい みきお,藤井,幹雄,ふじい,みきお,60,立憲,NA,新,0,1,0,0,35654,25.94
和歌山,2,和歌山2区,所 順子,ところ じゅんこ,所,順子,ところ,じゅんこ,72,維新,NA,新,0,1,0,0,19735,14.36
和歌山,3,和歌山3区,本間 奈々,ほんま なな,本間,奈々,ほんま,なな,52,諸派,NA,新,0,0,0,0,19034,12.83
和歌山,3,和歌山3区,二階 俊博,にかい としひろ,二階,俊博,にかい,としひろ,82,自民,公明,前,12,0,1,0,102834,69.34
和歌山,3,和歌山3区,畑野 良弘,はたの よしひろ,畑野,良弘,はたの,よしひろ,61,共産,NA,新,0,0,0,0,20692,13.95
和歌山,3,和歌山3区,根来 英樹,ねごろ ひでき,根来,英樹,ねごろ,ひでき,51,無所,NA,新,0,0,0,0,5745,3.87
鳥取,1,鳥取1区,石破 茂,いしば しげる,石破,茂,いしば,しげる,64,自民,公明,前,11,1,1,0,105441,84.07
鳥取,1,鳥取1区,岡田 正和,おかだ まさかず,岡田,正和,おかだ,まさかず,39,共産,NA,新,0,0,0,0,19985,15.93
鳥取,2,鳥取2区,赤沢 亮正,あかざわ りょうせい,赤沢,亮正,あかざわ,りょうせい,60,自民,公明,前,5,1,1,0,75005,53.98
鳥取,2,鳥取2区,湯原 俊二,ゆはら しゅんじ,湯原,俊二,ゆはら,しゅんじ,58,立憲,NA,元,1,1,0,1,63947,46.02
島根,1,島根1区,亀井 亜紀子,かめい あきこ,亀井,亜紀子,かめい,あきこ,56,立憲,NA,前,1,1,0,0,66847,41.31
島根,1,島根1区,細田 博之,ほそだ ひろゆき,細田,博之,ほそだ,ひろゆき,77,自民,公明,前,10,0,1,0,90638,56.02
島根,1,島根1区,亀井 彰子,かめい あきこ,亀井,彰子,かめい,あきこ,64,無所,NA,新,0,0,0,0,4318,2.67
島根,2,島根2区,向瀬 慎一,むこせ しんいち,向瀬,慎一,むこせ,しんいち,50,共産,NA,新,0,0,0,0,14361,8.13
島根,2,島根2区,山本 誉,やまもと ほまる,山本,誉,やまもと,ほまる,64,立憲,NA,新,0,1,0,0,52016,29.44
島根,2,島根2区,高見 康裕,たかみ やすひろ,高見,康裕,たかみ,やすひろ,41,自民,公明,新,0,1,1,0,110327,62.44
岡山,1,岡山1区,逢沢 一郎,あいさわ いちろう,逢沢,一郎,あいさわ,いちろう,67,自民,公明,前,11,1,1,0,90939,54.97
岡山,1,岡山1区,余江 雪央,よえ ゆきお,余江,雪央,よえ,ゆきお,44,共産,NA,新,0,0,0,0,8990,5.43
岡山,1,岡山1区,原田 謙介,はらだ けんすけ,原田,謙介,はらだ,けんすけ,35,立憲,NA,新,0,1,0,0,65499,39.59
岡山,2,岡山2区,山下 貴司,やました たかし,山下,貴司,やました,たかし,56,自民,公明,前,3,1,1,0,80903,56.39
岡山,2,岡山2区,津村 啓介,つむら けいすけ,津村,啓介,つむら,けいすけ,50,立憲,NA,前,6,1,0,0,62555,43.61
岡山,3,岡山3区,阿部 俊子,あべ としこ,阿部,俊子,あべ,としこ,62,自民,公明,前,5,1,0,1,54930,35.52
岡山,3,岡山3区,平沼 正二郎,ひらぬま しょうじろう,平沼,正二郎,ひらぬま,しょうじろう,41,無所,NA,新,0,0,1,0,68631,44.38
岡山,3,岡山3区,森本 栄,もりもと さかえ,森本,栄,もりもと,さかえ,73,立憲,NA,新,0,1,0,0,23316,15.08
岡山,3,岡山3区,尾崎 宏子,おざき ひろこ,尾崎,宏子,おざき,ひろこ,65,共産,NA,新,0,0,0,0,7760,5.02
岡山,4,岡山4区,橋本 岳,はしもと がく,橋本,岳,はしもと,がく,47,自民,公明,前,4,1,1,0,89052,49.73
岡山,4,岡山4区,柚木 道義,ゆのき みちよし,柚木,道義,ゆのき,みちよし,49,立憲,NA,前,5,1,0,1,83859,46.83
岡山,4,岡山4区,中川 智晴,なかがわ ともはる,中川,智晴,なかがわ,ともはる,63,無所,NA,新,0,0,0,0,6146,3.43
岡山,5,岡山5区,加藤 勝信,かとう かつのぶ,加藤,勝信,かとう,かつのぶ,65,自民,公明,前,6,1,1,0,102139,72.61
岡山,5,岡山5区,美見 芳明,みいみ よしあき,美見,芳明,みいみ,よしあき,64,共産,NA,新,0,0,0,0,7067,5.02
岡山,5,岡山5区,はた ともこ,はた ともこ,はた,ともこ,はた,ともこ,55,立憲,NA,新,0,1,0,0,31467,22.37
広島,1,広島1区,上出 圭一,かみで けいいち,上出,圭一,かみで,けいいち,65,諸派,NA,新,0,0,0,0,1630,0.98
広島,1,広島1区,岸田 文雄,きしだ ふみお,岸田,文雄,きしだ,ふみお,64,自民,公明,前,9,0,1,0,133704,80.67
広島,1,広島1区,大西 理,おおにし おさむ,大西,理,おおにし,おさむ,55,共産,NA,新,0,0,0,0,14508,8.75
広島,1,広島1区,有田 優子,ありた ゆうこ,有田,優子,ありた,ゆうこ,51,社民,NA,新,0,1,0,0,15904,9.6
広島,2,広島2区,平口 洋,ひらぐち ひろし,平口,洋,ひらぐち,ひろし,73,自民,公明,前,4,0,1,0,133126,65.24
広島,2,広島2区,大井 赤亥,おおい あかい,大井,赤亥,おおい,あかい,40,立憲,NA,新,0,1,0,0,70939,34.76
広島,3,広島3区,大山 宏,おおやま ひろし,大山,宏,おおやま,ひろし,73,無所,NA,新,0,0,0,0,3559,2
広島,3,広島3区,矢島 秀平,やじま しゅうへい,矢島,秀平,やじま,しゅうへい,29,Ｎ党,NA,新,0,1,0,0,2789,1.57
広島,3,広島3区,斉藤 鉄夫,さいとう てつお,斉藤,鉄夫,さいとう,てつお,69,公明,自民,前,9,0,1,0,97844,55.07
広島,3,広島3区,玉田 憲勲,たまだ のりたか,玉田,憲勲,たまだ,のりたか,64,無所,NA,新,0,0,0,0,2251,1.27
広島,3,広島3区,ライアン 真由美,らいあん まゆみ,ライアン,真由美,らいあん,まゆみ,58,立憲,NA,新,0,1,0,0,53143,29.91
広島,3,広島3区,瀬木 寛親,せぎ ひろちか,瀬木,寛親,せぎ,ひろちか,57,維新,NA,新,0,1,0,0,18088,10.18
広島,4,広島4区,空本 誠喜,そらもと せいき,空本,誠喜,そらもと,せいき,57,維新,NA,元,1,1,0,1,28966,17.88
広島,4,広島4区,新谷 正義,しんたに まさよし,新谷,正義,しんたに,まさよし,46,自民,公明,前,3,1,1,0,78253,48.3
広島,4,広島4区,中川 俊直,なかがわ としなお,中川,俊直,なかがわ,としなお,51,無所,NA,元,2,0,0,0,21112,13.03
広島,4,広島4区,上野 寛治,うえの かんじ,上野,寛治,うえの,かんじ,39,立憲,NA,新,0,1,0,0,33681,20.79
広島,5,広島5区,野村 功次郎,のむら こうじろう,野村,功次郎,のむら,こうじろう,51,立憲,NA,新,0,1,0,0,41788,32.34
広島,5,広島5区,寺田 稔,てらだ みのる,寺田,稔,てらだ,みのる,63,自民,公明,前,5,1,1,0,87434,67.66
広島,6,広島6区,佐藤 公治,さとう こうじ,佐藤,公治,さとう,こうじ,62,立憲,NA,前,3,1,1,0,83796,51.42
広島,6,広島6区,小島 敏文,こじま としふみ,小島,敏文,こじま,としふみ,71,自民,公明,前,3,1,0,1,79158,48.58
広島,7,広島7区,佐藤 広典,さとう ひろのり,佐藤,広典,さとう,ひろのり,45,立憲,NA,新,0,1,0,0,45520,24.51
広島,7,広島7区,橋本 加代,はしもと かよ,橋本,加代,はしもと,かよ,48,無所,NA,新,0,0,0,0,5207,2.8
広島,7,広島7区,村井 明美,むらい あけみ,村井,明美,むらい,あけみ,73,共産,NA,新,0,0,0,0,11580,6.24
広島,7,広島7区,小林 史明,こばやし ふみあき,小林,史明,こばやし,ふみあき,38,自民,公明,前,3,1,1,0,123396,66.45
山口,1,山口1区,大内 一也,おおうち かずや,大内,一也,おおうち,かずや,48,立憲,NA,新,0,1,0,0,50684,29.89
山口,1,山口1区,高村 正大,こうむら まさひろ,高村,正大,こうむら,まさひろ,50,自民,公明,前,1,1,1,0,118882,70.11
山口,2,山口2区,松田 一志,まつだ かずし,松田,一志,まつだ,かずし,64,共産,NA,新,0,0,0,0,32936,23.06
山口,2,山口2区,岸 信夫,きし のぶお,岸,信夫,きし,のぶお,62,自民,公明,前,3,1,1,0,109914,76.94
山口,3,山口3区,坂本 史子,さかもと ふみこ,坂本,史子,さかもと,ふみこ,66,立憲,NA,新,0,1,0,0,29073,23.06
山口,3,山口3区,林 芳正,はやし よしまさ,林,芳正,はやし,よしまさ,60,自民,公明,新,0,1,1,0,96983,76.94
山口,4,山口4区,安倍 晋三,あべ しんぞう,安倍,晋三,あべ,しんぞう,67,自民,公明,前,9,1,1,0,80448,69.72
山口,4,山口4区,竹村 克司,たけむら かつし,竹村,克司,たけむら,かつし,49,れい,NA,新,0,1,0,0,19096,16.55
山口,4,山口4区,大野 頼子,おおの よりこ,大野,頼子,おおの,よりこ,47,無所,NA,新,0,0,0,0,15836,13.73
徳島,1,徳島1区,仁木 博文,にき ひろぶみ,仁木,博文,にき,ひろぶみ,55,無所,NA,元,1,0,1,0,99474,50.05
徳島,1,徳島1区,後藤田 正純,ごとうだ まさずみ,後藤田,正純,ごとうだ,まさずみ,52,自民,NA,前,7,1,0,1,77398,38.94
徳島,1,徳島1区,吉田 知代,よしだ ともよ,吉田,知代,よしだ,ともよ,46,維新,NA,新,0,1,0,1,20065,10.1
徳島,1,徳島1区,佐藤 行俊,さとう ゆきとし,佐藤,行俊,さとう,ゆきとし,73,無所,NA,新,0,0,0,0,1808,0.91
徳島,2,徳島2区,中野 真由美,なかの まゆみ,中野,真由美,なかの,まゆみ,50,立憲,NA,新,0,1,0,0,43473,33.65
徳島,2,徳島2区,久保 孝之,くぼ たかゆき,久保,孝之,くぼ,たかゆき,58,共産,NA,新,0,0,0,0,8851,6.85
徳島,2,徳島2区,山口 俊一,やまぐち しゅんいち,山口,俊一,やまぐち,しゅんいち,71,自民,公明,前,10,1,1,0,76879,59.5
香川,1,香川1区,小川 淳也,おがわ じゅんや,小川,淳也,おがわ,じゅんや,50,立憲,NA,前,5,1,1,0,90267,51
香川,1,香川1区,町川 順子,まちかわ じゅんこ,町川,順子,まちかわ,じゅんこ,62,維新,NA,新,0,1,0,0,15888,8.98
香川,1,香川1区,平井 卓也,ひらい たくや,平井,卓也,ひらい,たくや,63,自民,公明,前,7,1,0,1,70827,40.02
香川,2,香川2区,玉木 雄一郎,たまき ゆういちろう,玉木,雄一郎,たまき,ゆういちろう,52,国民,NA,前,4,1,1,0,94530,63.5
香川,2,香川2区,瀬戸 隆一,せと たかかず,瀬戸,隆一,せと,たかかず,56,自民,公明,元,2,1,0,0,54334,36.5
香川,3,香川3区,大野 敬太郎,おおの けいたろう,大野,敬太郎,おおの,けいたろう,53,自民,公明,前,3,1,1,0,94437,79.78
香川,3,香川3区,尾崎 淳一郎,おざき じゅんいちろう,尾崎,淳一郎,おざき,じゅんいちろう,70,共産,NA,新,0,0,0,0,23937,20.22
愛媛,1,愛媛1区,友近 聡朗,ともちか としろう,友近,聡朗,ともちか,としろう,46,立憲,NA,新,0,1,0,0,77091,39.19
愛媛,1,愛媛1区,塩崎 彰久,しおざき あきひさ,塩崎,彰久,しおざき,あきひさ,45,自民,公明,新,0,1,1,0,119633,60.81
愛媛,2,愛媛2区,石井 智恵,いしい ともえ,石井,智恵,いしい,ともえ,53,国民,NA,新,0,1,0,0,42520,33.55
愛媛,2,愛媛2区,片岡 朗,かたおか ろう,片岡,朗,かたおか,ろう,62,共産,NA,新,0,0,0,0,11358,8.96
愛媛,2,愛媛2区,村上 誠一郎,むらかみ せいいちろう,村上,誠一郎,むらかみ,せいいちろう,69,自民,公明,前,11,1,1,0,72861,57.49
愛媛,3,愛媛3区,白石 洋一,しらいし よういち,白石,洋一,しらいし,よういち,58,立憲,NA,前,2,1,0,1,71600,48.42
愛媛,3,愛媛3区,井原 巧,いはら たくみ,井原,巧,いはら,たくみ,57,自民,公明,新,0,1,1,0,76263,51.58
愛媛,4,愛媛4区,長谷川 淳二,はせがわ じゅんじ,長谷川,淳二,はせがわ,じゅんじ,53,自民,公明,新,0,1,1,0,81015,56.59
愛媛,4,愛媛4区,西井 直人,にしい なおひと,西井,直人,にしい,なおひと,64,共産,NA,新,0,0,0,0,11555,8.07
愛媛,4,愛媛4区,桜内 文城,さくらうち ふみき,桜内,文城,さくらうち,ふみき,56,無所,NA,元,1,0,0,0,47717,33.33
愛媛,4,愛媛4区,前田 龍夫,まえだ たつお,前田,龍夫,まえだ,たつお,67,無所,NA,新,0,0,0,0,1319,0.92
愛媛,4,愛媛4区,藤島 利久,ふじしま としひさ,藤島,利久,ふじしま,としひさ,59,無所,NA,新,0,0,0,0,1547,1.08
高知,1,高知1区,武内 則男,たけうち のりお,武内,則男,たけうち,のりお,63,立憲,NA,前,1,1,0,0,50033,30.7
高知,1,高知1区,中島 康治,なかじま やすはる,中島,康治,なかじま,やすはる,42,Ｎ党,NA,新,0,1,0,0,4081,2.5
高知,1,高知1区,川田 永二,かわだ えいじ,川田,永二,かわだ,えいじ,86,無所,NA,新,0,0,0,0,4036,2.48
高知,1,高知1区,中谷 元,なかたに げん,中谷,元,なかたに,げん,64,自民,公明,前,10,1,1,0,104837,64.32
高知,2,高知2区,尾崎 正直,おざき まさなお,尾崎,正直,おざき,まさなお,54,自民,公明,新,0,1,1,0,117810,67.24
高知,2,高知2区,広田 晋一郎,ひろた しんいちろう,広田,晋一郎,ひろた,しんいちろう,52,Ｎ党,NA,新,0,0,0,0,2171,1.24
高知,2,高知2区,広田 一,ひろた はじめ,広田,一,ひろた,はじめ,53,立憲,NA,前,1,1,0,0,55214,31.52
福岡,1,福岡1区,木村 拓史,きむら たくじ,木村,拓史,きむら,たくじ,35,共産,NA,新,0,0,0,0,18487,8.83
福岡,1,福岡1区,坪田 晋,つぼた すすむ,坪田,晋,つぼた,すすむ,37,立憲,NA,新,0,1,0,0,53755,25.69
福岡,1,福岡1区,山本 剛正,やまもと ごうせい,山本,剛正,やまもと,ごうせい,49,維新,NA,元,1,1,0,1,37604,17.97
福岡,1,福岡1区,井上 貴博,いのうえ たかひろ,井上,貴博,いのうえ,たかひろ,59,自民,公明,前,3,1,1,0,99430,47.51
福岡,2,福岡2区,新開 崇司,しんかい たかし,新開,崇司,しんかい,たかし,50,維新,NA,新,0,1,0,0,27302,11.47
福岡,2,福岡2区,鬼木 誠,おにき まこと,鬼木,誠,おにき,まこと,49,自民,公明,前,3,1,1,0,109382,45.97
福岡,2,福岡2区,稲富 修二,いなとみ しゅうじ,稲富,修二,いなとみ,しゅうじ,51,立憲,NA,前,2,1,0,1,101258,42.56
福岡,3,福岡3区,古賀 篤,こが あつし,古賀,篤,こが,あつし,49,自民,NA,前,3,1,1,0,135031,57.87
福岡,3,福岡3区,山内 康一,やまうち こういち,山内,康一,やまうち,こういち,48,立憲,NA,前,4,1,0,0,98304,42.13
福岡,4,福岡4区,竹内 信昭,たけうち のぶあき,竹内,信昭,たけうち,のぶあき,68,社民,NA,新,0,1,0,0,11338,5.84
福岡,4,福岡4区,宮内 秀樹,みやうち ひでき,宮内,秀樹,みやうち,ひでき,59,自民,公明,前,3,1,1,0,96023,49.42
福岡,4,福岡4区,森本 慎太郎,もりもと しんたろう,森本,慎太郎,もりもと,しんたろう,43,立憲,NA,新,0,1,0,0,49935,25.7
福岡,4,福岡4区,阿部 弘樹,あべ ひろき,阿部,弘樹,あべ,ひろき,59,維新,NA,新,0,1,0,1,36998,19.04
福岡,5,福岡5区,堤 かなめ,つつみ かなめ,堤,かなめ,つつみ,かなめ,61,立憲,NA,新,0,1,1,0,125315,53.09
福岡,5,福岡5区,原田 義昭,はらだ よしあき,原田,義昭,はらだ,よしあき,77,自民,NA,前,8,0,0,0,110706,46.91
福岡,6,福岡6区,鳩山 二郎,はとやま じろう,鳩山,二郎,はとやま,じろう,42,自民,公明,前,2,1,1,0,125366,67.45
福岡,6,福岡6区,河野 一弘,かわの かずひろ,河野,一弘,かわの,かずひろ,49,共産,NA,新,0,0,0,0,12565,6.76
福岡,6,福岡6区,田辺 徹,たなべ とおる,田辺,徹,たなべ,とおる,60,立憲,NA,新,0,1,0,0,38578,20.75
福岡,6,福岡6区,組坂 善昭,くみさか よしあき,組坂,善昭,くみさか,よしあき,74,無所,NA,新,0,0,0,0,5612,3.02
福岡,6,福岡6区,熊丸 英治,くままる えいじ,熊丸,英治,くままる,えいじ,52,Ｎ党,NA,新,0,0,0,0,3753,2.02
福岡,7,福岡7区,藤丸 敏,ふじまる さとし,藤丸,敏,ふじまる,さとし,61,自民,公明,前,3,1,1,0,92233,62.3
福岡,7,福岡7区,青木 剛志,あおき つよし,青木,剛志,あおき,つよし,50,立憲,NA,新,0,1,0,0,55820,37.7
福岡,8,福岡8区,河野 祥子,かわの しょうこ,河野,祥子,かわの,しょうこ,41,共産,NA,新,0,0,0,0,38083,21.64
福岡,8,福岡8区,麻生 太郎,あそう たろう,麻生,太郎,あそう,たろう,81,自民,NA,前,13,0,1,0,104924,59.63
福岡,8,福岡8区,大島 九州男,おおしま くすお,大島,九州男,おおしま,くすお,60,れい,NA,新,0,1,0,0,32964,18.73
福岡,9,福岡9区,真島 省三,まじま しょうぞう,真島,省三,まじま,しょうぞう,58,共産,NA,元,1,1,0,0,22273,11.7
福岡,9,福岡9区,三原 朝彦,みはら あさひこ,三原,朝彦,みはら,あさひこ,74,自民,公明,前,8,0,0,0,76481,40.18
福岡,9,福岡9区,緒方 林太郎,おがた りんたろう,緒方,林太郎,おがた,りんたろう,48,無所,NA,元,2,0,1,0,91591,48.12
福岡,10,福岡10区,城井 崇,きい たかし,城井,崇,きい,たかし,48,立憲,NA,前,3,1,1,0,85361,44.48
福岡,10,福岡10区,西田 主税,にしだ ちから,西田,主税,にしだ,ちから,59,維新,NA,新,0,1,0,0,21829,11.37
福岡,10,福岡10区,山本 幸三,やまもと こうぞう,山本,幸三,やまもと,こうぞう,73,自民,公明,前,8,0,0,0,81882,42.67
福岡,10,福岡10区,大西 啓雅,おおにし ひろまさ,大西,啓雅,おおにし,ひろまさ,51,無所,NA,新,0,0,0,0,2840,1.48
福岡,11,福岡11区,志岐 玲子,しき れいこ,志岐,玲子,しき,れいこ,68,社民,NA,新,0,1,0,0,19310,14.17
福岡,11,福岡11区,武田 良太,たけだ りょうた,武田,良太,たけだ,りょうた,53,自民,公明,前,6,1,1,0,75997,55.76
福岡,11,福岡11区,村上 智信,むらかみ とものぶ,村上,智信,むらかみ,とものぶ,52,無所,NA,新,0,0,0,0,40996,30.08
佐賀,1,佐賀1区,岩田 和親,いわた かずちか,岩田,和親,いわた,かずちか,48,自民,公明,前,3,1,0,1,92319,49.96
佐賀,1,佐賀1区,原口 一博,はらぐち かずひろ,原口,一博,はらぐち,かずひろ,62,立憲,NA,前,8,1,1,0,92452,50.04
佐賀,2,佐賀2区,大串 博志,おおぐし ひろし,大串,博志,おおぐし,ひろし,56,立憲,NA,前,5,1,1,0,106608,52.05
佐賀,2,佐賀2区,古川 康,ふるかわ やすし,古川,康,ふるかわ,やすし,63,自民,公明,前,2,1,0,1,98224,47.95
長崎,1,長崎1区,初村 滝一郎,はつむら たきいちろう,初村,滝一郎,はつむら,たきいちろう,42,自民,公明,新,0,1,0,0,69053,38.01
長崎,1,長崎1区,西岡 秀子,にしおか ひでこ,西岡,秀子,にしおか,ひでこ,57,国民,NA,前,1,1,1,0,101877,56.07
長崎,1,長崎1区,安江 綾子,やすえ あやこ,安江,綾子,やすえ,あやこ,44,共産,NA,新,0,0,0,0,10754,5.92
長崎,2,長崎2区,松平 浩一,まつだいら こういち,松平,浩一,まつだいら,こういち,47,立憲,NA,前,1,1,0,0,68405,41.79
長崎,2,長崎2区,加藤 竜祥,かとう りゅうしょう,加藤,竜祥,かとう,りゅうしょう,41,自民,公明,新,0,1,1,0,95271,58.21
長崎,3,長崎3区,山田 博司,やまだ ひろし,山田,博司,やまだ,ひろし,51,無所,NA,新,0,0,0,0,25566,18.17
長崎,3,長崎3区,谷川 弥一,たにがわ やいち,谷川,弥一,たにがわ,やいち,80,自民,公明,前,6,0,1,0,57223,40.66
長崎,3,長崎3区,山田 勝彦,やまだ かつひこ,山田,勝彦,やまだ,かつひこ,42,立憲,NA,新,0,1,0,1,55189,39.22
長崎,3,長崎3区,石本 啓之,いしもと ひろゆき,石本,啓之,いしもと,ひろゆき,52,諸派,NA,新,0,0,0,0,2750,1.95
長崎,4,長崎4区,末次 精一,すえつぐ せいいち,末次,精一,すえつぐ,せいいち,58,立憲,NA,新,0,1,0,1,55577,41.76
長崎,4,長崎4区,北村 誠吾,きたむら せいご,北村,誠吾,きたむら,せいご,74,自民,公明,前,7,0,1,0,55968,42.06
長崎,4,長崎4区,萩原 活,はぎわら ひろし,萩原,活,はぎわら,ひろし,61,無所,NA,新,0,0,0,0,16860,12.67
長崎,4,長崎4区,田中 隆治,たなか たかはる,田中,隆治,たなか,たかはる,78,無所,NA,新,0,0,0,0,4675,3.51
熊本,1,熊本1区,濱田 大造,はまだ だいぞう,濱田,大造,はまだ,だいぞう,51,立憲,NA,新,0,1,0,0,83842,38.96
熊本,1,熊本1区,木原 稔,きはら みのる,木原,稔,きはら,みのる,52,自民,NA,前,4,1,1,0,131371,61.04
熊本,2,熊本2区,野田 毅,のだ たけし,野田,毅,のだ,たけし,80,自民,公明,前,16,0,0,0,60091,33.03
熊本,2,熊本2区,西野 太亮,にしの だいすけ,西野,太亮,にしの,だいすけ,43,無所,NA,新,0,0,1,0,110310,60.64
熊本,2,熊本2区,橋田 芳昭,はしだ よしあき,橋田,芳昭,はしだ,よしあき,66,共産,NA,新,0,0,0,0,11521,6.33
熊本,3,熊本3区,本間 明子,ほんま あきこ,本間,明子,ほんま,あきこ,40,Ｎ党,NA,新,0,0,0,0,12909,7.34
熊本,3,熊本3区,坂本 哲志,さかもと てつし,坂本,哲志,さかもと,てつし,70,自民,公明,前,6,1,1,0,125158,71.15
熊本,3,熊本3区,馬場 功世,ばば こうせい,馬場,功世,ばば,こうせい,70,社民,NA,新,0,1,0,0,37832,21.51
熊本,4,熊本4区,金子 恭之,かねこ やすし,金子,恭之,かねこ,やすし,60,自民,公明,前,7,1,1,0,155572,68.07
熊本,4,熊本4区,矢上 雅義,やがみ まさよし,矢上,雅義,やがみ,まさよし,61,立憲,NA,前,3,1,0,0,72966,31.93
大分,1,大分1区,西宮 重貴,にしみや しげき,西宮,重貴,にしみや,しげき,43,無所,NA,新,0,0,0,0,6216,3.12
大分,1,大分1区,野中 美咲,のなか みさき,野中,美咲,のなか,みさき,25,Ｎ党,NA,新,0,0,0,0,4001,2.01
大分,1,大分1区,山下 魁,やました かい,山下,魁,やました,かい,44,共産,NA,新,0,0,0,0,15889,7.98
大分,1,大分1区,高橋 舞子,たかはし まいこ,高橋,舞子,たかはし,まいこ,33,自民,NA,新,0,1,0,0,75932,38.13
大分,1,大分1区,吉良 州司,きら しゅうじ,吉良,州司,きら,しゅうじ,63,無所,NA,前,5,0,1,0,97117,48.76
大分,2,大分2区,衛藤 征士郎,えとう せいしろう,衛藤,征士郎,えとう,せいしろう,80,自民,公明,前,12,0,1,0,79433,50.21
大分,2,大分2区,吉川 元,よしかわ はじめ,吉川,元,よしかわ,はじめ,55,立憲,NA,前,3,1,0,1,78779,49.79
大分,3,大分3区,横光 克彦,よこみつ かつひこ,横光,克彦,よこみつ,かつひこ,77,立憲,NA,前,7,1,0,0,73159,41.58
大分,3,大分3区,岩屋 毅,いわや たけし,岩屋,毅,いわや,たけし,64,自民,公明,前,8,1,1,0,102807,58.42
宮崎,1,宮崎1区,武井 俊輔,たけい しゅんすけ,武井,俊輔,たけい,しゅんすけ,46,自民,公明,前,3,1,0,1,59649,32.02
宮崎,1,宮崎1区,脇谷 のりこ,わきたに のりこ,脇谷,のりこ,わきたに,のりこ,64,無所,NA,新,0,0,0,0,43555,23.38
宮崎,1,宮崎1区,渡辺 創,わたなべ そう,渡辺,創,わたなべ,そう,44,立憲,NA,新,0,1,1,0,60719,32.6
宮崎,1,宮崎1区,外山 斎,とやま いつき,外山,斎,とやま,いつき,45,維新,NA,新,0,1,0,0,22350,12
宮崎,2,宮崎2区,江藤 拓,えとう たく,江藤,拓,えとう,たく,61,自民,公明,前,6,1,1,0,94156,62.2
宮崎,2,宮崎2区,長友 慎治,ながとも しんじ,長友,慎治,ながとも,しんじ,44,国民,NA,新,0,1,0,1,57210,37.8
宮崎,3,宮崎3区,松本 隆,まつもと たかし,松本,隆,まつもと,たかし,60,共産,NA,新,0,0,0,0,20342,14.68
宮崎,3,宮崎3区,古川 禎久,ふるかわ よしひさ,古川,禎久,ふるかわ,よしひさ,56,自民,公明,前,6,1,1,0,111845,80.73
宮崎,3,宮崎3区,重黒木 優平,じゅうくろき ゆうへい,重黒木,優平,じゅうくろき,ゆうへい,34,Ｎ党,NA,新,0,0,0,0,6347,4.58
鹿児島,1,鹿児島1区,川内 博史,かわうち ひろし,川内,博史,かわうち,ひろし,59,立憲,れいわ,前,6,1,0,0,89232,46.85
鹿児島,1,鹿児島1区,宮路 拓馬,みやじ たくま,宮路,拓馬,みやじ,たくま,41,自民,公明,前,2,1,1,0,101251,53.15
鹿児島,2,鹿児島2区,松崎 真琴,まつざき まこと,松崎,真琴,まつざき,まこと,63,共産,NA,新,0,1,0,0,21084,10.86
鹿児島,2,鹿児島2区,金子 万寿夫,かねこ ますお,金子,万寿夫,かねこ,ますお,74,自民,公明,前,3,0,0,0,80469,41.44
鹿児島,2,鹿児島2区,三反園 訓,みたぞの さとし,三反園,訓,みたぞの,さとし,63,無所,NA,新,0,0,1,0,92614,47.7
鹿児島,3,鹿児島3区,小里 泰弘,おざと やすひろ,小里,泰弘,おざと,やすひろ,63,自民,公明,前,5,1,0,1,89110,46.13
鹿児島,3,鹿児島3区,野間 健,のま たけし,野間,健,のま,たけし,63,立憲,NA,元,2,1,1,0,104053,53.87
鹿児島,4,鹿児島4区,米永 淳子,よねなが あつこ,米永,淳子,よねなが,あつこ,58,社民,NA,新,0,1,0,0,49077,26.84
鹿児島,4,鹿児島4区,宮川 直輝,みやがわ なおき,宮川,直輝,みやがわ,なおき,48,Ｎ党,NA,新,0,0,0,0,6618,3.62
鹿児島,4,鹿児島4区,森山 裕,もりやま ひろし,森山,裕,もりやま,ひろし,76,自民,公明,前,6,0,1,0,127131,69.54
沖縄,1,沖縄1区,赤嶺 政賢,あかみね せいけん,赤嶺,政賢,あかみね,せいけん,73,共産,れいわ,前,7,1,1,0,61596,42.22
沖縄,1,沖縄1区,国場 幸之助,こくば こうのすけ,国場,幸之助,こくば,こうのすけ,48,自民,公明,前,3,1,0,1,54455,37.33
沖縄,1,沖縄1区,下地 幹郎,しもじ みきお,下地,幹郎,しもじ,みきお,60,無所,NA,前,6,0,0,0,29827,20.45
沖縄,2,沖縄2区,宮崎 政久,みやざき まさひさ,宮崎,政久,みやざき,まさひさ,56,自民,公明,前,3,1,0,1,64542,40.96
沖縄,2,沖縄2区,中村 幸也,なかむら ゆきや,中村,幸也,なかむら,ゆきや,41,Ｎ党,NA,新,0,0,0,0,3053,1.94
沖縄,2,沖縄2区,新垣 邦男,あらかき くにお,新垣,邦男,あらかき,くにお,65,社民,NA,新,0,1,1,0,74665,47.39
沖縄,2,沖縄2区,山川 泰博,やまかわ やすひろ,山川,泰博,やまかわ,やすひろ,51,維新,NA,新,0,1,0,0,15296,9.71
沖縄,3,沖縄3区,屋良 朝博,やら ともひろ,屋良,朝博,やら,ともひろ,59,立憲,NA,前,1,1,0,0,80496,47.86
沖縄,3,沖縄3区,島尻 安伊子,しまじり あいこ,島尻,安伊子,しまじり,あいこ,56,自民,公明,新,0,1,1,0,87710,52.14
沖縄,4,沖縄4区,西銘 恒三郎,にしめ こうさぶろう,西銘,恒三郎,にしめ,こうさぶろう,67,自民,公明,前,5,1,1,0,87671,54.9
沖縄,4,沖縄4区,金城 徹,きんじょう とおる,金城,徹,きんじょう,とおる,68,立憲,NA,新,0,1,0,0,72031,45.1
